title,description,link,published,query
Stock futures are little changed after Wall Street posts third straight losing day: Live updates - CNBC,"<ol><li><a href=""https://news.google.com/rss/articles/CBMid0FVX3lxTE9fYmc5aklBNDFsTzFfLUh5WkxJa2NmVFJ3ZFVhWkg0ZEVGazgzMDMxVWEyd3ZXSXo4QVB1UEl2TEtGenE1d3lGRW1NbTd0aklnOUhFN3VjSzY3a1lySUM1R1dXSzY1UkFCR3lQRkFOVllMSkhDc0U00gF8QVVfeXFMTXdGR0lqMFJJMXFuWWVRR0lqbDU0aTMwYzltbTlpWVpVeHRmV1ItZUtiT0lQeDRhNzNaSy0zRVQzQmtEa094X3lkS3hBMHloOXpXNERIdkNFclJCZWotNUEtUjBBZGwyYndVb2U3Y0c1UTJrMC16VHRJYklIMQ?oc=5"" target=""_blank"">Stock futures are little changed after Wall Street posts third straight losing day: Live updates</a>&nbsp;&nbsp;<font color=""#6f6f6f"">CNBC</font></li><li><a href=""https://news.google.com/rss/articles/CBMihwFBVV95cUxPcl9Ibkp4OTFIVzB6WGMzSUlxRi11RXUtSHY5X2l4WFRPRHVNVGZ3WFNSWDgwY3MxY1NnUDN6aUxmMW5wcURwdnNlYXVrbXlFOFZRWFZPdzlhb0NTZWloWlNvQ0FDZjJlN3BKcXhZSDJUYTQ4OFB1THRQZDk2UnlxUnlWQ05zRjQ?oc=5"" target=""_blank"">Stock Market News, Sept. 1, 2026: Oil Surges After New Middle East Strikes</a>&nbsp;&nbsp;<font color=""#6f6f6f"">WSJ</font></li><li><a href=""https://news.google.com/rss/articles/CBMikAFBVV95cUxPbDhuNklCT1JnVThKOXJEZlR0bndWOFlhVW1kM2VXZzkxaGM2X2hjMWY0TEtwcmdIWjk2WnNNMm5zMUlrYU9uRk5vMGJCcmdKRy1abEQxdTNVdVUtQVd6Q3NYYUNOa2kxbHdZMGxSM1JPYWFmRXoxdTZhMHl2Y3JlTWR0THdMdy16WnpZMWlaa2Q?oc=5"" target=""_blank"">Markets News, Sept. 1, 2025: Stocks Sink to Begin September as Oil Prices, Treasury Yields Jump</a>&nbsp;&nbsp;<font color=""#6f6f6f"">Investopedia</font></li></ol>",https://news.google.com/rss/articles/CBMid0FVX3lxTE9fYmc5aklBNDFsTzFfLUh5WkxJa2NmVFJ3ZFVhWkg0ZEVGazgzMDMxVWEyd3ZXSXo4QVB1UEl2TEtGenE1d3lGRW1NbTd0aklnOUhFN3VjSzY3a1lySUM1R1dXSzY1UkFCR3lQRkFOVllMSkhDc0U00gF8QVVfeXFMTXdGR0lqMFJJMXFuWWVRR0lqbDU0aTMwYzltbTlpWVpVeHRmV1ItZUtiT0lQeDRhNzNaSy0zRVQzQmtEa094X3lkS3hBMHloOXpXNERIdkNFclJCZWotNUEtUjBBZGwyYndVb2U3Y0c1UTJrMC16VHRJYklIMQ?oc=5,"Wed, 02 Sep 2026 05:29:36 GMT",stock market
Opinion | A Broken System: Why You're Getting Almost Nothing On Your Monthly SIPs Now - ndtv.com,"<a href=""https://news.google.com/rss/articles/CBMitwFBVV95cUxOUTVjZlNxOFNZN0VvbDZwUlRmSWVSTWtMRURvbW4zNzg5alpVdUUxLUZFaWhDUVg3RG5IMF80WDFDR28xQXBOcHpPV2RLWE5CbHU0Uk8xdjMxZDItXzBSdExlVHI0ODRFTFk4djJfOVNzM1ZWSFRxY1d2R29CUVRCZnNkUTJxSmhZaTc2dmxyVy03blFhMWhZWjdPLTFGVXVjaVdRazI4UTdvcC1YWm9FWEM4Z0lYbEE?oc=5"" target=""_blank"">Opinion | A Broken System: Why You're Getting Almost Nothing On Your Monthly SIPs Now</a>&nbsp;&nbsp;<font color=""#6f6f6f"">ndtv.com</font>",https://news.google.com/rss/articles/CBMitwFBVV95cUxOUTVjZlNxOFNZN0VvbDZwUlRmSWVSTWtMRURvbW4zNzg5alpVdUUxLUZFaWhDUVg3RG5IMF80WDFDR28xQXBOcHpPV2RLWE5CbHU0Uk8xdjMxZDItXzBSdExlVHI0ODRFTFk4djJfOVNzM1ZWSFRxY1d2R29CUVRCZnNkUTJxSmhZaTc2dmxyVy03blFhMWhZWjdPLTFGVXVjaVdRazI4UTdvcC1YWm9FWEM4Z0lYbEE?oc=5,"Wed, 02 Sep 2026 07:28:47 GMT",stock market
"Stock Market Highlights, Sensex Today: Sensex, Nifty Settle Flat Amid US-Iran Tensions - ndtv.com","<ol><li><a href=""https://news.google.com/rss/articles/CBMi0gFBVV95cUxQdGtsRkF2R21ZNE9jVHZvYVIwZGZSMlNzbmVIX1BFMzM0c1NnUGRYenZudldCMDNHOVVBYUdIVnllRGxKdjZFWFpULVRQb2hTaVVRWFBIVkd4ejlVQklQUzNLbXhTUnYtb3BFNnVIamxBTmtHSUhHeHNMRU9QNW5JMS1zTDYyQmhhLXZEQ0V3RVRKR1lrMmU3QkpYSldLVk5hWXJSeWZuME1LYUFrbXpUdnJkQ1RSTk11ZzY5ZnJWQWtCbVhrWloyNGVYdlg0RUN2RXfSAdoBQVVfeXFMT3Q0YS1iZUpwSjlqU0I2NEhiMEFhdXhmNE93NUFYRFl5LXhDdE1FYTJKOXFxSEdGNnZSZGM3MzZLcWw1ampoQnRmR0FONGFEdlJVTkpURUY0bXJ2cEo1Q2t0MXVoVFowNmZCQWtEV2VqcDM4ZURXNXJpZS1TVXhmclVST3lwTUl5TmpPQnM2WGNpVHdWd3JyQzRxVndIZ3lOUWpEVFRPMjhxTFNvbzJxdjc3aTVJNlU4R3l4eVIxRUtUX3htcG1FV1Z2X3dyVmdUZDJOSmlDQUZGRGc?oc=5"" target=""_blank"">Stock Market Highlights, Sensex Today: Sensex, Nifty Settle Flat Amid US-Iran Tensions</a>&nbsp;&nbsp;<font color=""#6f6f6f"">ndtv.com</font></li><li><a href=""https://news.google.com/rss/articles/CBMixwFBVV95cUxPWjQ2MEdQTW1aNXZlSlg4amFXNjVwQUZvRDdxdnRBalEwel95Y2tMMGV1NDlkdjhDc1NqeEk3MU1HRThQWGpUbkVBM1E4RFYtb1hQeFJIS2Y2MWhOcTNTYlh5bGE2N1FWMFpHaFlGWGN6Y2lUT3RtUlJxRWRwbTN4emFLc1lRdUR0d0NOOXZTYzdvTV9YZUhGMnRlMHppQW1vM1JYbmVOZlpndjVMUmhia0E3blFGMzRrVzVVN0hlTlVaM0FoVUNZ0gHOAUFVX3lxTE9kQTNHQU8ybzU3QlBaVE9XY3draTZVZEM4enAzZExjLXpTVGNCejJ1dFI3UDdiNGtrLTNkS3FTdUxRVXZITGhVSTRGMlM5WUlUQkVqVkprU1BSQmNDTnlsRWh4WnA2Ti05aGpyb1ZhMVhMTEROZlFPMy1iOVl5V1I0MHY4cFRUX0JBVFViMExaWFhUc0FzSTAwWjJkdV9ybVV3NGxOb2VZM1B5ZXM1Nm9xSTV0aUpRWW1Henc3M1I1WmVaNlVLM1Z1N0M1Z3ln?oc=5"" target=""_blank"">Stock Market Today Highlights, September 1: Sensex ends 12 pts down, Nifty closes at 24,055 on higher crude prices; banks, autos lead losses</a>&nbsp;&nbsp;<font color=""#6f6f6f"">thehindubusinessline.com</font></li><li><a href=""https://news.google.com/rss/articles/CBMitgJBVV95cUxNbVF6TklkWVpjRFEzS2Fia2ZzTjJTbVJ6RHptTWZuTFJ2eUlHRzhiT09XdU5NalpmOGNNeE9vdk5xQmx1eWs5SDlWa0VBeXdWdXg5b24zWDZ6SF9aZzlqN1hsaGVCQUVCV3VsNXJrZUkwNERLZmJiai1xS1hzUDB5aFZQX2FPUnZRLWlEdlV3Y2Y2ZWdMMjFidlVBd1NEMlFGTFhCZEp6Q0gxckRFeVR0RnZwckxMZFhYZE1wcXh0TC1BUGhwVmMzSTd2bGtxTXRkN1g0RW54WC12S195dlN2Z09FX3BqbmxkRzdVSWJnd1Z4bldJZDR6QlZOMUR1bnhyeUVBSlNTWEMtR3pjN1ZQNFhhdElpN2gwaDc5SlFsR09heHhYUkxCNDJwaHQtZThIdlBwYkNB0gG7AkFVX3lxTE1keWFUM21fQ0p2N3pmeVRCbU43Y0VkYmFpT1dCTTRzTXdtTEtoVk9ScVc3akQ4NHVaZ0NWSWIwZXpyblVNaTQtTkQzcHRfWlFHUGFqOFhERFU3Zmc3bmxjLVBMYlNaMmpjc2M0UW1LR1hwZmNmaG95a1BTWWJReGxnRDNpaVFQWHB3NHdoMmJ6T2pjT1Z1ZmJ3aTV4UnVnNG5mRHVjS0JuSXhUSHM5YVB2Z29nOUt2VTRBVmxhMHJyYWpGMnJZQWFKM1VMX2FMVHFLdDNBUTFoTkN1NVFOeEdIOEd4aGRPclpnOXNEV3BYdy1RT1Aycl85blV0Q2ZUNnd3TTNIOFBGLWl3cDNBWjJELUtFYkVDcnBZYVRTNFctODBMRFV2THdtMWRYN3RnNlA2dnB0TlRIMWtkSQ?oc=5"" target=""_blank"">Stock Market Live Updates Today: Markets fall sharply in early trade: Sensex down 700 points, Nifty below 23,830</a>&nbsp;&nbsp;<font color=""#6f6f6f"">The Times of India</font></li></ol>",https://news.google.com/rss/articles/CBMi0gFBVV95cUxQdGtsRkF2R21ZNE9jVHZvYVIwZGZSMlNzbmVIX1BFMzM0c1NnUGRYenZudldCMDNHOVVBYUdIVnllRGxKdjZFWFpULVRQb2hTaVVRWFBIVkd4ejlVQklQUzNLbXhTUnYtb3BFNnVIamxBTmtHSUhHeHNMRU9QNW5JMS1zTDYyQmhhLXZEQ0V3RVRKR1lrMmU3QkpYSldLVk5hWXJSeWZuME1LYUFrbXpUdnJkQ1RSTk11ZzY5ZnJWQWtCbVhrWloyNGVYdlg0RUN2RXfSAdoBQVVfeXFMT3Q0YS1iZUpwSjlqU0I2NEhiMEFhdXhmNE93NUFYRFl5LXhDdE1FYTJKOXFxSEdGNnZSZGM3MzZLcWw1ampoQnRmR0FONGFEdlJVTkpURUY0bXJ2cEo1Q2t0MXVoVFowNmZCQWtEV2VqcDM4ZURXNXJpZS1TVXhmclVST3lwTUl5TmpPQnM2WGNpVHdWd3JyQzRxVndIZ3lOUWpEVFRPMjhxTFNvbzJxdjc3aTVJNlU4R3l4eVIxRUtUX3htcG1FV1Z2X3dyVmdUZDJOSmlDQUZGRGc?oc=5,"Tue, 01 Sep 2026 09:18:16 GMT",stock market
Midcap Street party turns selective as 15 stocks power 50% of rally - The Economic Times,"<a href=""https://news.google.com/rss/articles/CBMi0wFBVV95cUxOQUZiZXYwRmgyVUdJd2hzSnlfR2wwQVFZaEZpbzRSUklHMlliaXlvUlNib19NQ1BIWTdJTTR2QlJKTkRMVnhuUGlsSWFfYW1obDk0cHZlVUtWNDdiVVMtTVpaYmRycHVFSHdZbm5XS0dtcEZqSUIxeFc4NkxEYjJNenYxSUp0SjBZc1NNbzgyYXJVMDhnOXlEc3NnR2VXOV9fQl9NSmNWWFYxWFZ2RUdYT1B0WVpHSUpOemhXbVpXQW8tcjV2MVR4UTkyajVXckFFQTFr0gHYAUFVX3lxTE1ZZ1g1MGdpcGd1eGlTckZRWG82WlY4M0RubXRreC1iN2xvQW5ybHowTnpoempCcEF4aXdJMHlvQnpQVERXbGpkaFNEQTRST3dzOUYtcE1XYmFteHJJSy14dEg0V3JHNUMtV1ViY0ZWYXYtUXVzbk54X3lIYjhLUTdXV0dVcGlOZ1NjUE9vNGItWkNZQVVHWVN3TEVGWjg2LWo4RDlYU0JHVTV1YzhoMTVEUXJJalN2ejlxR1JXWUtDdWxBYTQtRmdPcl9laEZIUG1vWUc2Zk1ubw?oc=5"" target=""_blank"">Midcap Street party turns selective as 15 stocks power 50% of rally</a>&nbsp;&nbsp;<font color=""#6f6f6f"">The Economic Times</font>",https://news.google.com/rss/articles/CBMi0wFBVV95cUxOQUZiZXYwRmgyVUdJd2hzSnlfR2wwQVFZaEZpbzRSUklHMlliaXlvUlNib19NQ1BIWTdJTTR2QlJKTkRMVnhuUGlsSWFfYW1obDk0cHZlVUtWNDdiVVMtTVpaYmRycHVFSHdZbm5XS0dtcEZqSUIxeFc4NkxEYjJNenYxSUp0SjBZc1NNbzgyYXJVMDhnOXlEc3NnR2VXOV9fQl9NSmNWWFYxWFZ2RUdYT1B0WVpHSUpOemhXbVpXQW8tcjV2MVR4UTkyajVXckFFQTFr0gHYAUFVX3lxTE1ZZ1g1MGdpcGd1eGlTckZRWG82WlY4M0RubXRreC1iN2xvQW5ybHowTnpoempCcEF4aXdJMHlvQnpQVERXbGpkaFNEQTRST3dzOUYtcE1XYmFteHJJSy14dEg0V3JHNUMtV1ViY0ZWYXYtUXVzbk54X3lIYjhLUTdXV0dVcGlOZ1NjUE9vNGItWkNZQVVHWVN3TEVGWjg2LWo4RDlYU0JHVTV1YzhoMTVEUXJJalN2ejlxR1JXWUtDdWxBYTQtRmdPcl9laEZIUG1vWUc2Zk1ubw?oc=5,"Wed, 02 Sep 2026 00:29:30 GMT",stock market
Why is TT Electronics stock surging today? By Investing.com - Investing.com India,"<a href=""https://news.google.com/rss/articles/CBMipAFBVV95cUxNZHp0RXBUdzVTZDhqd0M5d25UY3RVeFppMTJyT1dRU2dMUGtPaEhTZGl3S3labmY4NmtBUWdlT1J2N3RWdlI1VXFRSFV0LXFnWjktbHlxNUpTUnBtczZUaXZLd0ZJaFRkN01CRkRTV20xR3dKbEFrRUdPSFpqYlpFdUx5S2syQ2tObEVBeGNFd1A2SjBnMV9FVzJOblVQc01IV0RUSg?oc=5"" target=""_blank"">Why is TT Electronics stock surging today? By Investing.com</a>&nbsp;&nbsp;<font color=""#6f6f6f"">Investing.com India</font>",https://news.google.com/rss/articles/CBMipAFBVV95cUxNZHp0RXBUdzVTZDhqd0M5d25UY3RVeFppMTJyT1dRU2dMUGtPaEhTZGl3S3labmY4NmtBUWdlT1J2N3RWdlI1VXFRSFV0LXFnWjktbHlxNUpTUnBtczZUaXZLd0ZJaFRkN01CRkRTV20xR3dKbEFrRUdPSFpqYlpFdUx5S2syQ2tObEVBeGNFd1A2SjBnMV9FVzJOblVQc01IV0RUSg?oc=5,"Wed, 02 Sep 2026 07:27:12 GMT",stock market
India's Biggest Stock Market Booms And Busts - Rediff,"<a href=""https://news.google.com/rss/articles/CBMinAFBVV95cUxOQ0hXOWF3U0w3TFRNZWpFYnBRaTR4cEN2Z3J3VVZyNUtOdkpPWXZPNVdhb18tUjJCdU5BT2FoV2JVZXYzT3pfNFg5b0tKdWhzWGZRU0xKV3hxdmVqS1QxUjdHWFRWV1g1Ynpqalk5NVBBRkN3ZUxvem9hTTkzMkhuTGotR3l0SndMOUQ0WXZsNnY2SEIzYzVmdk9ZZnTSAZ8BQVVfeXFMTjdwUVlndnhPbUI0aHFhYVBmc0hLalFhVXJkWGVhdlNhb0FXRnZGRF9td2VwaVZPY2dwZlYxRlJ4OE5TOGtkVmRoUjI2SU9LMF9uQzI5Rmk5YzljM2lMM2ZJMFRaTDNXbkZkLTNfcFpjODI0N2Mxa0hVTElyOUZfZWJKbGZDUDNidExrdUpaTzN3S0lwQTB6RW9HR1RCUzNn?oc=5"" target=""_blank"">India's Biggest Stock Market Booms And Busts</a>&nbsp;&nbsp;<font color=""#6f6f6f"">Rediff</font>",https://news.google.com/rss/articles/CBMinAFBVV95cUxOQ0hXOWF3U0w3TFRNZWpFYnBRaTR4cEN2Z3J3VVZyNUtOdkpPWXZPNVdhb18tUjJCdU5BT2FoV2JVZXYzT3pfNFg5b0tKdWhzWGZRU0xKV3hxdmVqS1QxUjdHWFRWV1g1Ynpqalk5NVBBRkN3ZUxvem9hTTkzMkhuTGotR3l0SndMOUQ0WXZsNnY2SEIzYzVmdk9ZZnTSAZ8BQVVfeXFMTjdwUVlndnhPbUI0aHFhYVBmc0hLalFhVXJkWGVhdlNhb0FXRnZGRF9td2VwaVZPY2dwZlYxRlJ4OE5TOGtkVmRoUjI2SU9LMF9uQzI5Rmk5YzljM2lMM2ZJMFRaTDNXbkZkLTNfcFpjODI0N2Mxa0hVTElyOUZfZWJKbGZDUDNidExrdUpaTzN3S0lwQTB6RW9HR1RCUzNn?oc=5,"Tue, 01 Sep 2026 03:39:01 GMT",stock market
Vodafone Idea shares rise 4.5% after unveiling new brand identity; stock up 40% in 6 months; details to know - Upstox,"<a href=""https://news.google.com/rss/articles/CBMi2wFBVV95cUxPTDFJVFZXcXgyY1FXY2Q5V1Q3OGVLd3hVN1oxYlc1S2hsODNJbEFDa0NlVklnZFhOUF8zWXBzUHVHWUNKUU5oVmJnemNCVWxBTTh5MjktQ2xXNWg4TDA1RkZpb0JuX1dxRmJNNG5DUl95Znp6b1c2R2VCQlZBZF9Gd0tBTlY2dURFQmhoSU1HaGY5RjcyRzJ6T1doWTM2eFNGRmlheXlaWjM3MU9UbXlIcHU0d2dha2trNkZwYkRaMlNTRGRFbjQxTElIYy1DN1hqUW1ISXY4ZTBpUjQ?oc=5"" target=""_blank"">Vodafone Idea shares rise 4.5% after unveiling new brand identity; stock up 40% in 6 months; details to know</a>&nbsp;&nbsp;<font color=""#6f6f6f"">Upstox</font>",https://news.google.com/rss/articles/CBMi2wFBVV95cUxPTDFJVFZXcXgyY1FXY2Q5V1Q3OGVLd3hVN1oxYlc1S2hsODNJbEFDa0NlVklnZFhOUF8zWXBzUHVHWUNKUU5oVmJnemNCVWxBTTh5MjktQ2xXNWg4TDA1RkZpb0JuX1dxRmJNNG5DUl95Znp6b1c2R2VCQlZBZF9Gd0tBTlY2dURFQmhoSU1HaGY5RjcyRzJ6T1doWTM2eFNGRmlheXlaWjM3MU9UbXlIcHU0d2dha2trNkZwYkRaMlNTRGRFbjQxTElIYy1DN1hqUW1ISXY4ZTBpUjQ?oc=5,"Wed, 02 Sep 2026 04:20:05 GMT",stock market
Axis Securities Top Picks: Bharti Airtel Tops List Of 15 Stocks To Buy — Check Full List - NDTV Profit,"<a href=""https://news.google.com/rss/articles/CBMiwAFBVV95cUxOWGtqTy1vaEpaZllLRFp4ZU42V1pWMnVwOHZ5X1pOcFlqYVRINm5YS3VwMkd4WmRiVWhoS204S3YyYUttcEVsN0lTWEhwZVB6N3QwZkJfSFd1a1A3OXJuSEdMdUdTbzhnX015QWVmN1IxOUxobWdpbHluYzk3cGtlRXNpQVFYREthSC13S21UREJLZUNGdS0zaW9DZEFkMWxDeVZqSzhiSzJ5cVEteEUwd19aZl9YTTg3TWxOYmx4N23SAcgBQVVfeXFMTmtveU14UDZsdEJBVlRUWkpGSUZCX1BRM01UQlc0VUFIOTFZRVdiOFZMRU91NHdtUmNxWFJnc1ZNWi1tajkwN3RRYl9LaUl2dUZTWDB4S2FIYVFhTzlKTEhPaXV5UGVvd2dNRGgzUDU1RGg5STFHTG5rYWVOOFBtamtrNHFadHBydDNhdlVmRzhjbW5XM2VOc0pVdDFkZE9qX2VseFFVaTRTRnRrcmZ0NExpQ0t6THZGcU5nZzdtaHJxaWVNcjNEYWo?oc=5"" target=""_blank"">Axis Securities Top Picks: Bharti Airtel Tops List Of 15 Stocks To Buy — Check Full List</a>&nbsp;&nbsp;<font color=""#6f6f6f"">NDTV Profit</font>",https://news.google.com/rss/articles/CBMiwAFBVV95cUxOWGtqTy1vaEpaZllLRFp4ZU42V1pWMnVwOHZ5X1pOcFlqYVRINm5YS3VwMkd4WmRiVWhoS204S3YyYUttcEVsN0lTWEhwZVB6N3QwZkJfSFd1a1A3OXJuSEdMdUdTbzhnX015QWVmN1IxOUxobWdpbHluYzk3cGtlRXNpQVFYREthSC13S21UREJLZUNGdS0zaW9DZEFkMWxDeVZqSzhiSzJ5cVEteEUwd19aZl9YTTg3TWxOYmx4N23SAcgBQVVfeXFMTmtveU14UDZsdEJBVlRUWkpGSUZCX1BRM01UQlc0VUFIOTFZRVdiOFZMRU91NHdtUmNxWFJnc1ZNWi1tajkwN3RRYl9LaUl2dUZTWDB4S2FIYVFhTzlKTEhPaXV5UGVvd2dNRGgzUDU1RGg5STFHTG5rYWVOOFBtamtrNHFadHBydDNhdlVmRzhjbW5XM2VOc0pVdDFkZE9qX2VseFFVaTRTRnRrcmZ0NExpQ0t6THZGcU5nZzdtaHJxaWVNcjNEYWo?oc=5,"Wed, 02 Sep 2026 05:30:09 GMT",stock market
Shein shares slide on fast-fashion retailer’s stock market debut - The Guardian,"<a href=""https://news.google.com/rss/articles/CBMiugFBVV95cUxOVzR5aDZraHBzYXpDbWpza013UW5ERDMzVUI3TkxtcXVfLTRVdWZ4bTZQOVAwREZmOGNYMWREZVZqeWhwNzZXbkxKd0JxNHFhWUZhUjlkQ1dtQnlRY3BOTWFFY2ViM1ZaS0RfeUVCQWN0NWdELVpMMzlDa3hyMW1UdHczN0NkckRZd0Rtc19XVWxkUW1XVXU3cl8za2ZRZ1Vqb015eUE2OFgxd2hvSk9HbGZ0cnZ1amM1UHc?oc=5"" target=""_blank"">Shein shares slide on fast-fashion retailer’s stock market debut</a>&nbsp;&nbsp;<font color=""#6f6f6f"">The Guardian</font>",https://news.google.com/rss/articles/CBMiugFBVV95cUxOVzR5aDZraHBzYXpDbWpza013UW5ERDMzVUI3TkxtcXVfLTRVdWZ4bTZQOVAwREZmOGNYMWREZVZqeWhwNzZXbkxKd0JxNHFhWUZhUjlkQ1dtQnlRY3BOTWFFY2ViM1ZaS0RfeUVCQWN0NWdELVpMMzlDa3hyMW1UdHczN0NkckRZd0Rtc19XVWxkUW1XVXU3cl8za2ZRZ1Vqb015eUE2OFgxd2hvSk9HbGZ0cnZ1amM1UHc?oc=5,"Tue, 01 Sep 2026 18:21:00 GMT",stock market
"Stock Market Slips, India's GDP Hits 7.8%, Sugar Limit Tightened - India Today - India Today","<a href=""https://news.google.com/rss/articles/CBMiwwFBVV95cUxOcm9aYmUtTjhCM1dGUTRSY2NVRlpBLWxFN0MweS1uRGM0a2kyTmNsVmdXeHhPVTE2VzkyQnZYOXdKRXJscWlzTm9rMTBNN3R3MFZ0c2RQYjI5aER0VlpSSldBaGI5WjE5Vm9iUWNEcUxNMEJMekFERGtyaVpULW5mZkN5cTVIWC0zbGpKQlZpNzBRTXVHZzRtYzZjd2Y2QjlnRGVSN2U5Mm0xQ1lSLUtRWjNTbTlETVpDNFNrM1pqY1lyVXfSAcMBQVVfeXFMTnJvWmJlLU44QjNXRlE0UmNjVUZaQS1sRTdDMHktbkRjNGtpMk5jbFZnV3h4T1UxNlc5MkJ2WDl3SkVybHFpc05vazEwTTd0dzBWdHNkUGIyOWhEdFZaUkpXQWhiOVoxOVZvYlFjRHFMTTBCTHpBRERrcmlaVC1uZmZDeXE1SFgtM2xqSkJWaTcwUU11R2c0bWM2Y3dmNkI5Z0RlUjdlOTJtMUNZUi1LUVozU205RE1aQzRTazNaamNZclV3?oc=5"" target=""_blank"">Stock Market Slips, India's GDP Hits 7.8%, Sugar Limit Tightened - India Today</a>&nbsp;&nbsp;<font color=""#6f6f6f"">India Today</font>",https://news.google.com/rss/articles/CBMiwwFBVV95cUxOcm9aYmUtTjhCM1dGUTRSY2NVRlpBLWxFN0MweS1uRGM0a2kyTmNsVmdXeHhPVTE2VzkyQnZYOXdKRXJscWlzTm9rMTBNN3R3MFZ0c2RQYjI5aER0VlpSSldBaGI5WjE5Vm9iUWNEcUxNMEJMekFERGtyaVpULW5mZkN5cTVIWC0zbGpKQlZpNzBRTXVHZzRtYzZjd2Y2QjlnRGVSN2U5Mm0xQ1lSLUtRWjNTbTlETVpDNFNrM1pqY1lyVXfSAcMBQVVfeXFMTnJvWmJlLU44QjNXRlE0UmNjVUZaQS1sRTdDMHktbkRjNGtpMk5jbFZnV3h4T1UxNlc5MkJ2WDl3SkVybHFpc05vazEwTTd0dzBWdHNkUGIyOWhEdFZaUkpXQWhiOVoxOVZvYlFjRHFMTTBCTHpBRERrcmlaVC1uZmZDeXE1SFgtM2xqSkJWaTcwUU11R2c0bWM2Y3dmNkI5Z0RlUjdlOTJtMUNZUi1LUVozU205RE1aQzRTazNaamNZclV3?oc=5,"Tue, 01 Sep 2026 10:52:55 GMT",stock market
India's GDP grows 7.8% in Q1: Factors powering the economy despite global turmoil - The Times of India,"<ol><li><a href=""https://news.google.com/rss/articles/CBMi9wFBVV95cUxOeng5MG9YTU5qNDk0VlBVa1dMcGdTajFZR1ZDRDZGYTN0aHRKMHJKTlJxUHhZV0hyU25DaGNwNjU2MFRXNEI0SDhOemV5NE5XR2MxdkFVUG5XRngzQXdLSS1kOW9RVTJfODlleTRmMG0tbDRUYVBhSWZCOG0xNnpEX0g4R2YzdERFZmQwZFNFTFAzbTliQkYzaXp6Uk0xdkU0Mzk1MDJnMWZjSUlJRk81dk43QnRJSmptSk9hS0lRcWdYMnQ2VTJXc0pQYkdUVFlVdWpNRUlHT0pva1RmZGJTVXppb3hjRmx3UlpTbEVkQlJKVTlkVWMw0gH8AUFVX3lxTFA3QXZYRG1QMUs1VTlJT3hiS2JORGVPZWYwbkgyZWtXRmFxTnZXSmpzZ1hMeWVxd250aGExZUlvM0tHQkNZMVZGeVV1YXFwZ1phbGxXZHBNbFlud3BMSGRPaVZuZWFmNVNWcFlUa2NFa0QySWRZSG8wLTljVTNLUXo1eHZpSG9PS2RaM2Jadlp3ZjIwY3gtWGdGX1o1TGJUbDNWenhCck92OEd6Yk5uOGJfdVd1U0c2ZDBlTGpUU2lFQjBzV2M3aFFsTWRTU3VTRm42eFc3NThrTjhYUnE1NkNKeVNFM0VQeVBMdVFrNGZpTW1YR3pJcHhCSDhIZQ?oc=5"" target=""_blank"">India's GDP grows 7.8% in Q1: Factors powering the economy despite global turmoil</a>&nbsp;&nbsp;<font color=""#6f6f6f"">The Times of India</font></li><li><a href=""https://news.google.com/rss/articles/CBMingFBVV95cUxPWU9lMmhQWVlDN2hyYnVOYWlZMWM4NHpnSkhSLWxSdGlfa1E4WDg5SkpxUDVJSVBXWlA1d2xkSEZtZ0hrN0t6bUY0OWJISldMMlhXZGM1QWZ0N0lkWWpXV3RKYlMtQnlMdWpCQld2ZzFXM0V2V0lYeVV5MmZ4d2hfU3RmMzRSUFVST29UV0p3NFVwdGZ0Vkc2UE43d19yZ9IBpAFBVV95cUxOUDVHb0ZzblVMZ3NERFR1dkRqR2daMXdyS1pveWhwUTRaR1hnSmZuUFUxYnR4V1RncE11TGZsVXN3VmFhSFBXZk5Gd2wycUpaMFdxQkxXbFNhUVJjZ2x5VUJWT3RsN1QtZHdwVkRUM05ja1BsRXUzTnV6RlktWGh1N3VCYlBHdHlrVkFNX283RHo4aHVzcWljcmtreW04VDJwS2NpUw?oc=5"" target=""_blank"">A strong quarter quickens pace, but risks remain</a>&nbsp;&nbsp;<font color=""#6f6f6f"">The Indian Express</font></li><li><a href=""https://news.google.com/rss/articles/CBMisAFBVV95cUxQQ2RUaTVmZXM3T0R4UkFHeHFONzFFNFhVZ3hZVFF3M2Jra2NNV2x0bzYxTU96MlVGRWJwUlJnb0pxZVRWdFhwSk5XUFpTZFE4Y204NDBzME83NVA3M3A2UEcwaUJlNlNMNTRUc2hSUG8yNGhoLWVRZlNLYy1pWUZXWTlCWU9BcVV4MW5CbWw3TWZVRWQwamdMVnBaNm5TMTFEbE5WS0M1MWlFdGtrTl9NTdIBtwFBVV95cUxNRWJsUWJWQ3d3ZFB0VzFlSDZ2Smk4Ni1CcWxNNEt2dmlyUmZxdWFIV01ucFJ3V3lyckNQWm96SXRNQVQ2NTdiTmZod3pJN1JXS3N4STdWQWU1QmJwT0xvY3JHejVtSnRHWUhpX3FqdUc5VHEyQVNuYzJ0UXhDQW1NRzNya1lYV2pjdjN2Q3BKSTJ3bnlQYlVUcy12VDAtbm14UkVyMkhJbTAtdXczSmI3UWs2eHN6Skk?oc=5"" target=""_blank"">Endurance test: On the Indian economy’s resilience</a>&nbsp;&nbsp;<font color=""#6f6f6f"">The Hindu</font></li><li><a href=""https://news.google.com/rss/articles/CBMi0wFBVV95cUxPWjNFT2t6UDhBSzdMZGRPa01nc1g4MzRTNW9vRml5ZVc1d3lPajZOMHdrM0M4eE40NTBWN0J3NUtudjQwTkQ2OW82dXlHc0pVMG42akl1c09YQk1EWnZlSndzbk1sMHdvWXJKYkFzYWpMZFoycDFMa0xXZER0UnpEQWVDMkRCNnVkRnI0c0NmaU93YmVqNmllQUFhWW5iS0VvUkVrU2txekZwQXhVNnhmYkdJRkk0MVhHaTl6a21hSDJCd3ZkZWc3MXpIb2c3Nk0xWDQw0gHYAUFVX3lxTE9XbjEzZW9nY1VlVVRWSy1fVTF4WW95LWZVS3Zpb0Q5bFp5aU5YWU80b2ViQl84MDdSLU9oRi1xa1pTWFpyaVZvUi1tYldPSnBIV0MzSmo4LWUwUWpIQ1BRcXItMlpWQW1OeERZNTBQZzlxQ3JXbUduWjVTUU5hbl81RmZPZXBsNXF0TmlvX3lzWk1zTS1hU05PeEVCSGRjQ096Rzc4eXMxX1BUTjJHOGdSQjFjWnI4dG5ZMWNDRzRyaUdRWHJ0YkYxYy1PYjNOalRCOEh6VkZYUQ?oc=5"" target=""_blank"">No jobs, price hikes, crony capitalism: Opposition challenges PM Modi’s 7.8% GDP growth claim</a>&nbsp;&nbsp;<font color=""#6f6f6f"">Telegraph India</font></li><li><a href=""https://news.google.com/rss/articles/CBMitgFBVV95cUxPeVhhdEJ4QnFrSFBKT1JKekFWYmRlaVI3MzR5QVRkOGZFLUFWQVpiS09FZG9jalJ3TGZrY3RZQXpmWTctell1RHdYSS1aS1ZKbE1iS01xMXRzX0RNZGVVX1ZWamJtdEZNdElPV2I3UHpWNTEycXdNSi1Ea3p1M2lHaWxqOEtaYVJwd2ZpV2MybEs2VmN3azRTV2loMEhDSEFVV2RHcEc5N094TVB6NnBRcl9SNGRJUQ?oc=5"" target=""_blank"">Video | India's Economy Is Growing Strongly At 7.8% In Q1 Fy2026-27: FM Nirmala Sitharaman</a>&nbsp;&nbsp;<font color=""#6f6f6f"">ndtv.com</font></li><li><a href=""https://news.google.com/rss/articles/CBMi1wFBVV95cUxNZU9TaGNUeVBGV05FUTNqSFkyV21FdjhwSjd6b2ZZOGlrVlZHU0I5SFY0Y1ZkNWNtQk84MHpTY05UR0JMdDh3TWNPZ2Z5QTVrdWFHNFM1UVUtQ1dOUzBBeEYyczd4eUFNMXA2Y0ltdXR6ZHVtTE52ZFMwSmttSW5xalotb0JnT2xGSHFjYkNjQjJrdjVHNF9IRFNJU0I4cVVqWmg2eFBqYmpZdWwySmYzTERKa3IzZGdmN1pvRWhpNmRxRll2eTZaRFFwb1llczFOVGp4bzBDVdIB3AFBVV95cUxPb1hnVmczTkR5OEFONnpfOFVpMl8tRWJ0OTI2akpSbGJTRnc0dTFwaW83bXJKY1Y1YjlzcjBMc0lXOFM1dXhWZ0RsSGVvcTNLNHI4bE54UzB4RG1wSU43OXdpQTFQMG9zcUptcm1JVWpoVXl4a2hGU1RZQWZ2VkFoQ1czR2ZGWXdjTW5mVHdkUlVaYWVXZUlJR1pUSlNoT1R5Q2Q3R05USGFmS09nZmMyc0RiVTJYdGtteDF5a1pOMEl3d01qNFBTODlxQkhDMEpfOVFSWWFqdnpPSDNt?oc=5"" target=""_blank"">Global media writes on Indian economy’s ‘solid pace’ and an ‘unusual feud’ after Subhash Chandra ruling</a>&nbsp;&nbsp;<font color=""#6f6f6f"">ThePrint</font></li><li><a href=""https://news.google.com/rss/articles/CBMirAFBVV95cUxNZ21UUGZBcFlZX1dGQ2hkSjdMNzlSeFRoeHRqQnk3NXRreW9LNTU1RHpCY21pS3pscHpPekw5N0JOUHdLN0d3N3FadkNvTS1iYXV1ZjF4SGlQZTRpbVFJQ3UzaFpkTEdmSGtxekFxVmtpR3EtNUxyNW8xRnRMNmJabGNidGdyTzk1cmJUUWxVUEJIdy1XNloyR2U1VDU5blVCazNxeDAtVlc4Z3N20gGyAUFVX3lxTE12TURjN2FyRlc5S2lTZUt2VVgwTVVKd00yb3h6YVFFZVJHVk1uS2pyV0hoN2k5NVJlMlpOeTZxNm9vUmNUVi1EQUdNSTVXSF9BZklwekpvR2stY0JPS0YxSWdkNE96NVFzeGFOazgtdXdqRGIzczFoZHVfQ1JMTmRzMUw4VzNOYzhmdk5wbzRhcmktNmVJd2FHWFFVd1pqdVVWQkpIZzhFUXdpbnlsY3NUOHc?oc=5"" target=""_blank"">India private investment revival gathers pace as economy grows 7.8% in Q1</a>&nbsp;&nbsp;<font color=""#6f6f6f"">Firstpost</font></li><li><a href=""https://news.google.com/rss/articles/CBMi2AFBVV95cUxNdm9Mb1FlU0xOb0tDbDRzejZrc05YbkVJRURBUkNhUXJqdFN6ODdQQjMzalZmQU1oNWpBVU9QcjBBTkxaZURocnQxS3pqanBEU3JKcU43MjRUemlONUxVZVlTZG5TeTNKZy12NjU1Z2tfcWRkVXVObmlWa29oX0RkaHU0bnFkVENXU2t3ZVNkel9BdVlxSUpDSDE4V1E1U2VrUE9GbE9XaFlYVDMxUnNCLXVvRXU3clNmNXczODU3VHFaWEhQRjZuS21OTVFZbm1Cb3pOMlhFa0zSAd4BQVVfeXFMTUl6ZVlVR2swcnFmNU1rRURLWTIwWWszVFQxZFk4a3pEcThNSTc3RXVyUUluYkV6dk1CRlNpdWRCeFlJVkJGRVQybGE0ZDJDOFB3bS13STdzOEZ1UTVMS3dUNmtLNkN4NFhGUXBjdWhKWlNuQklQZEFEandnaEhaN0lCWldhR3ktMXRsM2xNTW0yeWgwbmZsUEZGVUpnclUwdElBZGRCZktkOEtWUlc1Rl9VUUE3MzA5ZFd5eFhSY2Y2NlBZTzk5SGlmT2RtY0hCT0ZGWkE5XzZYTXJ2M2Vn?oc=5"" target=""_blank"">Q1 GDP growth beats expectations: Are foreign investors underestimating India's resilience?</a>&nbsp;&nbsp;<font color=""#6f6f6f"">Livemint</font></li><li><a href=""https://news.google.com/rss/articles/CBMi4gFBVV95cUxQeE9kWG1TdllKOTEzSHpvQ0UxTldZMlpqYVp6cnl2QWxfUnZ6aTF1TFQxeG5lZnRoS2NZRUVGTFVna0g1a3QwVFd3bFJwaWdpa3RFU3FlVFJPc01iTk9GSWt6WEVlcGozNVFNdXF2NXExN1dneHRsNU5qdmktS085QzhwbFpfaHA3eHB1c2ZTNHZKYWJTVEFCNi1lNFcxb0UyQnVYM1pOeXpjTDl0ZC1zUU02cXhFcmZXRFJYcVNLU2RwbzVrcmNwTDQ1NVZ4dXhlWDVQa19Jd2JvcFJfTVc0bmtn0gHnAUFVX3lxTE45RjFLMUNtNHZfOGQ5cGRzcFFucGNBSnBvRzBHLW5BRkFkbS1RcXpYeTBMa1lKam9PbUs5UjJkNWRpOHFFX3dWR2dLQXNFRjVrclA1WUh2bDhDRTFLblVQc2NaZElSdWltX25jNXg5Y3FVV21tR0tuTU9mYVhFQlJ6cXNTSlpwYTI0RF9Hd1ppeGhhT1UweGt0cUR4T0p2NUpnWU9HQUJKOXl3ZV90bDlyWDk4YnAwUWw2Zm5WdGwwdmR2Mk5QYm91NGpBOTliSG9qUjZCR2lkVWxSREMxS21tbkxnRkc5SQ?oc=5"" target=""_blank"">‘Fastest Growing Economy Stands Out In Global Arena’: Sitharaman Hails India's 7.8% GDP Growth</a>&nbsp;&nbsp;<font color=""#6f6f6f"">News18</font></li></ol>",https://news.google.com/rss/articles/CBMi9wFBVV95cUxOeng5MG9YTU5qNDk0VlBVa1dMcGdTajFZR1ZDRDZGYTN0aHRKMHJKTlJxUHhZV0hyU25DaGNwNjU2MFRXNEI0SDhOemV5NE5XR2MxdkFVUG5XRngzQXdLSS1kOW9RVTJfODlleTRmMG0tbDRUYVBhSWZCOG0xNnpEX0g4R2YzdERFZmQwZFNFTFAzbTliQkYzaXp6Uk0xdkU0Mzk1MDJnMWZjSUlJRk81dk43QnRJSmptSk9hS0lRcWdYMnQ2VTJXc0pQYkdUVFlVdWpNRUlHT0pva1RmZGJTVXppb3hjRmx3UlpTbEVkQlJKVTlkVWMw0gH8AUFVX3lxTFA3QXZYRG1QMUs1VTlJT3hiS2JORGVPZWYwbkgyZWtXRmFxTnZXSmpzZ1hMeWVxd250aGExZUlvM0tHQkNZMVZGeVV1YXFwZ1phbGxXZHBNbFlud3BMSGRPaVZuZWFmNVNWcFlUa2NFa0QySWRZSG8wLTljVTNLUXo1eHZpSG9PS2RaM2Jadlp3ZjIwY3gtWGdGX1o1TGJUbDNWenhCck92OEd6Yk5uOGJfdVd1U0c2ZDBlTGpUU2lFQjBzV2M3aFFsTWRTU3VTRm42eFc3NThrTjhYUnE1NkNKeVNFM0VQeVBMdVFrNGZpTW1YR3pJcHhCSDhIZQ?oc=5,"Tue, 01 Sep 2026 10:25:00 GMT",Indian economy
PM’s economic adviser denies allegations of Centre manipulating GDP data - Scroll.in,"<a href=""https://news.google.com/rss/articles/CBMipwFBVV95cUxOU005UGFUVUtVTGwzcFRsdVp5cmJOazJPOU9YQW9xWGpaRFg0MGtSY0UzYmFQaVc1Zy1SckJPYkhNYmJhNFNzcEhBZTU3QzJXaThGZURnTS0zMEJTcU1oMFl3U3V0UG04Z0tFVVN2RUdWOHVpaW1qQXNMT29PNnBqNjY3cVprYzA1U09iNTVYUDJXblZvY1RKNm01UUh1SUdYei02RlpRONIBrAFBVV95cUxOLURWTDBvWmEzT3RiRGtaTEFiOEVPNFRFX21Gb3RWLXphUHVGVDFzR1BtZjZzVm5VbThHVUJjU1d4dHdZdjRZQnZUR3BiU09DSGZsZE1SVGM2RG9jajJ3dElzMHFxczVCS2Z2OEp2NktxSFN1Sk9aV3VGM1VTUUhuOWNxcklzc0E2YmVWZlQwZEhxU0todzlDSV9FblM1REsxeUdnUGhjc1Y5Y3Ey?oc=5"" target=""_blank"">PM’s economic adviser denies allegations of Centre manipulating GDP data</a>&nbsp;&nbsp;<font color=""#6f6f6f"">Scroll.in</font>",https://news.google.com/rss/articles/CBMipwFBVV95cUxOU005UGFUVUtVTGwzcFRsdVp5cmJOazJPOU9YQW9xWGpaRFg0MGtSY0UzYmFQaVc1Zy1SckJPYkhNYmJhNFNzcEhBZTU3QzJXaThGZURnTS0zMEJTcU1oMFl3U3V0UG04Z0tFVVN2RUdWOHVpaW1qQXNMT29PNnBqNjY3cVprYzA1U09iNTVYUDJXblZvY1RKNm01UUh1SUdYei02RlpRONIBrAFBVV95cUxOLURWTDBvWmEzT3RiRGtaTEFiOEVPNFRFX21Gb3RWLXphUHVGVDFzR1BtZjZzVm5VbThHVUJjU1d4dHdZdjRZQnZUR3BiU09DSGZsZE1SVGM2RG9jajJ3dElzMHFxczVCS2Z2OEp2NktxSFN1Sk9aV3VGM1VTUUhuOWNxcklzc0E2YmVWZlQwZEhxU0todzlDSV9FblM1REsxeUdnUGhjc1Y5Y3Ey?oc=5,"Wed, 02 Sep 2026 02:57:00 GMT",Indian economy
"""Doomsayers Doomed, India Bloomed"": PM Modi Says GDP Growth ""Exemplary"" - ndtv.com","<a href=""https://news.google.com/rss/articles/CBMivgFBVV95cUxPMDlfR3phcWR2bkV3Sm9SZUg2S01EMHBTam1QRkRfSmZURmFEN2xWOGt0c1ZjTHU5TkZjbnQ2QXBKM096c1JVZ0x5MXJ6a1pueWdBUTZsQ05rUW9qa1ZVMkFxaWZhdjRGWlF6bEtYS29kSTVSWVhNa1BDX0ZuRERaSVB6LUI1WVJkTHhkMl9GMHl6X0lvVzNYdng2NTJRWU9uRFg4Y1BEdlhwY0hDbkppWl9BbkNyanNkZ1NObUx30gHGAUFVX3lxTE1SU1VyZjRzTVc5bEZrWXJDLWwyMnFBMGlnWE84aXZYQmNIbTg5TVJVY0dLQmdtcDNFbmN0WnEzdlMxWFVNYTBEbmpITkdwcWpoRURYNWxJSzd2OHdTQkg0RkFEaUlUMmg5cXRTZ2dWM3lZOWJXZnM0NDdDbW56UnRFUzJPOGpNVGZCSXRTZHZ0VW4tYTk1NmFScWxia1dIQXNmcGxnWm95Rm1wb0UyVkluUldEcTktZUg2TVRNRzdVWm1Jckczdw?oc=5"" target=""_blank"">""Doomsayers Doomed, India Bloomed"": PM Modi Says GDP Growth ""Exemplary""</a>&nbsp;&nbsp;<font color=""#6f6f6f"">ndtv.com</font>",https://news.google.com/rss/articles/CBMivgFBVV95cUxPMDlfR3phcWR2bkV3Sm9SZUg2S01EMHBTam1QRkRfSmZURmFEN2xWOGt0c1ZjTHU5TkZjbnQ2QXBKM096c1JVZ0x5MXJ6a1pueWdBUTZsQ05rUW9qa1ZVMkFxaWZhdjRGWlF6bEtYS29kSTVSWVhNa1BDX0ZuRERaSVB6LUI1WVJkTHhkMl9GMHl6X0lvVzNYdng2NTJRWU9uRFg4Y1BEdlhwY0hDbkppWl9BbkNyanNkZ1NObUx30gHGAUFVX3lxTE1SU1VyZjRzTVc5bEZrWXJDLWwyMnFBMGlnWE84aXZYQmNIbTg5TVJVY0dLQmdtcDNFbmN0WnEzdlMxWFVNYTBEbmpITkdwcWpoRURYNWxJSzd2OHdTQkg0RkFEaUlUMmg5cXRTZ2dWM3lZOWJXZnM0NDdDbW56UnRFUzJPOGpNVGZCSXRTZHZ0VW4tYTk1NmFScWxia1dIQXNmcGxnWm95Rm1wb0UyVkluUldEcTktZUg2TVRNRzdVWm1Jckczdw?oc=5,"Mon, 31 Aug 2026 10:51:31 GMT",Indian economy
India’s GDP Performance - PIB,"<a href=""https://news.google.com/rss/articles/CBMihwFBVV95cUxONWVnekZCMkZja2xTcGE3Zl9uZnJ0Q0thRW5renduUTUyMmVnZ1BOTHAwQlFqOS1NQWhPdjl2RDVrbWdyN1hKbXpxVVp6N0hPWUhhNG9NWnNjRTMwdG03ZGotbXVLWXdOM3VwWVVQbjZwNktfcHBqV0xzY3Z5UjUydUw4X056WTQ?oc=5"" target=""_blank"">India’s GDP Performance</a>&nbsp;&nbsp;<font color=""#6f6f6f"">PIB</font>",https://news.google.com/rss/articles/CBMihwFBVV95cUxONWVnekZCMkZja2xTcGE3Zl9uZnJ0Q0thRW5renduUTUyMmVnZ1BOTHAwQlFqOS1NQWhPdjl2RDVrbWdyN1hKbXpxVVp6N0hPWUhhNG9NWnNjRTMwdG03ZGotbXVLWXdOM3VwWVVQbjZwNktfcHBqV0xzY3Z5UjUydUw4X056WTQ?oc=5,"Tue, 01 Sep 2026 09:32:03 GMT",Indian economy
"Mint macro tracker: Indian economy showed resilience in July, but risks linger - Livemint","<a href=""https://news.google.com/rss/articles/CBMi6AFBVV95cUxQTzZPZmN6c2ZrU09NMElRZjRDTjg5Qy1xeHBNd3QzT0hJWjhTdk55cEdmMXRzb2dqbW1lNnVVZEgwWnV2OXc2VW9CSFFTZzV2ZDFBa0Y1UDVkNEpySlZxc2xuam0xcE5JYms4Wi1GbGpybnJkazk4RjRsYVUxVnZXdFZfTk5vS0NwMEc3WnVNSzZvT0VudmxiMVdfdDctVVhKalVad1VQRXBjcUVDNURoMTB0ZVgydGFSMzlZaVhwNm1wTHZadmd5bWtfYmpYN09oN1RuVzJ6VlQzWVZZaDRIcnNjVW1wSEdD?oc=5"" target=""_blank"">Mint macro tracker: Indian economy showed resilience in July, but risks linger</a>&nbsp;&nbsp;<font color=""#6f6f6f"">Livemint</font>",https://news.google.com/rss/articles/CBMi6AFBVV95cUxQTzZPZmN6c2ZrU09NMElRZjRDTjg5Qy1xeHBNd3QzT0hJWjhTdk55cEdmMXRzb2dqbW1lNnVVZEgwWnV2OXc2VW9CSFFTZzV2ZDFBa0Y1UDVkNEpySlZxc2xuam0xcE5JYms4Wi1GbGpybnJkazk4RjRsYVUxVnZXdFZfTk5vS0NwMEc3WnVNSzZvT0VudmxiMVdfdDctVVhKalVad1VQRXBjcUVDNURoMTB0ZVgydGFSMzlZaVhwNm1wTHZadmd5bWtfYmpYN09oN1RuVzJ6VlQzWVZZaDRIcnNjVW1wSEdD?oc=5,"Wed, 02 Sep 2026 05:31:00 GMT",Indian economy
India’s Economy Posts Robust Growth Despite Mideast Energy Shock - WSJ,"<a href=""https://news.google.com/rss/articles/CBMitwFBVV95cUxNUVc4dE84NzVQb2s1aWYyazVWUFRYQ3BrLU9DUTMwR2RHeDVGc2llQW4tcmNCVVdYNzFwaU9YTlRJeDJ6dkV3UXFrVV9DNGFOVWpmTnRnalBJTVlPT2N0T1dZTHR4elZlYU1fQ1JXVUxDQVVrQUxlV3hlUmFSUjFXaTNhYXRoUV9qOVdTS2Rwd2IzU2prekhGNThVay1wMUFnbG1oaEhxVlJDQVpwc202UHVwNFE1bG8?oc=5"" target=""_blank"">India’s Economy Posts Robust Growth Despite Mideast Energy Shock</a>&nbsp;&nbsp;<font color=""#6f6f6f"">WSJ</font>",https://news.google.com/rss/articles/CBMitwFBVV95cUxNUVc4dE84NzVQb2s1aWYyazVWUFRYQ3BrLU9DUTMwR2RHeDVGc2llQW4tcmNCVVdYNzFwaU9YTlRJeDJ6dkV3UXFrVV9DNGFOVWpmTnRnalBJTVlPT2N0T1dZTHR4elZlYU1fQ1JXVUxDQVVrQUxlV3hlUmFSUjFXaTNhYXRoUV9qOVdTS2Rwd2IzU2prekhGNThVay1wMUFnbG1oaEhxVlJDQVpwc202UHVwNFE1bG8?oc=5,"Mon, 31 Aug 2026 11:39:00 GMT",Indian economy
Why West Asia war didn’t hurt India economy as much as was feared - The Indian Express,"<a href=""https://news.google.com/rss/articles/CBMiwAFBVV95cUxPaXNoejJBaWJNZjY0UEUtclVhTmRBSlkyamtKWkE0UTQ1MllsU29NdUE1VXFmVkp2Um5lR1Y2QUs0STFnQ2ZDMk44dGtkdXU0M2hZSGRmeFBnVnpiUDl4VmVxQUk4OG00VWZNR0Q5SldmWnpjMjF6SkhhQlA2LVkzVF81TVAyTE1FYWJSenczTGpncTFCRGdOUXNKS19Fa1RIazMxT25EcEYyLW1QaGlMWXhBZ1Rvem5iUmNtRXo3YnrSAccBQVVfeXFMTXg5YjFRVWRVNmxXbkhscUg5dG42QUwtcWNqZGN3NDhLSm9DMGFnN3NKZXdWQ0lrOEQtSUNzTVNHUEFjUXprN2pXNXc1aXdvNHhjelBFWlJYZFpJQWN0VzFmQXFnYS1BZXB5MUUtaHY4ZDRxblB3WEhwZFBEV2E3T1EwaDZfUF85RjJBajRkenJ4bEhIMGRoZ3hpNVVnbmRiVVNIT0xSdldpajZ2ZlFaTUhyYkt6bXZ0YUVsNjJheU84NW5ObGpfUQ?oc=5"" target=""_blank"">Why West Asia war didn’t hurt India economy as much as was feared</a>&nbsp;&nbsp;<font color=""#6f6f6f"">The Indian Express</font>",https://news.google.com/rss/articles/CBMiwAFBVV95cUxPaXNoejJBaWJNZjY0UEUtclVhTmRBSlkyamtKWkE0UTQ1MllsU29NdUE1VXFmVkp2Um5lR1Y2QUs0STFnQ2ZDMk44dGtkdXU0M2hZSGRmeFBnVnpiUDl4VmVxQUk4OG00VWZNR0Q5SldmWnpjMjF6SkhhQlA2LVkzVF81TVAyTE1FYWJSenczTGpncTFCRGdOUXNKS19Fa1RIazMxT25EcEYyLW1QaGlMWXhBZ1Rvem5iUmNtRXo3YnrSAccBQVVfeXFMTXg5YjFRVWRVNmxXbkhscUg5dG42QUwtcWNqZGN3NDhLSm9DMGFnN3NKZXdWQ0lrOEQtSUNzTVNHUEFjUXprN2pXNXc1aXdvNHhjelBFWlJYZFpJQWN0VzFmQXFnYS1BZXB5MUUtaHY4ZDRxblB3WEhwZFBEV2E3T1EwaDZfUF85RjJBajRkenJ4bEhIMGRoZ3hpNVVnbmRiVVNIT0xSdldpajZ2ZlFaTUhyYkt6bXZ0YUVsNjJheU84NW5ObGpfUQ?oc=5,"Sat, 29 Aug 2026 05:31:46 GMT",Indian economy
Footwear industry is backbone of India’s economy: Union Minister Giriraj Singh | Akashvani News - newsonair.gov.in,"<a href=""https://news.google.com/rss/articles/CBMipAFBVV95cUxPQ29UaXZQZHFWUm1nX2FHV3h5VGlhdFRaX01vcllPcGc2bU5fRFdmR282RjQ1ZnkyTE9Ic0drOHQ2SjM3NkI5ZFI3eEZsRHUyaTI0LW15clpXMnJYcS15QmN6Qy0xR1NEbVd0QVp6b0taVXVkZXVYNUxsdHdlX2JFUGtKLUFXenJ6eVdxU1I5NF9ud2tPVTFLM3hwbmNZdHl4cFFZdQ?oc=5"" target=""_blank"">Footwear industry is backbone of India’s economy: Union Minister Giriraj Singh | Akashvani News</a>&nbsp;&nbsp;<font color=""#6f6f6f"">newsonair.gov.in</font>",https://news.google.com/rss/articles/CBMipAFBVV95cUxPQ29UaXZQZHFWUm1nX2FHV3h5VGlhdFRaX01vcllPcGc2bU5fRFdmR282RjQ1ZnkyTE9Ic0drOHQ2SjM3NkI5ZFI3eEZsRHUyaTI0LW15clpXMnJYcS15QmN6Qy0xR1NEbVd0QVp6b0taVXVkZXVYNUxsdHdlX2JFUGtKLUFXenJ6eVdxU1I5NF9ud2tPVTFLM3hwbmNZdHl4cFFZdQ?oc=5,"Tue, 01 Sep 2026 21:19:09 GMT",Indian economy
But where is India’s economic growth? - The Statesman,"<a href=""https://news.google.com/rss/articles/CBMikgFBVV95cUxNWWhXaFUydGsxa3VySFVHN1NmTzF1alBSN09mQzVKa01ubklzb0dsZ3R1TUItY082Y0x4RXN5Yi13dzU1UG0xdjN3aEFKRkRyb2psWjBVTFZxSm1DSWhCTHlpNVN2SURPckZ2cGk4YUJCTmc5bGNhV1gwOEJDSFJ3MG93MUE1Um9ZZ2diNU1Pel9MUdIBlwFBVV95cUxQNU5BWUxITzFwWEgxa0JIekZKOTFKcnRhYTFXLUdFcldNaVNtY2I3WHpUZTU2cG5CdUxlWDk4d1VkUUdBYzd6VHp6MVY0ZzBadHhOYi1vbGcwTlRKU3NXNHVqWEJoZWxrY3I1eV9INUthLTk2eEZXQVlURHBEN190elN6c0F0aUR2b1Fxbkt4d1JzVVM2dkE4?oc=5"" target=""_blank"">But where is India’s economic growth?</a>&nbsp;&nbsp;<font color=""#6f6f6f"">The Statesman</font>",https://news.google.com/rss/articles/CBMikgFBVV95cUxNWWhXaFUydGsxa3VySFVHN1NmTzF1alBSN09mQzVKa01ubklzb0dsZ3R1TUItY082Y0x4RXN5Yi13dzU1UG0xdjN3aEFKRkRyb2psWjBVTFZxSm1DSWhCTHlpNVN2SURPckZ2cGk4YUJCTmc5bGNhV1gwOEJDSFJ3MG93MUE1Um9ZZ2diNU1Pel9MUdIBlwFBVV95cUxQNU5BWUxITzFwWEgxa0JIekZKOTFKcnRhYTFXLUdFcldNaVNtY2I3WHpUZTU2cG5CdUxlWDk4d1VkUUdBYzd6VHp6MVY0ZzBadHhOYi1vbGcwTlRKU3NXNHVqWEJoZWxrY3I1eV9INUthLTk2eEZXQVlURHBEN190elN6c0F0aUR2b1Fxbkt4d1JzVVM2dkE4?oc=5,"Wed, 02 Sep 2026 03:26:00 GMT",Indian economy
VIEW India's GDP grows better-than-expected at 7.8% in April-June - Reuters,"<a href=""https://news.google.com/rss/articles/CBMiiwFBVV95cUxNd3pJY2JhQ3prT1M1ZnJkQ3RXa21UMHQ5N2VMV2JKbzRId0t4bkttRUY2ZmZfbmJ0UENmd21nUVBqallrN2VpQ3BEcnNHNXhWWmdaWEhLbXdBNlNfbkZWSVZKb2dVR3BoSnBrNEVKUG1QYkZGcVBIY2NSM2RTTlY5c1dXaXQtNWY0eEtF?oc=5"" target=""_blank"">VIEW India's GDP grows better-than-expected at 7.8% in April-June</a>&nbsp;&nbsp;<font color=""#6f6f6f"">Reuters</font>",https://news.google.com/rss/articles/CBMiiwFBVV95cUxNd3pJY2JhQ3prT1M1ZnJkQ3RXa21UMHQ5N2VMV2JKbzRId0t4bkttRUY2ZmZfbmJ0UENmd21nUVBqallrN2VpQ3BEcnNHNXhWWmdaWEhLbXdBNlNfbkZWSVZKb2dVR3BoSnBrNEVKUG1QYkZGcVBIY2NSM2RTTlY5c1dXaXQtNWY0eEtF?oc=5,"Mon, 31 Aug 2026 11:38:11 GMT",Indian economy
"Kharge dismisses Modi’s GDP video as ‘PR on economy’, flags rise in prices - Nagaland Post","<a href=""https://news.google.com/rss/articles/CBMinAFBVV95cUxQcHFZZVNjUmFZS1E0bTV2X1ZEellCRkRTSjktd2dHQnBadm5NM09kN1lzV05aZzdrLWJEVERDVGp5cDVBVnZPNUFKaXlzQS1FTFlHSnBDRFc0X1hOWTl2WXNvbExDaWR3ZDdndUhYUTktMTRpRlZNVkxibzhuNGs3WDZrcWlQODY4M1I0ZnVNYnRJM09PQ1BOYV9Ua2g?oc=5"" target=""_blank"">Kharge dismisses Modi’s GDP video as ‘PR on economy’, flags rise in prices</a>&nbsp;&nbsp;<font color=""#6f6f6f"">Nagaland Post</font>",https://news.google.com/rss/articles/CBMinAFBVV95cUxQcHFZZVNjUmFZS1E0bTV2X1ZEellCRkRTSjktd2dHQnBadm5NM09kN1lzV05aZzdrLWJEVERDVGp5cDVBVnZPNUFKaXlzQS1FTFlHSnBDRFc0X1hOWTl2WXNvbExDaWR3ZDdndUhYUTktMTRpRlZNVkxibzhuNGs3WDZrcWlQODY4M1I0ZnVNYnRJM09PQ1BOYV9Ua2g?oc=5,"Wed, 02 Sep 2026 06:40:57 GMT",Indian economy
India’s economy set for 7-7.2% growth in FY27 despite global headwinds: EY - The Times of India,"<a href=""https://news.google.com/rss/articles/CBMi7gFBVV95cUxOYzROaUFfNVRHT0Jyd2JYRUlLSlZYREFzcUVWV0dZTEl5VHNDM0dsaEtRSDFWVmNReTFVSExMWnJhSDJ5cktERlZ5d0c4SUlkdHNBM1NUUTZkTGtyREl1QVJtTlJIbl9faTNnd1hhVTRoZld0cUdHTUlmRzNQdFRKUXhmdjg4THpLV1FsRG1VOW5nY09TdFR6LVNWU3NwNkFaXzNEYlEydFpCWnA0LVF3Njg3VUxpbmw4cWhfbHJVbUZlSVk5TnZod3hJaVlMTDRIUjI1RGd2ZUlaX3VkdFhLR2xkWXdEaHdwV2VWVDZB0gHzAUFVX3lxTFBpaDFGUG04VlJlSy1mck96YmV6d0tCWFdMV0JvR3lvX3YxQ0dSUWhsRVB0QmJRWHQ2MGhVd3FDbDR0RUIyUVNqMWwxckUyeUdaa0dkY3VBenhCZV9Jb0FGZ3dSUXdRQ2NtTVI5eVloZkhPQlFmdkMzMzJEbDJzNHdBWFRfbDRyazRxdUE3Ym8weVk4X0R5ZXN2WEo3dzU3NWxQVjYxMmI2aFpZQk5jb2E5bFEyYTFvWmRid3FzeHV6Q2lOQmk5NExEQWM2cHFYQW92T25jaDVxTmRDMjBVN2wwM0hYWkZpNnBDQ2lScjV6dHNXNA?oc=5"" target=""_blank"">India’s economy set for 7-7.2% growth in FY27 despite global headwinds: EY</a>&nbsp;&nbsp;<font color=""#6f6f6f"">The Times of India</font>",https://news.google.com/rss/articles/CBMi7gFBVV95cUxOYzROaUFfNVRHT0Jyd2JYRUlLSlZYREFzcUVWV0dZTEl5VHNDM0dsaEtRSDFWVmNReTFVSExMWnJhSDJ5cktERlZ5d0c4SUlkdHNBM1NUUTZkTGtyREl1QVJtTlJIbl9faTNnd1hhVTRoZld0cUdHTUlmRzNQdFRKUXhmdjg4THpLV1FsRG1VOW5nY09TdFR6LVNWU3NwNkFaXzNEYlEydFpCWnA0LVF3Njg3VUxpbmw4cWhfbHJVbUZlSVk5TnZod3hJaVlMTDRIUjI1RGd2ZUlaX3VkdFhLR2xkWXdEaHdwV2VWVDZB0gHzAUFVX3lxTFBpaDFGUG04VlJlSy1mck96YmV6d0tCWFdMV0JvR3lvX3YxQ0dSUWhsRVB0QmJRWHQ2MGhVd3FDbDR0RUIyUVNqMWwxckUyeUdaa0dkY3VBenhCZV9Jb0FGZ3dSUXdRQ2NtTVI5eVloZkhPQlFmdkMzMzJEbDJzNHdBWFRfbDRyazRxdUE3Ym8weVk4X0R5ZXN2WEo3dzU3NWxQVjYxMmI2aFpZQk5jb2E5bFEyYTFvWmRid3FzeHV6Q2lOQmk5NExEQWM2cHFYQW92T25jaDVxTmRDMjBVN2wwM0hYWkZpNnBDQ2lScjV6dHNXNA?oc=5,"Sun, 30 Aug 2026 10:12:00 GMT",Indian economy
7.8% GDP growth exposes ‘dead economy’ narrative: Gaurav - Daily Excelsior,"<a href=""https://news.google.com/rss/articles/CBMikgFBVV95cUxQUlc3YUxzQ3RmdzZZNG9GS2k4T0NuZVNvUk50UUFsN1VnN3pabTVGZDJ0STFncEhlNHVPQUMtTmtDYlRybDNJY3Z2bWt1UGFYNHNwM2R3SzZreUE0RGlMay05bjhZaFdjY0EzdmNRVjk3YkNOaDdEXzJEai1Id1RLc2NVQmdqZXkyNExUXzB0ME02d9IBkgFBVV95cUxQUlc3YUxzQ3RmdzZZNG9GS2k4T0NuZVNvUk50UUFsN1VnN3pabTVGZDJ0STFncEhlNHVPQUMtTmtDYlRybDNJY3Z2bWt1UGFYNHNwM2R3SzZreUE0RGlMay05bjhZaFdjY0EzdmNRVjk3YkNOaDdEXzJEai1Id1RLc2NVQmdqZXkyNExUXzB0ME02dw?oc=5"" target=""_blank"">7.8% GDP growth exposes ‘dead economy’ narrative: Gaurav</a>&nbsp;&nbsp;<font color=""#6f6f6f"">Daily Excelsior</font>",https://news.google.com/rss/articles/CBMikgFBVV95cUxQUlc3YUxzQ3RmdzZZNG9GS2k4T0NuZVNvUk50UUFsN1VnN3pabTVGZDJ0STFncEhlNHVPQUMtTmtDYlRybDNJY3Z2bWt1UGFYNHNwM2R3SzZreUE0RGlMay05bjhZaFdjY0EzdmNRVjk3YkNOaDdEXzJEai1Id1RLc2NVQmdqZXkyNExUXzB0ME02d9IBkgFBVV95cUxQUlc3YUxzQ3RmdzZZNG9GS2k4T0NuZVNvUk50UUFsN1VnN3pabTVGZDJ0STFncEhlNHVPQUMtTmtDYlRybDNJY3Z2bWt1UGFYNHNwM2R3SzZreUE0RGlMay05bjhZaFdjY0EzdmNRVjk3YkNOaDdEXzJEai1Id1RLc2NVQmdqZXkyNExUXzB0ME02dw?oc=5,"Tue, 01 Sep 2026 23:58:46 GMT",Indian economy
Rajiv Kumar: 'Give Credit to Where It Is Due' on Indian Economy's Growth - India Today - India Today,"<a href=""https://news.google.com/rss/articles/CBMizwFBVV95cUxQaGJoTTE1YVVpU24yUVZZUTBNWDY4UWhFRlViZnpjMS0yTlJxMzlHdXR0NGRzOGF4WllfZlByOE9xd2hYSXZ5Qm5BeWVEV1pBRC10cXNiYjRpY0RXbXlOT3h4bHgyeElXVGdYd1NJREFNOFNfdG8wVXBkeUdnMmRwUFdlWUwwTlFLbDJTYk0xMmlvMEllMWdWS09keUEtWUUxZ0t4dHNzdVoyVWRuaHRLZWtVOHdYN2EzTmFYREV3NEhydmkxVEM2UmtRYWNRUWPSAc8BQVVfeXFMUGhiaE0xNWFVaVNuMlFWWVEwTVg2OFFoRUZVYmZ6YzEtMk5ScTM5R3V0dDRkczhheFpZX2ZQcjhPcXdoWEl2eUJuQXllRFdaQUQtdHFzYmI0aWNEV215Tk94eGx4MnhJV1RnWHdTSURBTThTX3RvMFVwZHlHZzJkcFBXZVlMME5RS2wyU2JNMTJpbzBJZTFnVktPZHlBLVlFMWdLeHRzc3VaMlVkbmh0S2VrVTh3WDdhM05hWERFdzRIcnZpMVRDNlJrUWFjUVFj?oc=5"" target=""_blank"">Rajiv Kumar: 'Give Credit to Where It Is Due' on Indian Economy's Growth - India Today</a>&nbsp;&nbsp;<font color=""#6f6f6f"">India Today</font>",https://news.google.com/rss/articles/CBMizwFBVV95cUxQaGJoTTE1YVVpU24yUVZZUTBNWDY4UWhFRlViZnpjMS0yTlJxMzlHdXR0NGRzOGF4WllfZlByOE9xd2hYSXZ5Qm5BeWVEV1pBRC10cXNiYjRpY0RXbXlOT3h4bHgyeElXVGdYd1NJREFNOFNfdG8wVXBkeUdnMmRwUFdlWUwwTlFLbDJTYk0xMmlvMEllMWdWS09keUEtWUUxZ0t4dHNzdVoyVWRuaHRLZWtVOHdYN2EzTmFYREV3NEhydmkxVEM2UmtRYWNRUWPSAc8BQVVfeXFMUGhiaE0xNWFVaVNuMlFWWVEwTVg2OFFoRUZVYmZ6YzEtMk5ScTM5R3V0dDRkczhheFpZX2ZQcjhPcXdoWEl2eUJuQXllRFdaQUQtdHFzYmI0aWNEV215Tk94eGx4MnhJV1RnWHdTSURBTThTX3RvMFVwZHlHZzJkcFBXZVlMME5RS2wyU2JNMTJpbzBJZTFnVktPZHlBLVlFMWdLeHRzc3VaMlVkbmh0S2VrVTh3WDdhM05hWERFdzRIcnZpMVRDNlJrUWFjUVFj?oc=5,"Tue, 01 Sep 2026 14:38:25 GMT",Indian economy
Raghuram Rajan: India’s Jobs Crisis Needs a New Growth Model - Frontline Magazine,"<a href=""https://news.google.com/rss/articles/CBMivgFBVV95cUxNa2x0VGFxZFMxUW1Va2dDbTVjYkJBQVliTTZsV0luZGtubG1WRHdRWDRlcGQ3N05PSC1MaWk0QldRMTc3cG9nSVNmZXNuektqX1NPSGFJWHQ1UlRBYTQ4am8zQUJaSm5vdjcxXzRkS2ZMZHRhV2syNkxqM3l0clhFMFc2cEpubDJHX0VIZkpra3MzclZZbTItVVVhbUlyTjZyVW9VSWlCV3o5ZGZydmdDX0VXcDlPd2pHNjBVd2Jn0gHEAUFVX3lxTE5GaWxtWksxd3k3N0hodkNEQU1BTjJVUEtUSU1kaWx1VmFTb0U1V1V6UW01a01zdTltQVJ0UUk4eTFNZnVhUGhQQVktVzNhel85RnpTQzRGczY5TmRSZFFMQWQtX1lPbnRnWDVaajhTeVVWeUZsV3d3eVItX1dFOVVGRF9heUVfUnVaWnl4cXV5MnVzX0FyZ2V3ZVNyTUFSd0M2bERVQzdkcWxsMl9JbEtoQVpCSDZoMkJiUHhpNk5uVHZsMTQ?oc=5"" target=""_blank"">Raghuram Rajan: India’s Jobs Crisis Needs a New Growth Model</a>&nbsp;&nbsp;<font color=""#6f6f6f"">Frontline Magazine</font>",https://news.google.com/rss/articles/CBMivgFBVV95cUxNa2x0VGFxZFMxUW1Va2dDbTVjYkJBQVliTTZsV0luZGtubG1WRHdRWDRlcGQ3N05PSC1MaWk0QldRMTc3cG9nSVNmZXNuektqX1NPSGFJWHQ1UlRBYTQ4am8zQUJaSm5vdjcxXzRkS2ZMZHRhV2syNkxqM3l0clhFMFc2cEpubDJHX0VIZkpra3MzclZZbTItVVVhbUlyTjZyVW9VSWlCV3o5ZGZydmdDX0VXcDlPd2pHNjBVd2Jn0gHEAUFVX3lxTE5GaWxtWksxd3k3N0hodkNEQU1BTjJVUEtUSU1kaWx1VmFTb0U1V1V6UW01a01zdTltQVJ0UUk4eTFNZnVhUGhQQVktVzNhel85RnpTQzRGczY5TmRSZFFMQWQtX1lPbnRnWDVaajhTeVVWeUZsV3d3eVItX1dFOVVGRF9heUVfUnVaWnl4cXV5MnVzX0FyZ2V3ZVNyTUFSd0M2bERVQzdkcWxsMl9JbEtoQVpCSDZoMkJiUHhpNk5uVHZsMTQ?oc=5,"Tue, 01 Sep 2026 07:28:39 GMT",Indian economy
7.8% Q1 growth shows Indian economy has absorbed oil shock as domestic demand cushions global headwinds - ThePrint,"<a href=""https://news.google.com/rss/articles/CBMi1gFBVV95cUxPWndxMUNHb2xncjVaZ0xNRDJLU29GbDRPR1MzenFIU2tXdmVDYlFCV0lXbkItaVBhcmR5NExvQXBFRHJZUlV1YzFTd21hMnNYV2F3dHROMDRVMWl6MUpqaDlWbWR6MkxsajgtUVJ6eV9uQ2J3cEd5Y2FHWUJOUzVhMmZYRGZ5ekk3TkJpdHVtc19jUFczQzBZZGM4RTcwaGQ2eDBJOE04a1NET0hpdjAyVG5NSHdGLUxqWjhPZTl6TEF6dEJSSGZDX3JhVHhINGQzZ0xjQmR30gHbAUFVX3lxTE13M0lYUUoyZVM3QTFRN1dsLVA4UXhjbkd3NVFTVmJBLXIwcnd3U19PODJONElET2FXWWc5d3dGY0MtVWtqZFNIYjhSTHRQMmdYWUZMeUs1eXBydnc1ZEFkbDVSbExzMXRTWFB6d2lmUjhhRXNvX0NoMlRZOF9RdDNRS2ZOaW45dDNBb0RRS1JodW11Vms3ekFiM3Zyc0RUN1gxcDZCLVFlakpwM3NCVjBkb3kwTlloUWpPallWRy1TU3o3Rmtwa2JhbnB6ek5pc3lCblJsdVl4RTEzMA?oc=5"" target=""_blank"">7.8% Q1 growth shows Indian economy has absorbed oil shock as domestic demand cushions global headwinds</a>&nbsp;&nbsp;<font color=""#6f6f6f"">ThePrint</font>",https://news.google.com/rss/articles/CBMi1gFBVV95cUxPWndxMUNHb2xncjVaZ0xNRDJLU29GbDRPR1MzenFIU2tXdmVDYlFCV0lXbkItaVBhcmR5NExvQXBFRHJZUlV1YzFTd21hMnNYV2F3dHROMDRVMWl6MUpqaDlWbWR6MkxsajgtUVJ6eV9uQ2J3cEd5Y2FHWUJOUzVhMmZYRGZ5ekk3TkJpdHVtc19jUFczQzBZZGM4RTcwaGQ2eDBJOE04a1NET0hpdjAyVG5NSHdGLUxqWjhPZTl6TEF6dEJSSGZDX3JhVHhINGQzZ0xjQmR30gHbAUFVX3lxTE13M0lYUUoyZVM3QTFRN1dsLVA4UXhjbkd3NVFTVmJBLXIwcnd3U19PODJONElET2FXWWc5d3dGY0MtVWtqZFNIYjhSTHRQMmdYWUZMeUs1eXBydnc1ZEFkbDVSbExzMXRTWFB6d2lmUjhhRXNvX0NoMlRZOF9RdDNRS2ZOaW45dDNBb0RRS1JodW11Vms3ekFiM3Zyc0RUN1gxcDZCLVFlakpwM3NCVjBkb3kwTlloUWpPallWRy1TU3o3Rmtwa2JhbnB6ek5pc3lCblJsdVl4RTEzMA?oc=5,"Mon, 31 Aug 2026 14:28:37 GMT",Indian economy
Q1FY27 GDP Surprise: '7.8% offers optimism but deeper analysis reveals uneven growth' - Systematix on India Economy - Livemint,"<a href=""https://news.google.com/rss/articles/CBMiiwJBVV95cUxPT3ExNVU0bjN1X2Y5c2EzT20zLVFuX1l0QmdfVVJRblZwZVlxTWc4Q1o5Z1JQN2ZFSUt1dUNCTG96TDNyaEhfbVFLaTladG1DTENfeXZtUVdCSEF6VWF3aUg0amtIbmtxdFpQYjNmb3plcHNqNV9OVGZ2THBZQ0lCR1BTdWxVZ0oyajFiYUdHOFBrajZSUDdORFEycVotY2J5UHdYVzBOYmZmakJZVXlFWEx6VC1aTlEtQ2UzODB1SUhuS05XSEl1ZThvY05mREFRRERnSTJmVkJMUDViUXlhZENJUFlXazAwOUVzQnBKWXhMNzFRT2t0YnE4RUZJMlRBMHhNbkZLSlAtZkXSAZACQVVfeXFMUHFxV3BSWWlzMXVKeVpfTkZTQThpbW1tQmt0QWFhVmhXY216QjdYNmpON3BzbC04Q09IanZlSDdKdG9hTjBkWWFPWkZWQUFEMXJJbGRPUjFkbW1QaVZDVXVBU0dBZTZqcUNUdHZnVHJIam9ib01UUE5IbnhxNU9PbDlNUG5XX2ZqRGp0dnBGZHA0VzRvVmtMa1NjRHB2bWJYMnhHSG02VzZRUDZOUUwxdEYyc3VkY0R5ZHRaOGtLNFZwdW82WC1xVDlKTUlzaGN4MHRSckx5dVNUVllxT0l2enAxVGJMUWlPUDlYU3BhRkZYZERiVDFEdF9NbU9aUld0MW9OTDU2WUwxcXZUVU90Nms?oc=5"" target=""_blank"">Q1FY27 GDP Surprise: '7.8% offers optimism but deeper analysis reveals uneven growth' - Systematix on India Economy</a>&nbsp;&nbsp;<font color=""#6f6f6f"">Livemint</font>",https://news.google.com/rss/articles/CBMiiwJBVV95cUxPT3ExNVU0bjN1X2Y5c2EzT20zLVFuX1l0QmdfVVJRblZwZVlxTWc4Q1o5Z1JQN2ZFSUt1dUNCTG96TDNyaEhfbVFLaTladG1DTENfeXZtUVdCSEF6VWF3aUg0amtIbmtxdFpQYjNmb3plcHNqNV9OVGZ2THBZQ0lCR1BTdWxVZ0oyajFiYUdHOFBrajZSUDdORFEycVotY2J5UHdYVzBOYmZmakJZVXlFWEx6VC1aTlEtQ2UzODB1SUhuS05XSEl1ZThvY05mREFRRERnSTJmVkJMUDViUXlhZENJUFlXazAwOUVzQnBKWXhMNzFRT2t0YnE4RUZJMlRBMHhNbkZLSlAtZkXSAZACQVVfeXFMUHFxV3BSWWlzMXVKeVpfTkZTQThpbW1tQmt0QWFhVmhXY216QjdYNmpON3BzbC04Q09IanZlSDdKdG9hTjBkWWFPWkZWQUFEMXJJbGRPUjFkbW1QaVZDVXVBU0dBZTZqcUNUdHZnVHJIam9ib01UUE5IbnhxNU9PbDlNUG5XX2ZqRGp0dnBGZHA0VzRvVmtMa1NjRHB2bWJYMnhHSG02VzZRUDZOUUwxdEYyc3VkY0R5ZHRaOGtLNFZwdW82WC1xVDlKTUlzaGN4MHRSckx5dVNUVllxT0l2enAxVGJMUWlPUDlYU3BhRkZYZERiVDFEdF9NbU9aUld0MW9OTDU2WUwxcXZUVU90Nms?oc=5,"Wed, 02 Sep 2026 07:16:11 GMT",Indian economy
India Needs 20 Reforms To Become A $20 Trillion Economy By 2036: Report - ndtv.com,"<a href=""https://news.google.com/rss/articles/CBMivAFBVV95cUxQOFFPTGV1TWV2RlFZLUxzNTdtWEkxN29uVkF4d3lmelJlZkoyV1ZERUwxRUZBalNUeUVVWmhHUzhjZjF3by1RYVh5M05lUzZkT29aZm0ycHRvR2JHZWttV0dZOFdpMnlDQ2N4eEdPYUVOTmJFUGd2M29oU19sdXRGNU5oSzRXSzYwMW1MNy1XazMtR1hLSV9NQ1RPby1STnlaZHhrejZSeTUtSjR3YlF0QUYwZENyWjVKY1c5VtIBxAFBVV95cUxNcnVJN0RqNFZDZWVicFJtRWFTNDRDaElJR01ScGpEZWVkQmhhd24tMmF6LUxmNEI3STV2dzc5MDVKMnAtdkc3a3d6RWVvVElaZHZOMHRlejFJc2ZyNUNaRTB5aHhFV3hjbG9kY2tGbUtoQmZfRFRjbi10R2J0Vi1KcHE0aUhfUmRKa0M1eEozTTdZMXNIYlIwUXVXZ0NnV3RCRDluc2t3NUJORThzd1pEbUczZDh6cWRwNGY1Y2IySHJZd2dG?oc=5"" target=""_blank"">India Needs 20 Reforms To Become A $20 Trillion Economy By 2036: Report</a>&nbsp;&nbsp;<font color=""#6f6f6f"">ndtv.com</font>",https://news.google.com/rss/articles/CBMivAFBVV95cUxQOFFPTGV1TWV2RlFZLUxzNTdtWEkxN29uVkF4d3lmelJlZkoyV1ZERUwxRUZBalNUeUVVWmhHUzhjZjF3by1RYVh5M05lUzZkT29aZm0ycHRvR2JHZWttV0dZOFdpMnlDQ2N4eEdPYUVOTmJFUGd2M29oU19sdXRGNU5oSzRXSzYwMW1MNy1XazMtR1hLSV9NQ1RPby1STnlaZHhrejZSeTUtSjR3YlF0QUYwZENyWjVKY1c5VtIBxAFBVV95cUxNcnVJN0RqNFZDZWVicFJtRWFTNDRDaElJR01ScGpEZWVkQmhhd24tMmF6LUxmNEI3STV2dzc5MDVKMnAtdkc3a3d6RWVvVElaZHZOMHRlejFJc2ZyNUNaRTB5aHhFV3hjbG9kY2tGbUtoQmZfRFRjbi10R2J0Vi1KcHE0aUhfUmRKa0M1eEozTTdZMXNIYlIwUXVXZ0NnV3RCRDluc2t3NUJORThzd1pEbUczZDh6cWRwNGY1Y2IySHJZd2dG?oc=5,"Thu, 20 Aug 2026 07:00:00 GMT",Indian economy
Finance Minister Nirmala Sitharaman meets IMF chief Georgieva - ET BFSI,"<a href=""https://news.google.com/rss/articles/CBMivwFBVV95cUxQclpfMEZ0cnFxaUVjTTNIZTJmX1FXeTl4ZjIzVzVjZWRwcjdkdExqdDlOeWg2MnkyREJNYXdjQUN5dWRkYnlBREdxNHotejFWWVVuaTVYbC1xY0owVG1qZnVMMFFVcDRPWE51ZXJSb1hUaU5JRTl2OXIzUUNLR19jREpuT1ZrM0tMVDdUR1RSWFlrd0NJRGE3VXlFTVNRenZYMmg3Y01nSHpIaVRycDB5OEZvSER1Q3V5b3lLWE1UWQ?oc=5"" target=""_blank"">Finance Minister Nirmala Sitharaman meets IMF chief Georgieva</a>&nbsp;&nbsp;<font color=""#6f6f6f"">ET BFSI</font>",https://news.google.com/rss/articles/CBMivwFBVV95cUxQclpfMEZ0cnFxaUVjTTNIZTJmX1FXeTl4ZjIzVzVjZWRwcjdkdExqdDlOeWg2MnkyREJNYXdjQUN5dWRkYnlBREdxNHotejFWWVVuaTVYbC1xY0owVG1qZnVMMFFVcDRPWE51ZXJSb1hUaU5JRTl2OXIzUUNLR19jREpuT1ZrM0tMVDdUR1RSWFlrd0NJRGE3VXlFTVNRenZYMmg3Y01nSHpIaVRycDB5OEZvSER1Q3V5b3lLWE1UWQ?oc=5,"Wed, 02 Sep 2026 03:54:36 GMT",Indian economy
"Amid turbulent global economy, India sustains robust growth: Standing Committee on Finance to LS | Akashvani News - newsonair.gov.in","<a href=""https://news.google.com/rss/articles/CBMivAFBVV95cUxNQ3Ntb28zVjF1TTZiQTVSRlFyTVdSdjUtdE1Jb1laOVI1VF9lSmttSF8wYjFGaVhTUkhubGVuSEoxUjFqOGpuZVBEaVFzNWNYdVgxblA0dk1fZUp5Y0ZRcktQbzJhMERJUkxkV01HNTd5YlVRZG1rLV82WWNMc3oySlFLZklHd0dsTHFSYWtrWEJDcWpqWDh1Sl9tS0RPWGZiNVZjQkxjbi1oa0MycnhOd1FmMFVGeFh1dzJwaQ?oc=5"" target=""_blank"">Amid turbulent global economy, India sustains robust growth: Standing Committee on Finance to LS | Akashvani News</a>&nbsp;&nbsp;<font color=""#6f6f6f"">newsonair.gov.in</font>",https://news.google.com/rss/articles/CBMivAFBVV95cUxNQ3Ntb28zVjF1TTZiQTVSRlFyTVdSdjUtdE1Jb1laOVI1VF9lSmttSF8wYjFGaVhTUkhubGVuSEoxUjFqOGpuZVBEaVFzNWNYdVgxblA0dk1fZUp5Y0ZRcktQbzJhMERJUkxkV01HNTd5YlVRZG1rLV82WWNMc3oySlFLZklHd0dsTHFSYWtrWEJDcWpqWDh1Sl9tS0RPWGZiNVZjQkxjbi1oa0MycnhOd1FmMFVGeFh1dzJwaQ?oc=5,"Mon, 31 Aug 2026 23:56:07 GMT",Indian economy
"Dell, Palo Alto, Credo Technology, MongoDB, GitLab: Why These 5 Stocks Are on Investors' Radars Today - TradingView","<a href=""https://news.google.com/rss/articles/CBMi6gFBVV95cUxPSWUwejNyMU8xbkt6aHJpQTlELVVBaHdlMVVhdjVFNUhzSUMtMkljWFJCejVSUHRzLVZoTmRGMUJkUndmVkZSSWV3OU5RekpRUXd6WURJdmR1eXEwUTY3bDdCSjZpV2pLZEo1eWtreHBsMDc5SUR0NlRCWjNKOTRaZlBETXBwTndLazBXek5lLTVhd2t6c2F0ZmlpQzdOWndaTkZCSF9fRUE3R1h1UE5zdkFkVWRIZzlGSUVfX1E0OGFDeVpkS0pwNWp3N0xlYU5SdEpPcDl1NHhGM0JOcGN1aTVLd1IzOGg1eUE?oc=5"" target=""_blank"">Dell, Palo Alto, Credo Technology, MongoDB, GitLab: Why These 5 Stocks Are on Investors' Radars Today</a>&nbsp;&nbsp;<font color=""#6f6f6f"">TradingView</font>",https://news.google.com/rss/articles/CBMi6gFBVV95cUxPSWUwejNyMU8xbkt6aHJpQTlELVVBaHdlMVVhdjVFNUhzSUMtMkljWFJCejVSUHRzLVZoTmRGMUJkUndmVkZSSWV3OU5RekpRUXd6WURJdmR1eXEwUTY3bDdCSjZpV2pLZEo1eWtreHBsMDc5SUR0NlRCWjNKOTRaZlBETXBwTndLazBXek5lLTVhd2t6c2F0ZmlpQzdOWndaTkZCSF9fRUE3R1h1UE5zdkFkVWRIZzlGSUVfX1E0OGFDeVpkS0pwNWp3N0xlYU5SdEpPcDl1NHhGM0JOcGN1aTVLd1IzOGg1eUE?oc=5,"Wed, 02 Sep 2026 01:29:53 GMT",technology stocks
"IT Stocks In Red: Infosys, TCS, Persistent, Coforge, Others Drag Nifty IT Index Over 2% - NDTV Profit","<a href=""https://news.google.com/rss/articles/CBMiwwFBVV95cUxNZV91ZF9WMkhheTd3MEJrLXJaQ3lSNTA1NnNGWmlGZ0N1cjU3QWx1RkJMOGtwNE5ySEZ0WUJGMTdTNHpjYUdNa1pTVVNkM1VGS2p3Qy1kRnRRZUl1bWdXMldaNEpEOTFmb042UTZZTHRtcVE5cDJKcm9nVTkxMXlDanVLUk8wYVRvQm12ekstelZadmloQU9JZU5tc0lnOXhzenlCbHV4U1ZpRHJvYjFmRi01Y3JRMjFMUnJnSXIxSFlZYUnSAcsBQVVfeXFMTXRoTWhKaEdiRnN4SXdwX0Zna0xvM3FSVUxkUDhYb3VnaW1uRFBSNTFoTHpyRG45Wlgwb1BNNnFTbnBvdDZKMmxsZVl1dWFZcWNkOW1ZeE84Ym9EUmpvT2M0aUkxR1BNR1dKU0w0c3pfNXRGR0tkU3dzaG5BWnZybDc3WjlUY0s5elpuRGN3RzlMWEx6cF9nM2MtY3l3bWo2NEVhRHFsY1U1cTlkU3dUVjRpcWRjc0tBY2hpN0RBcG1Sbk53NWdPXzZEaE0?oc=5"" target=""_blank"">IT Stocks In Red: Infosys, TCS, Persistent, Coforge, Others Drag Nifty IT Index Over 2%</a>&nbsp;&nbsp;<font color=""#6f6f6f"">NDTV Profit</font>",https://news.google.com/rss/articles/CBMiwwFBVV95cUxNZV91ZF9WMkhheTd3MEJrLXJaQ3lSNTA1NnNGWmlGZ0N1cjU3QWx1RkJMOGtwNE5ySEZ0WUJGMTdTNHpjYUdNa1pTVVNkM1VGS2p3Qy1kRnRRZUl1bWdXMldaNEpEOTFmb042UTZZTHRtcVE5cDJKcm9nVTkxMXlDanVLUk8wYVRvQm12ekstelZadmloQU9JZU5tc0lnOXhzenlCbHV4U1ZpRHJvYjFmRi01Y3JRMjFMUnJnSXIxSFlZYUnSAcsBQVVfeXFMTXRoTWhKaEdiRnN4SXdwX0Zna0xvM3FSVUxkUDhYb3VnaW1uRFBSNTFoTHpyRG45Wlgwb1BNNnFTbnBvdDZKMmxsZVl1dWFZcWNkOW1ZeE84Ym9EUmpvT2M0aUkxR1BNR1dKU0w0c3pfNXRGR0tkU3dzaG5BWnZybDc3WjlUY0s5elpuRGN3RzlMWEx6cF9nM2MtY3l3bWo2NEVhRHFsY1U1cTlkU3dUVjRpcWRjc0tBY2hpN0RBcG1Sbk53NWdPXzZEaE0?oc=5,"Wed, 02 Sep 2026 05:14:27 GMT",technology stocks
Large Cap Stocks At 52-Week Highs: Monday’s Full List - Trefis,"<a href=""https://news.google.com/rss/articles/CBMisAFBVV95cUxOU1VJOHdjcmpTcWdmNHVLakpDRG44U2dUN01jeFZ4ZC15Q0RCamhCQVdHRFQ0eHBDcWZ6OVBCeTItV2t4RVFBdklPNHBJUF9CQk52V0wwOGotWDdqTXhKTndicWprTXotYVNYcWl3aTlIQXBtV0xXNWlJa2ZZOEdJNU1pUHN1UFlzdnV4bW0wd3F1SW1KbVVuQnR5cGZnOGJOX3laN3BxZ0hOU3lBTkxwRg?oc=5"" target=""_blank"">Large Cap Stocks At 52-Week Highs: Monday’s Full List</a>&nbsp;&nbsp;<font color=""#6f6f6f"">Trefis</font>",https://news.google.com/rss/articles/CBMisAFBVV95cUxOU1VJOHdjcmpTcWdmNHVLakpDRG44U2dUN01jeFZ4ZC15Q0RCamhCQVdHRFQ0eHBDcWZ6OVBCeTItV2t4RVFBdklPNHBJUF9CQk52V0wwOGotWDdqTXhKTndicWprTXotYVNYcWl3aTlIQXBtV0xXNWlJa2ZZOEdJNU1pUHN1UFlzdnV4bW0wd3F1SW1KbVVuQnR5cGZnOGJOX3laN3BxZ0hOU3lBTkxwRg?oc=5,"Wed, 02 Sep 2026 05:23:48 GMT",technology stocks
Uber Technologies Stock: Is UBER Underperforming the Technology Sector? - Yahoo Finance,"<a href=""https://news.google.com/rss/articles/CBMirgFBVV95cUxOWDZCczhSY0JESzVrVTFCc2hpM1dCM0hwR0pLZi03TVAxa0FJNXl2SDZ2NHh4Q29ZeFhVY1Frd2dvNUhTYlRxeGtCbHI5aDFWaW5ZQlpzdEhtV2pQNzRkNVF1SE5jMlpYLWNwUmhhODcwcTBuV3pJN1dfakhzZUplOXFKMnRwZEN0VDJUR3hGVV9ibzRLYmJQQzA5ZkF1UUdBTjFuOW9TbmxFdUhRTUE?oc=5"" target=""_blank"">Uber Technologies Stock: Is UBER Underperforming the Technology Sector?</a>&nbsp;&nbsp;<font color=""#6f6f6f"">Yahoo Finance</font>",https://news.google.com/rss/articles/CBMirgFBVV95cUxOWDZCczhSY0JESzVrVTFCc2hpM1dCM0hwR0pLZi03TVAxa0FJNXl2SDZ2NHh4Q29ZeFhVY1Frd2dvNUhTYlRxeGtCbHI5aDFWaW5ZQlpzdEhtV2pQNzRkNVF1SE5jMlpYLWNwUmhhODcwcTBuV3pJN1dfakhzZUplOXFKMnRwZEN0VDJUR3hGVV9ibzRLYmJQQzA5ZkF1UUdBTjFuOW9TbmxFdUhRTUE?oc=5,"Tue, 01 Sep 2026 15:52:44 GMT",technology stocks
"ASX Midday Sector Update: Communication Services Stocks Advance, Information Technology Sector Struggles - marketscreener.com","<a href=""https://news.google.com/rss/articles/CBMi5gFBVV95cUxObzk3bVZGeXVpTUNwd3RaeUxTaWRZWGloWFBtLWI4b1diVkZCenJmWGNCU3B1dGdFa2FVSU4tZEloOW40dUJyMjB3NHZwUEFsaWRxbnJpc1RyRUxodDRPQ1hOY1owa1YxaFZNQ0ZybU1RX2hpUG96UVdlcUxXU0E0YTVSYUI4WjhEQTAtcmRRZ3Rnd3VyajRZdDEzNzA0OTdieUp2cklpSDJjWGlRRjNpdVlkTi00MTFQUFI5TEVpX2FiX0IybjluQV9zQWpQLXQ2VEZROGVDSjRkUGRHV2xXQzBwLW1KQQ?oc=5"" target=""_blank"">ASX Midday Sector Update: Communication Services Stocks Advance, Information Technology Sector Struggles</a>&nbsp;&nbsp;<font color=""#6f6f6f"">marketscreener.com</font>",https://news.google.com/rss/articles/CBMi5gFBVV95cUxObzk3bVZGeXVpTUNwd3RaeUxTaWRZWGloWFBtLWI4b1diVkZCenJmWGNCU3B1dGdFa2FVSU4tZEloOW40dUJyMjB3NHZwUEFsaWRxbnJpc1RyRUxodDRPQ1hOY1owa1YxaFZNQ0ZybU1RX2hpUG96UVdlcUxXU0E0YTVSYUI4WjhEQTAtcmRRZ3Rnd3VyajRZdDEzNzA0OTdieUp2cklpSDJjWGlRRjNpdVlkTi00MTFQUFI5TEVpX2FiX0IybjluQV9zQWpQLXQ2VEZROGVDSjRkUGRHV2xXQzBwLW1KQQ?oc=5,"Wed, 02 Sep 2026 02:52:14 GMT",technology stocks
"OGIG Gains 10% in August as Cloud, AI Stocks Rally - ETF Database","<a href=""https://news.google.com/rss/articles/CBMihgFBVV95cUxNZ1hacGFJLXRQVHhDYm1faGgwMWxCSEJFaENMemNEdFhjM1ltYUZIcXFhcnpMR2lka3FwMEpqMzYydzd1MmtPbFZOVjNaN29qR1NrNHpzdFhYSkJxU0V5WFhFUEFWLW9QUFVQTkZLYk5ScDdkeWp5b0thVm1idkN1SC1Fd1hIQQ?oc=5"" target=""_blank"">OGIG Gains 10% in August as Cloud, AI Stocks Rally</a>&nbsp;&nbsp;<font color=""#6f6f6f"">ETF Database</font>",https://news.google.com/rss/articles/CBMihgFBVV95cUxNZ1hacGFJLXRQVHhDYm1faGgwMWxCSEJFaENMemNEdFhjM1ltYUZIcXFhcnpMR2lka3FwMEpqMzYydzd1MmtPbFZOVjNaN29qR1NrNHpzdFhYSkJxU0V5WFhFUEFWLW9QUFVQTkZLYk5ScDdkeWp5b0thVm1idkN1SC1Fd1hIQQ?oc=5,"Tue, 01 Sep 2026 20:17:38 GMT",technology stocks
"Prediction: If a September Sell-Off Hits Speculative AI Stocks, Quantum Computing Falls First - The Motley Fool","<a href=""https://news.google.com/rss/articles/CBMimAFBVV95cUxOYXIwY3ltdEEwN0RNZ0t6cmFEV0lhTG5kS0NnenU3QjdCMGRYeFljZDkwcGpyWW11b1IySDhwSERBbmljOWJCUWNtcFBvRC00djBHd3VNV0J0TlpvVTd0NWxPVzhfQ1ZQMU45clMwSDBwZWt6dkpfUHJfZy1SSklHRjlGTkZreXA3eVQzUXBHMHdqcFJXX2FRNA?oc=5"" target=""_blank"">Prediction: If a September Sell-Off Hits Speculative AI Stocks, Quantum Computing Falls First</a>&nbsp;&nbsp;<font color=""#6f6f6f"">The Motley Fool</font>",https://news.google.com/rss/articles/CBMimAFBVV95cUxOYXIwY3ltdEEwN0RNZ0t6cmFEV0lhTG5kS0NnenU3QjdCMGRYeFljZDkwcGpyWW11b1IySDhwSERBbmljOWJCUWNtcFBvRC00djBHd3VNV0J0TlpvVTd0NWxPVzhfQ1ZQMU45clMwSDBwZWt6dkpfUHJfZy1SSklHRjlGTkZreXA3eVQzUXBHMHdqcFJXX2FRNA?oc=5,"Tue, 01 Sep 2026 21:50:00 GMT",technology stocks
3 US Growth Stocks With Long Duration Tech Exposure Retail Investors Should Screen - simplywall.st,"<a href=""https://news.google.com/rss/articles/CBMiywFBVV95cUxNdXJXdUx3SGt5UDYzbTBNNnNaR3I1Q2luamtYVzIxMXZWdDVBRUhHSG5PVVFXNnI1bkxxQ2RoSl9oR1hJSUpidW5FVGUtY2ZLWXJEZm9qSFE2VmFlbExvVXltcmdCN1I1dzBXN2FUV05XMENXYXJwRlB2VUlLRHBVbUxUZDhlZFBiNHU0SVU0T0l4R19sRms3bHA4UGtub3pNbFNlSWc3dEY1UVZCMEUwaEZPSUhhX19ySE9aUFVrSHZwbi10M29yWTJBTdIB0AFBVV95cUxNOHRfdGIwVmhmamFRdHNHMDhjMWFQakNZY1liRE1OS1JiUXR1NEhCWU0xSkNJMVo0VlFLQ0RwZ2dDRktkM25Pb2tMNDQzSjVwWXpTT1Z6Mmo1NkxEYmJUUDZnU2l3aVFzN2xZYThPNksyQl9CQWpmeHk1VXRHUFhZcm1SaEQtNTFfbUJzekpSOUpwMW1hdk9Hc2hOZ3VtYVlINE02dkc0N0Foa1BKSDZKOXJLSTNCWF9sSEwxN1NGbnNuOFR2Zkppd1NfTEo0Z0tj?oc=5"" target=""_blank"">3 US Growth Stocks With Long Duration Tech Exposure Retail Investors Should Screen</a>&nbsp;&nbsp;<font color=""#6f6f6f"">simplywall.st</font>",https://news.google.com/rss/articles/CBMiywFBVV95cUxNdXJXdUx3SGt5UDYzbTBNNnNaR3I1Q2luamtYVzIxMXZWdDVBRUhHSG5PVVFXNnI1bkxxQ2RoSl9oR1hJSUpidW5FVGUtY2ZLWXJEZm9qSFE2VmFlbExvVXltcmdCN1I1dzBXN2FUV05XMENXYXJwRlB2VUlLRHBVbUxUZDhlZFBiNHU0SVU0T0l4R19sRms3bHA4UGtub3pNbFNlSWc3dEY1UVZCMEUwaEZPSUhhX19ySE9aUFVrSHZwbi10M29yWTJBTdIB0AFBVV95cUxNOHRfdGIwVmhmamFRdHNHMDhjMWFQakNZY1liRE1OS1JiUXR1NEhCWU0xSkNJMVo0VlFLQ0RwZ2dDRktkM25Pb2tMNDQzSjVwWXpTT1Z6Mmo1NkxEYmJUUDZnU2l3aVFzN2xZYThPNksyQl9CQWpmeHk1VXRHUFhZcm1SaEQtNTFfbUJzekpSOUpwMW1hdk9Hc2hOZ3VtYVlINE02dkc0N0Foa1BKSDZKOXJLSTNCWF9sSEwxN1NGbnNuOFR2Zkppd1NfTEo0Z0tj?oc=5,"Tue, 01 Sep 2026 18:42:36 GMT",technology stocks
What are Tech Stocks? Understanding IT Sector Companies and Their Stocks - Analytics Insight,"<a href=""https://news.google.com/rss/articles/CBMisAFBVV95cUxPWjB0R08wQXc5TnYtR2M0MmxHaFVXNWFCVUNvS003eDFDc1RZMDBTMnVHZDcxTnJzWmlRV0dobXc2a2xtdDVnWmc2MjU5RjRwZVJ3alJiTkpxc2V1X0YyRVRCWjg1U0tIZHBnbzNxU0cteHZTVGd1RmlMcW5SZnJEZksxY3hmTUxaSU9Bc1RGamwyVDhCQ0c2SnYxb19JYVNXSDRkZFNqaGM2ZzhseDlMTtIBvgFBVV95cUxPVUZxd0h5SElVazlEbDZqRmpxZHhkaW9WT1hueDlnaFdNdkx3TmlKcmlzVlRrUXNmSW9oNUY4Y1JZQU9iT2t6ZUhNTXlMX3Q4QklNZnVhbGJDaEdPMUdYS3BHeTZQNjZQWXItYXJfdHhZU2VlWUIwVVM0cXpzQmxKYkFxeEdrTVBwcW01MXdYWEtrMDRBUUtIVmhNYi1FTUswNkQ5aVprekVra09EYWdJUTFfOU5ySFhucUlCMFVn?oc=5"" target=""_blank"">What are Tech Stocks? Understanding IT Sector Companies and Their Stocks</a>&nbsp;&nbsp;<font color=""#6f6f6f"">Analytics Insight</font>",https://news.google.com/rss/articles/CBMisAFBVV95cUxPWjB0R08wQXc5TnYtR2M0MmxHaFVXNWFCVUNvS003eDFDc1RZMDBTMnVHZDcxTnJzWmlRV0dobXc2a2xtdDVnWmc2MjU5RjRwZVJ3alJiTkpxc2V1X0YyRVRCWjg1U0tIZHBnbzNxU0cteHZTVGd1RmlMcW5SZnJEZksxY3hmTUxaSU9Bc1RGamwyVDhCQ0c2SnYxb19JYVNXSDRkZFNqaGM2ZzhseDlMTtIBvgFBVV95cUxPVUZxd0h5SElVazlEbDZqRmpxZHhkaW9WT1hueDlnaFdNdkx3TmlKcmlzVlRrUXNmSW9oNUY4Y1JZQU9iT2t6ZUhNTXlMX3Q4QklNZnVhbGJDaEdPMUdYS3BHeTZQNjZQWXItYXJfdHhZU2VlWUIwVVM0cXpzQmxKYkFxeEdrTVBwcW01MXdYWEtrMDRBUUtIVmhNYi1FTUswNkQ5aVprekVra09EYWdJUTFfOU5ySFhucUlCMFVn?oc=5,"Tue, 01 Sep 2026 15:30:00 GMT",technology stocks
Dell rises 8.7% after earnings as tech stocks diverge post-selloff - TechStock²,"<a href=""https://news.google.com/rss/articles/CBMijgFBVV95cUxOWXpFY2lJTXVKdWJYVVlZOGlRNy1DR1M0aTBYWFZHVjRKSXdxYlh1TFBKNUlQanB4bVRqOU9sMndJWk5tTFRyN3JOUFluM0VFOWtTUVRzaEIzZEVsa1l0dVlRM2ZvQlhndHlDZFNqbmdXMU5ySjlzNVR2OUxYdmFzaHAzTWs3THpnNEZab0NB?oc=5"" target=""_blank"">Dell rises 8.7% after earnings as tech stocks diverge post-selloff</a>&nbsp;&nbsp;<font color=""#6f6f6f"">TechStock²</font>",https://news.google.com/rss/articles/CBMijgFBVV95cUxOWXpFY2lJTXVKdWJYVVlZOGlRNy1DR1M0aTBYWFZHVjRKSXdxYlh1TFBKNUlQanB4bVRqOU9sMndJWk5tTFRyN3JOUFluM0VFOWtTUVRzaEIzZEVsa1l0dVlRM2ZvQlhndHlDZFNqbmdXMU5ySjlzNVR2OUxYdmFzaHAzTWs3THpnNEZab0NB?oc=5,"Tue, 01 Sep 2026 21:11:38 GMT",technology stocks
Global Market: Japan stocks see sector rotation as tech shares tumble - The Economic Times,"<a href=""https://news.google.com/rss/articles/CBMiwAJBVV95cUxPZ044YTl0eTdXYW8yVTFhNy1uOWdnSldYbW9DaUpGbWMzekQyZUZtdWM0blBacVR6TjF6amdKWmdsRzRvdEJ2TzIzQjl3T1VFQktmSFpNRHRxbGp3MmoxNy1OZ3JZNFFieTl6TDVpQUZaRHROYnZTNUtmYU1SLU5xMWpfREozQ1NzaTUzWkV5NUh4dUNMYnhqbDNuRlg2M3NnZ3BHalR0bmFjaG10NEV3SUFpTXZrb3JIUGN6dldXWUxKTC1jMnEzcW1FY1V4Zlc3bzdGS0RodE1TZnVMSWZYcmdhNGlRZzJpMFljZ0F4SV93QjR1U2g3Z1hmNjd2YUthNTBqbC1lcFIzWG9FNjVMN09OM2c5Z0kwaG9SMDRsYVpiVnM1cURCMmxfMUNQWFhWUTBuT1BSNEVoZkpqb1d1ZdIB3AFBVV95cUxPdXRqd3lONVViNmdJZ3BWMmxJX0tZWXQwMTJ4cW5KR19nZWFrTDQtNjFpRTdiUWZZVFp5MW9NQ0ttSFR6LUZvX2ZKWXI3aF9yQk9WUjhqVDNxMzk2blpjOEZfSUt1SXR2MDR4WGpDdHNGSlItVTd4TmJpNG9nNUhfTkEwV1VqQkdzeGd5UkNacEZ5b0llWWtwNGd5cWJheHZjSnZPR29Jd0F2X2lTbDRrSDRMWEQzbDZRMmJIdmh5dEpuaWZKSndXODZpaG5xWnVPUmU1cXZHMXhreFpH?oc=5"" target=""_blank"">Global Market: Japan stocks see sector rotation as tech shares tumble</a>&nbsp;&nbsp;<font color=""#6f6f6f"">The Economic Times</font>",https://news.google.com/rss/articles/CBMiwAJBVV95cUxPZ044YTl0eTdXYW8yVTFhNy1uOWdnSldYbW9DaUpGbWMzekQyZUZtdWM0blBacVR6TjF6amdKWmdsRzRvdEJ2TzIzQjl3T1VFQktmSFpNRHRxbGp3MmoxNy1OZ3JZNFFieTl6TDVpQUZaRHROYnZTNUtmYU1SLU5xMWpfREozQ1NzaTUzWkV5NUh4dUNMYnhqbDNuRlg2M3NnZ3BHalR0bmFjaG10NEV3SUFpTXZrb3JIUGN6dldXWUxKTC1jMnEzcW1FY1V4Zlc3bzdGS0RodE1TZnVMSWZYcmdhNGlRZzJpMFljZ0F4SV93QjR1U2g3Z1hmNjd2YUthNTBqbC1lcFIzWG9FNjVMN09OM2c5Z0kwaG9SMDRsYVpiVnM1cURCMmxfMUNQWFhWUTBuT1BSNEVoZkpqb1d1ZdIB3AFBVV95cUxPdXRqd3lONVViNmdJZ3BWMmxJX0tZWXQwMTJ4cW5KR19nZWFrTDQtNjFpRTdiUWZZVFp5MW9NQ0ttSFR6LUZvX2ZKWXI3aF9yQk9WUjhqVDNxMzk2blpjOEZfSUt1SXR2MDR4WGpDdHNGSlItVTd4TmJpNG9nNUhfTkEwV1VqQkdzeGd5UkNacEZ5b0llWWtwNGd5cWJheHZjSnZPR29Jd0F2X2lTbDRrSDRMWEQzbDZRMmJIdmh5dEpuaWZKSndXODZpaG5xWnVPUmU1cXZHMXhreFpH?oc=5,"Tue, 01 Sep 2026 04:37:31 GMT",technology stocks
Technology stocks drag Sri Lankan shares lower - TradingView,"<a href=""https://news.google.com/rss/articles/CBMitwFBVV95cUxQWTRndnBKZmFSb1YtNnVaUGVnU1hQWVlzSG9lbzBJdWhpeXktMEtJT2VSSkZiVWNkenJsMDFtUVdVV25USnlhUjltS040cTJnNS1CMHY1S2lrUXUzOHZxdXFWcVlwMGtTR3VsZ25HWEExSXRsN1BBakVVNHF1VGpQTklSV01vRzI3UnpoY0RHYTJvejhMQURnYkp6UlRTZTBPWkpjN293SktIZlhSV0oycHB3cHMyejQ?oc=5"" target=""_blank"">Technology stocks drag Sri Lankan shares lower</a>&nbsp;&nbsp;<font color=""#6f6f6f"">TradingView</font>",https://news.google.com/rss/articles/CBMitwFBVV95cUxQWTRndnBKZmFSb1YtNnVaUGVnU1hQWVlzSG9lbzBJdWhpeXktMEtJT2VSSkZiVWNkenJsMDFtUVdVV25USnlhUjltS040cTJnNS1CMHY1S2lrUXUzOHZxdXFWcVlwMGtTR3VsZ25HWEExSXRsN1BBakVVNHF1VGpQTklSV01vRzI3UnpoY0RHYTJvejhMQURnYkp6UlRTZTBPWkpjN293SktIZlhSV0oycHB3cHMyejQ?oc=5,"Tue, 01 Sep 2026 12:12:05 GMT",technology stocks
Is Micron Technology Stock Outperforming the Nasdaq? - Yahoo Finance,"<a href=""https://news.google.com/rss/articles/CBMirgFBVV95cUxQaTM5ZDVlZmYzZ1RFcm9lREFZS29zTmtwSG1aNi0wSlFhU05XN2N2MDhfVXhjWG45NXVEcmhMcXo2STJjMnN6SVZBbFhMMmZZc0RsR3h6YzNqaFJ6RG0tRXd4QlFqX3NKekRHTXM3ZEtGNTBxVGMyelp6d1JrVDVUV1FLeHZmVS1JQl9HSC1GUDZPQ1R4elpIOEJVV0ZSWVZXQVU5aldXYUNzTEtLVEE?oc=5"" target=""_blank"">Is Micron Technology Stock Outperforming the Nasdaq?</a>&nbsp;&nbsp;<font color=""#6f6f6f"">Yahoo Finance</font>",https://news.google.com/rss/articles/CBMirgFBVV95cUxQaTM5ZDVlZmYzZ1RFcm9lREFZS29zTmtwSG1aNi0wSlFhU05XN2N2MDhfVXhjWG45NXVEcmhMcXo2STJjMnN6SVZBbFhMMmZZc0RsR3h6YzNqaFJ6RG0tRXd4QlFqX3NKekRHTXM3ZEtGNTBxVGMyelp6d1JrVDVUV1FLeHZmVS1JQl9HSC1GUDZPQ1R4elpIOEJVV0ZSWVZXQVU5aldXYUNzTEtLVEE?oc=5,"Tue, 01 Sep 2026 13:39:13 GMT",technology stocks
Only Two Days Left To Cash In On PAX Global Technology's (HKG:327) Dividend - simplywall.st,"<a href=""https://news.google.com/rss/articles/CBMi1gFBVV95cUxQbUlSV1BWSFdNelk2MHFPNUM2UEFYSlZjQm9Bb2ZRTDR2UUc0NkRGZjA1OTFiNW9vSFlRVHg1VHVEX3hiTXctXzhZeHJjaGltMktSNHFpWkZZSGQ0cEduZDZJUjd5WVp6eXBnUXJwZDN1ZUNGdXNJdnNRNTBrdnkwN1NSYVVLYzZDT3djNUV2TWU2REoyZkM2SGw0U3h0S3B3U0hCZWdFMWg2UDI4MlVOWE1TYlh1QVVwTzNJbV9WbTg1ZThkNkYwaXBZd0s2SlM3aGJQQ19R0gHbAUFVX3lxTE9WdEtoamZnRERPdDMxU0hfMEFGVFVZSlBBZm5pS25YT19ZZEc5X3NWZzFHYzZ5MzlQaExGTnBHcUk4Z2FzT3NCZ0J0WV9QaV9xdHp3ZjVsZEpzN0VKLUVZc3BVLVhqUElPY0N3YzFkdVlibVdkRTFvTURVanpYcGxQTmFTSjlheUFrdXlnbFZXUGdtdUVqeGFnb3pWUHoybTE5WUVRaG1FcmR0d2ctNGN2OFNTN281MFlpX0wwc0RQY1FSaUt5WGViNDFOUTBISDdyX2NwWXJRZ25HQQ?oc=5"" target=""_blank"">Only Two Days Left To Cash In On PAX Global Technology's (HKG:327) Dividend</a>&nbsp;&nbsp;<font color=""#6f6f6f"">simplywall.st</font>",https://news.google.com/rss/articles/CBMi1gFBVV95cUxQbUlSV1BWSFdNelk2MHFPNUM2UEFYSlZjQm9Bb2ZRTDR2UUc0NkRGZjA1OTFiNW9vSFlRVHg1VHVEX3hiTXctXzhZeHJjaGltMktSNHFpWkZZSGQ0cEduZDZJUjd5WVp6eXBnUXJwZDN1ZUNGdXNJdnNRNTBrdnkwN1NSYVVLYzZDT3djNUV2TWU2REoyZkM2SGw0U3h0S3B3U0hCZWdFMWg2UDI4MlVOWE1TYlh1QVVwTzNJbV9WbTg1ZThkNkYwaXBZd0s2SlM3aGJQQ19R0gHbAUFVX3lxTE9WdEtoamZnRERPdDMxU0hfMEFGVFVZSlBBZm5pS25YT19ZZEc5X3NWZzFHYzZ5MzlQaExGTnBHcUk4Z2FzT3NCZ0J0WV9QaV9xdHp3ZjVsZEpzN0VKLUVZc3BVLVhqUElPY0N3YzFkdVlibVdkRTFvTURVanpYcGxQTmFTSjlheUFrdXlnbFZXUGdtdUVqeGFnb3pWUHoybTE5WUVRaG1FcmR0d2ctNGN2OFNTN281MFlpX0wwc0RQY1FSaUt5WGViNDFOUTBISDdyX2NwWXJRZ25HQQ?oc=5,"Tue, 01 Sep 2026 23:29:41 GMT",technology stocks
KOSPI rebounds as chip stocks recover while Nikkei 225 slides on bond shock - TradingView,"<a href=""https://news.google.com/rss/articles/CBMizAFBVV95cUxPWUIyaVBuTkFFZjA1djBiRjZudFlkbUpJNzR2OWpabHFrOUJfTVNIVXFWZ2UzNWRJaWJnUkdoNFV1bTZpNE9tYkxtNldLaGozWUtDc3NwN2ZHZ0FEUEx5bzdWMUwzODJ3ZjFQNk1fTVlPSlpubnNHenhIWkt3UmJOeDlZbnVOTVpmMUxGM01FUjRlQzRlT3R0Uk9yTE9GaWg4TEhzVWN5ZDF0Zm1peUFCQ05tZFVfdkpxU3p4c2VGTFdMak93MTdkNUQ2cWw?oc=5"" target=""_blank"">KOSPI rebounds as chip stocks recover while Nikkei 225 slides on bond shock</a>&nbsp;&nbsp;<font color=""#6f6f6f"">TradingView</font>",https://news.google.com/rss/articles/CBMizAFBVV95cUxPWUIyaVBuTkFFZjA1djBiRjZudFlkbUpJNzR2OWpabHFrOUJfTVNIVXFWZ2UzNWRJaWJnUkdoNFV1bTZpNE9tYkxtNldLaGozWUtDc3NwN2ZHZ0FEUEx5bzdWMUwzODJ3ZjFQNk1fTVlPSlpubnNHenhIWkt3UmJOeDlZbnVOTVpmMUxGM01FUjRlQzRlT3R0Uk9yTE9GaWg4TEhzVWN5ZDF0Zm1peUFCQ05tZFVfdkpxU3p4c2VGTFdMak93MTdkNUQ2cWw?oc=5,"Tue, 01 Sep 2026 04:42:00 GMT",technology stocks
Intel Stock: Is INTC Outperforming the Technology Sector? - Yahoo Finance,"<a href=""https://news.google.com/rss/articles/CBMiqgFBVV95cUxNbmV1eDdOSjd6UFlWcjBDZUxCeWJxOXNYbkItNkRjYUdOOUVqOEFSZjNxVUNmZk16ZnBYWmdSZ2pXdi1IdndzZUtfTkxUcTgxWW9lbXA0blFzVjF5Qkg5Z1BMb2N5TFFLV053akh0VGExMWUxMlhqTXEyeXV0WmQwWDRnVm94Ty0wMGpaSjJFR3hnNnRTaldPQU4wN1FlZTNqaDBhX3k1X2c3UQ?oc=5"" target=""_blank"">Intel Stock: Is INTC Outperforming the Technology Sector?</a>&nbsp;&nbsp;<font color=""#6f6f6f"">Yahoo Finance</font>",https://news.google.com/rss/articles/CBMiqgFBVV95cUxNbmV1eDdOSjd6UFlWcjBDZUxCeWJxOXNYbkItNkRjYUdOOUVqOEFSZjNxVUNmZk16ZnBYWmdSZ2pXdi1IdndzZUtfTkxUcTgxWW9lbXA0blFzVjF5Qkg5Z1BMb2N5TFFLV053akh0VGExMWUxMlhqTXEyeXV0WmQwWDRnVm94Ty0wMGpaSjJFR3hnNnRTaldPQU4wN1FlZTNqaDBhX3k1X2c3UQ?oc=5,"Tue, 01 Sep 2026 11:12:40 GMT",technology stocks
Credo Technology Group Holding Ltd. (CRDO) Q1 Earnings and Revenues Beat Estimates - Yahoo Finance,"<a href=""https://news.google.com/rss/articles/CBMioAFBVV95cUxOSFVhMUJsZHlZU2Y1d2xuWUVmTEFadDhsSS1ISzNyNHhEUmRQV0JHdS05cTR3cDV2bkRnUFJMckd5NGdMaEJ1OFVlLTlUUmZPM2NZb0hObU8tejQxUkNCYzFpeFppbGw5bTBnY043MnNMQTFWZzJuZEZOb2tCWWgzU3BFR1lMV3pUNHRMOG9DSl8xRWYxTVAxdkdpWlRKWlVH?oc=5"" target=""_blank"">Credo Technology Group Holding Ltd. (CRDO) Q1 Earnings and Revenues Beat Estimates</a>&nbsp;&nbsp;<font color=""#6f6f6f"">Yahoo Finance</font>",https://news.google.com/rss/articles/CBMioAFBVV95cUxOSFVhMUJsZHlZU2Y1d2xuWUVmTEFadDhsSS1ISzNyNHhEUmRQV0JHdS05cTR3cDV2bkRnUFJMckd5NGdMaEJ1OFVlLTlUUmZPM2NZb0hObU8tejQxUkNCYzFpeFppbGw5bTBnY043MnNMQTFWZzJuZEZOb2tCWWgzU3BFR1lMV3pUNHRMOG9DSl8xRWYxTVAxdkdpWlRKWlVH?oc=5,"Tue, 01 Sep 2026 21:15:02 GMT",technology stocks
Accenture Stock: Is ACN Underperforming the Technology Sector? - Yahoo Finance,"<a href=""https://news.google.com/rss/articles/CBMisAFBVV95cUxNSUgzNlRnbm13bDV6blRtcXlkM09ucWpvRWVSVEsyeXVEWHM5TXM1U1JYd2dvTXo0bWFFeUg0Q3UzaFE2UFg5THdjZXFqdUZCQ0wzS2pOaW5MMlk2WTR6S3F1WTRZVWpGMkl2Y2Q3ekFkZG41aXZLUjZWMkliemtoclhxN280WmdsNTRCeUJMQlBlOG1majh1QnZoaTU3VDQtMHJobmNpd3RQa0kxR2VGMA?oc=5"" target=""_blank"">Accenture Stock: Is ACN Underperforming the Technology Sector?</a>&nbsp;&nbsp;<font color=""#6f6f6f"">Yahoo Finance</font>",https://news.google.com/rss/articles/CBMisAFBVV95cUxNSUgzNlRnbm13bDV6blRtcXlkM09ucWpvRWVSVEsyeXVEWHM5TXM1U1JYd2dvTXo0bWFFeUg0Q3UzaFE2UFg5THdjZXFqdUZCQ0wzS2pOaW5MMlk2WTR6S3F1WTRZVWpGMkl2Y2Q3ekFkZG41aXZLUjZWMkliemtoclhxN280WmdsNTRCeUJMQlBlOG1majh1QnZoaTU3VDQtMHJobmNpd3RQa0kxR2VGMA?oc=5,"Mon, 31 Aug 2026 14:45:25 GMT",technology stocks
KOSPI falls 1.79% amid sell-off in technology stocks - UA.NEWS,"<a href=""https://news.google.com/rss/articles/CBMimgFBVV95cUxQeEZQOE1ld3NtclpILVlsd1hCU05lSUtlckdNdXJxd2ZoLWg5bHFJaGF4VG9oNERSYnFGdHpwS1R1bnFxQlFLeXhxVGpvLUoxc0FfRU9vaUZPbzF6VTVjOFBVbFVVOXJqYVJGZzViT0dnR0JreklhUkZXY05GRjJOTG5SbE5kSTVnWnB6UkpHcG9nOTNmd09uV1l3?oc=5"" target=""_blank"">KOSPI falls 1.79% amid sell-off in technology stocks</a>&nbsp;&nbsp;<font color=""#6f6f6f"">UA.NEWS</font>",https://news.google.com/rss/articles/CBMimgFBVV95cUxQeEZQOE1ld3NtclpILVlsd1hCU05lSUtlckdNdXJxd2ZoLWg5bHFJaGF4VG9oNERSYnFGdHpwS1R1bnFxQlFLeXhxVGpvLUoxc0FfRU9vaUZPbzF6VTVjOFBVbFVVOXJqYVJGZzViT0dnR0JreklhUkZXY05GRjJOTG5SbE5kSTVnWnB6UkpHcG9nOTNmd09uV1l3?oc=5,"Fri, 28 Aug 2026 07:34:01 GMT",technology stocks
Beijing Xunzhong Communication Technology (SEHK:2597) Stock Price Flags Profit Quality Risk - simplywall.st,"<a href=""https://news.google.com/rss/articles/CBMi9gFBVV95cUxQWDVDZmoweFlYUGs2dUFGR01CZkx6WHFKbmwyVDZlbU82SjBOSnE3dVd4TExvckdNbUhRdkNQUEZoRjF5N09FTGp4TU9iYlhxR2hWWjlMbk1KTkR6RFQ2WVRtZUh1VG5MTjhzTkVtSnZEVHU1V2pCZ2N1SUlWTmNUMjZwVHRRV2tMSmF3TUJDc3lrbGRBTk9acWY0d19WTTI2cWtRUWFiZG1oY21QNWVRS25HN1IxOGNxTFpndjYwSzVuSHRGazhuQVFLTzF0bmVCdngxVENrVHh5WWVabVZDT0VOd21HR0FMTlM1X01KZWxaMWFJUUHSAfsBQVVfeXFMTjU1VkVPTkZQT21tM2ZCVHhwbG03NWszVzZ4ZDYtUktMYTVUQTJwWUlFYmZnMUVqcU00MTN3MHVYdnhQbldJb01raU1PNTlKaktvZHdTSVZBbEZ2Y3NDS09TT3M1Z0UyMnAtbmI5bTVPbi1KVEJpclF2VWVDTkYyelBPMFlWcGlQMk9FbFE4RkZVdTZlMkxMY0dNZWtfeWJ0NW5LUmlicFRsMkxZT2twNzZTVzRVMENneU5OS0J2dVJ5bzY3RE00dnZTUmR4MGVBbk1nbUV2LWN0Sld0WE8xTTlPZFZ4dUVCMFB1UG5wekdqT1dMSWJSTHc2WGs?oc=5"" target=""_blank"">Beijing Xunzhong Communication Technology (SEHK:2597) Stock Price Flags Profit Quality Risk</a>&nbsp;&nbsp;<font color=""#6f6f6f"">simplywall.st</font>",https://news.google.com/rss/articles/CBMi9gFBVV95cUxQWDVDZmoweFlYUGs2dUFGR01CZkx6WHFKbmwyVDZlbU82SjBOSnE3dVd4TExvckdNbUhRdkNQUEZoRjF5N09FTGp4TU9iYlhxR2hWWjlMbk1KTkR6RFQ2WVRtZUh1VG5MTjhzTkVtSnZEVHU1V2pCZ2N1SUlWTmNUMjZwVHRRV2tMSmF3TUJDc3lrbGRBTk9acWY0d19WTTI2cWtRUWFiZG1oY21QNWVRS25HN1IxOGNxTFpndjYwSzVuSHRGazhuQVFLTzF0bmVCdngxVENrVHh5WWVabVZDT0VOd21HR0FMTlM1X01KZWxaMWFJUUHSAfsBQVVfeXFMTjU1VkVPTkZQT21tM2ZCVHhwbG03NWszVzZ4ZDYtUktMYTVUQTJwWUlFYmZnMUVqcU00MTN3MHVYdnhQbldJb01raU1PNTlKaktvZHdTSVZBbEZ2Y3NDS09TT3M1Z0UyMnAtbmI5bTVPbi1KVEJpclF2VWVDTkYyelBPMFlWcGlQMk9FbFE4RkZVdTZlMkxMY0dNZWtfeWJ0NW5LUmlicFRsMkxZT2twNzZTVzRVMENneU5OS0J2dVJ5bzY3RE00dnZTUmR4MGVBbk1nbUV2LWN0Sld0WE8xTTlPZFZ4dUVCMFB1UG5wekdqT1dMSWJSTHc2WGs?oc=5,"Tue, 01 Sep 2026 14:40:07 GMT",technology stocks
Finance ministry red flags RRB attrition; 100% attrition at some RRBs - Livemint,"<a href=""https://news.google.com/rss/articles/CBMiwAFBVV95cUxPOWwzUEFzQTB5ZnN6ckE0UUl5T01ZZVRiREtTYzc4RE92ajRUdVJ5b240RlJSM0tWVno4eXYwRzhGSU9RbUVsWjk4LXZwLTYxeE1Md21kXy0zd0hpNVJ3c3hEMUtPSTFUcm43MldvUXBpaVY2WW1NX2ozUVdNQmNWQUZxTm03cG5rSkZSTDlTZDFQTVFTSzZJOGw4X0ZlQ0ItQVBJRTdrZldWUDdFRENqQThfUFF6enI1LW5oQTVaWFjSAcYBQVVfeXFMTjQ0ZHNueHJDRTdYVjhNZW5Yblktem5PajhGVjB1NmswZWhCZ2JtQnBKcWZaTVJqeTJSd0t4Mm9hcHBxQ2p3eGhSazdLVURXVmY3ZFplODZiUzZFWDk2aHZwV2h2eGxYcm02T3dHMVBRQUlmMDFEdUF6ODk5aHJCZW9JWGx4RHlxMllqblBrVERRVkZZbzhxYjNvWlVRTHplZ054cTEwZkMxUWRaYnpRT2Z0aGRwRkxRREFsMVVUTUdUQ042UnFR?oc=5"" target=""_blank"">Finance ministry red flags RRB attrition; 100% attrition at some RRBs</a>&nbsp;&nbsp;<font color=""#6f6f6f"">Livemint</font>",https://news.google.com/rss/articles/CBMiwAFBVV95cUxPOWwzUEFzQTB5ZnN6ckE0UUl5T01ZZVRiREtTYzc4RE92ajRUdVJ5b240RlJSM0tWVno4eXYwRzhGSU9RbUVsWjk4LXZwLTYxeE1Md21kXy0zd0hpNVJ3c3hEMUtPSTFUcm43MldvUXBpaVY2WW1NX2ozUVdNQmNWQUZxTm03cG5rSkZSTDlTZDFQTVFTSzZJOGw4X0ZlQ0ItQVBJRTdrZldWUDdFRENqQThfUFF6enI1LW5oQTVaWFjSAcYBQVVfeXFMTjQ0ZHNueHJDRTdYVjhNZW5Yblktem5PajhGVjB1NmswZWhCZ2JtQnBKcWZaTVJqeTJSd0t4Mm9hcHBxQ2p3eGhSazdLVURXVmY3ZFplODZiUzZFWDk2aHZwV2h2eGxYcm02T3dHMVBRQUlmMDFEdUF6ODk5aHJCZW9JWGx4RHlxMllqblBrVERRVkZZbzhxYjNvWlVRTHplZ054cTEwZkMxUWRaYnpRT2Z0aGRwRkxRREFsMVVUTUdUQ042UnFR?oc=5,"Tue, 01 Sep 2026 01:00:17 GMT",banking finance
Ex-J&K Minister Raises Concerns Over Bank's Recruitment And Lending Policies - ndtv.com,"<a href=""https://news.google.com/rss/articles/CBMi5wFBVV95cUxOMExIYU83M3QyTzhaRGhSSjZXeFZVak91a1dSclFOWWpYdTFKeFhXOFpEUGFHSmk2LTZSRWFPWDY3U0VtMXJZQ0QtdVdVcFlXRDhTT1ByUzd0T0FyRHNFMHhyekJFV1NRODI3VG12ZjZUb2RiVWNSQ1VhaDV1ZEFCTktnNEtxV2pxejhiN2lvSnNoZmp6X3lMU2Njb2FiN3ZGZ0RmMExYaXktNm9TNzAwOVJ1aEVJTl9kNWZEc2FGX2lYYUxVMVZqa09IUmJadkRvb2NBeGlnUWtwR3B2UFdNaGVrVlNuZknSAe8BQVVfeXFMUDBxRnNrZzBfQlVwekJLQktnYXpsZE1jV2p2Z0NQWVdCSWZFWjJTOHlBc0dlZHFDRk9ZcTZCNmdQNXZPZC1jeWFSbWtZSjkydTk5RWJsRnZaTlFGV2gyRFo4T05qOEhNeUsyTzZYdm5MNTk5LXhNRHhkWXc1N0I1NnZxVlllSl9naVl4c1MwR2k5cDU2ZFV3QUpOV0o4NkZBQU13NkVrbmF3SUU4V2pIY1FWVGNxSkJoV015ZU5HcG5WY3BGNmNOcUJqbWwzZDdjbWVYcFkwWHIwc05Id1hQSHJZZnExSk83LW1LWTlSbW8?oc=5"" target=""_blank"">Ex-J&K Minister Raises Concerns Over Bank's Recruitment And Lending Policies</a>&nbsp;&nbsp;<font color=""#6f6f6f"">ndtv.com</font>",https://news.google.com/rss/articles/CBMi5wFBVV95cUxOMExIYU83M3QyTzhaRGhSSjZXeFZVak91a1dSclFOWWpYdTFKeFhXOFpEUGFHSmk2LTZSRWFPWDY3U0VtMXJZQ0QtdVdVcFlXRDhTT1ByUzd0T0FyRHNFMHhyekJFV1NRODI3VG12ZjZUb2RiVWNSQ1VhaDV1ZEFCTktnNEtxV2pxejhiN2lvSnNoZmp6X3lMU2Njb2FiN3ZGZ0RmMExYaXktNm9TNzAwOVJ1aEVJTl9kNWZEc2FGX2lYYUxVMVZqa09IUmJadkRvb2NBeGlnUWtwR3B2UFdNaGVrVlNuZknSAe8BQVVfeXFMUDBxRnNrZzBfQlVwekJLQktnYXpsZE1jV2p2Z0NQWVdCSWZFWjJTOHlBc0dlZHFDRk9ZcTZCNmdQNXZPZC1jeWFSbWtZSjkydTk5RWJsRnZaTlFGV2gyRFo4T05qOEhNeUsyTzZYdm5MNTk5LXhNRHhkWXc1N0I1NnZxVlllSl9naVl4c1MwR2k5cDU2ZFV3QUpOV0o4NkZBQU13NkVrbmF3SUU4V2pIY1FWVGNxSkJoV015ZU5HcG5WY3BGNmNOcUJqbWwzZDdjbWVYcFkwWHIwc05Id1hQSHJZZnExSk83LW1LWTlSbW8?oc=5,"Tue, 01 Sep 2026 07:21:10 GMT",banking finance
FSB Chair’s letter to G20 Finance Ministers and Central Bank Governors: August 2026 - Financial Stability Board,"<a href=""https://news.google.com/rss/articles/CBMirwFBVV95cUxOcmNpUTBmUVNkTW5RVkw2Vm5ZT09wNTAwdFNhZG14QUlpczNGUVpmb0VJVWdWdm9NdXJDVllZaUpxQ053X0Z3blh5aWFFWktReVVPYWxuSFNNS1NzdHpaajEwMXFQTVZmSEw0SC01TXRhS3Z2dzFrMnBIY0ozREJ4QkNkdDhMQUw5UjduQzNvel9LQkVoX0xnVDkwV2FjR0cxXzNlSEZDVndIOWtza1NB?oc=5"" target=""_blank"">FSB Chair’s letter to G20 Finance Ministers and Central Bank Governors: August 2026</a>&nbsp;&nbsp;<font color=""#6f6f6f"">Financial Stability Board</font>",https://news.google.com/rss/articles/CBMirwFBVV95cUxOcmNpUTBmUVNkTW5RVkw2Vm5ZT09wNTAwdFNhZG14QUlpczNGUVpmb0VJVWdWdm9NdXJDVllZaUpxQ053X0Z3blh5aWFFWktReVVPYWxuSFNNS1NzdHpaajEwMXFQTVZmSEw0SC01TXRhS3Z2dzFrMnBIY0ozREJ4QkNkdDhMQUw5UjduQzNvel9LQkVoX0xnVDkwV2FjR0cxXzNlSEZDVndIOWtza1NB?oc=5,"Mon, 31 Aug 2026 05:59:42 GMT",banking finance
"HDFC Bank CEO exit: Orderly succession key to investor confidence, says Moody’s - The Economic Times","<a href=""https://news.google.com/rss/articles/CBMiggJBVV95cUxQMW1QNGhvdVcxY0F3T1E4ZWpiSi1uYlNtbUstQ21UamhyQk5KSUhKeFZCdjh1a0pQVHRzR0lRaXVTWVpVNHpYR2tLT3VWWEIwcURDS1VNY2I3OW5Bc3RySnNHeXRaUkU2WU9xZTZyWmJua1pfYlI2N19Td0o1MnRkYk1YZEp1M1lYVHg4alFoLVh4YkVFRFBVcjZDS0s2Q1lhbkNwZV80REl5cXVHQVNtLTdKQkhEZ1VudTluX21VTEZJYURqbHVueXAxR0E5QWxMQXBRNmR5Qnk1ZnQzNGNod1p2M3lKdXlkV2RSTEt5Sy1QVFhfU01rS1gzOHlUYWpSSEHSAfsBQVVfeXFMT2sxWGNxOF9TZkJhdU9HZWJvb2I4UGRDZG1qMkdSeWg1UXdBc3pMamNBY1UzcWhmaTZOeWFTcnFMTkVtZUw1X2g1SmF5ZU5uVW9nb3JKaEdDbzZrUVR1azJvS0hsci1VYU5PNms4dFdodHdOUWN2cUpDZXctQlR4OGxWUElJcWd2bGxYRmFMMnJRNWlGdFlvV2oyTi1MRHdCeXNMRGJXUi1lb1NMa1puU2tDN0U4X2xmUjJaR2hPT29kSjNlQ3dLM2RodklsbE1SWDdHUWNhRjZPblZGc3ZSZHhRcG1zT3d4b2laRU94RnJ4OFF6SWVoLXpiOVE?oc=5"" target=""_blank"">HDFC Bank CEO exit: Orderly succession key to investor confidence, says Moody’s</a>&nbsp;&nbsp;<font color=""#6f6f6f"">The Economic Times</font>",https://news.google.com/rss/articles/CBMiggJBVV95cUxQMW1QNGhvdVcxY0F3T1E4ZWpiSi1uYlNtbUstQ21UamhyQk5KSUhKeFZCdjh1a0pQVHRzR0lRaXVTWVpVNHpYR2tLT3VWWEIwcURDS1VNY2I3OW5Bc3RySnNHeXRaUkU2WU9xZTZyWmJua1pfYlI2N19Td0o1MnRkYk1YZEp1M1lYVHg4alFoLVh4YkVFRFBVcjZDS0s2Q1lhbkNwZV80REl5cXVHQVNtLTdKQkhEZ1VudTluX21VTEZJYURqbHVueXAxR0E5QWxMQXBRNmR5Qnk1ZnQzNGNod1p2M3lKdXlkV2RSTEt5Sy1QVFhfU01rS1gzOHlUYWpSSEHSAfsBQVVfeXFMT2sxWGNxOF9TZkJhdU9HZWJvb2I4UGRDZG1qMkdSeWg1UXdBc3pMamNBY1UzcWhmaTZOeWFTcnFMTkVtZUw1X2g1SmF5ZU5uVW9nb3JKaEdDbzZrUVR1azJvS0hsci1VYU5PNms4dFdodHdOUWN2cUpDZXctQlR4OGxWUElJcWd2bGxYRmFMMnJRNWlGdFlvV2oyTi1MRHdCeXNMRGJXUi1lb1NMa1puU2tDN0U4X2xmUjJaR2hPT29kSjNlQ3dLM2RodklsbE1SWDdHUWNhRjZPblZGc3ZSZHhRcG1zT3d4b2laRU94RnJ4OFF6SWVoLXpiOVE?oc=5,"Mon, 31 Aug 2026 11:20:55 GMT",banking finance
"September 2026 Financial Changes: SGB Redemptions, Banking Charges And More - News18","<a href=""https://news.google.com/rss/articles/CBMi6AFBVV95cUxNbG11cUVzbXJPTkxHeU4xcEpGWEpGQk53ajEwYWtsZTUzZ0hLSi1FQzBia0k3bzJRc282RkF5bExMN2F3SHpZWms5NnBZZlZYNWRINTB5TUZWbkFpODlDOXNDQXR6UTIwbFJrOWZtM3Rpb3Zkb3pwOUJJdmRNWjkyTFJEX2VQWWZ4SFVGbWFHZmJaMU5NX19DTXJLX3Y0ZXByU3RBamxSTktWWGFSV1VGYUJ6OWdxb0pyQ3hlbkdtM1FIaTYwYnhEdE50QUY2X0VzVnE0bkVwOEJNVldsSG41cFJDT0taODk20gHuAUFVX3lxTE9wZnpIQm92WG85VHlYQy16S2RyX3ZSNzFfVnB4U212ZFZCQUw0Q2JHd0JXY05pZ3FYWWFJeXZ5QVFoYWE4aDlaSHBxUnNJTUtOUWlDblQtYUxzT1cwYld6LUY4dUZiTmswamllM3UtSmQ4cG5fZ2d1NGpHNHI0Umt4WHkyQ0ZlRmdwdHBmVTRVRkx6WDYwdmNLSm1tRWs1ZFh2SUM2VDVNNWtDSkE1cXdQcHc2c1pXejAxQjhUOWVqLVJ4Vm9TV1FxOW1IbS1taEZnTkpGTW1LTEtjUi1weGJCWHlHdFZ5NWhmQ2Y1d3c?oc=5"" target=""_blank"">September 2026 Financial Changes: SGB Redemptions, Banking Charges And More</a>&nbsp;&nbsp;<font color=""#6f6f6f"">News18</font>",https://news.google.com/rss/articles/CBMi6AFBVV95cUxNbG11cUVzbXJPTkxHeU4xcEpGWEpGQk53ajEwYWtsZTUzZ0hLSi1FQzBia0k3bzJRc282RkF5bExMN2F3SHpZWms5NnBZZlZYNWRINTB5TUZWbkFpODlDOXNDQXR6UTIwbFJrOWZtM3Rpb3Zkb3pwOUJJdmRNWjkyTFJEX2VQWWZ4SFVGbWFHZmJaMU5NX19DTXJLX3Y0ZXByU3RBamxSTktWWGFSV1VGYUJ6OWdxb0pyQ3hlbkdtM1FIaTYwYnhEdE50QUY2X0VzVnE0bkVwOEJNVldsSG41cFJDT0taODk20gHuAUFVX3lxTE9wZnpIQm92WG85VHlYQy16S2RyX3ZSNzFfVnB4U212ZFZCQUw0Q2JHd0JXY05pZ3FYWWFJeXZ5QVFoYWE4aDlaSHBxUnNJTUtOUWlDblQtYUxzT1cwYld6LUY4dUZiTmswamllM3UtSmQ4cG5fZ2d1NGpHNHI0Umt4WHkyQ0ZlRmdwdHBmVTRVRkx6WDYwdmNLSm1tRWs1ZFh2SUM2VDVNNWtDSkE1cXdQcHc2c1pXejAxQjhUOWVqLVJ4Vm9TV1FxOW1IbS1taEZnTkpGTW1LTEtjUi1weGJCWHlHdFZ5NWhmQ2Y1d3c?oc=5,"Tue, 01 Sep 2026 05:30:18 GMT",banking finance
Egypt’s non-bank financial sector records broad growth in H1 - Arab News,"<a href=""https://news.google.com/rss/articles/CBMiogFBVV95cUxNWENBMkxIbjdIbVdxT2hGX1k2NWpoWWpoXzhPOGFwWEFjR3Qzb0xCb3ZLR0NPZWlWWlIwSDNBaEZaSVFWMmJQR0dZeW9BSVRwLTNtemFseGcxdjFNaEFZcU1WblVnckNsWHdHS2c3SUI2TDZmRXM0VktKMXdaYWhPNVdzbHladXFVRm9zZm4zdjlYQkZncmdoMzZ3WENlSkE3OUE?oc=5"" target=""_blank"">Egypt’s non-bank financial sector records broad growth in H1</a>&nbsp;&nbsp;<font color=""#6f6f6f"">Arab News</font>",https://news.google.com/rss/articles/CBMiogFBVV95cUxNWENBMkxIbjdIbVdxT2hGX1k2NWpoWWpoXzhPOGFwWEFjR3Qzb0xCb3ZLR0NPZWlWWlIwSDNBaEZaSVFWMmJQR0dZeW9BSVRwLTNtemFseGcxdjFNaEFZcU1WblVnckNsWHdHS2c3SUI2TDZmRXM0VktKMXdaYWhPNVdzbHladXFVRm9zZm4zdjlYQkZncmdoMzZ3WENlSkE3OUE?oc=5,"Mon, 31 Aug 2026 11:09:14 GMT",banking finance
RBI approves Carol Furtado as interim CEO at Ujjivan Small Finance Bank after Sanjeev Nautiyal's exit - The Economic Times,"<a href=""https://news.google.com/rss/articles/CBMilgJBVV95cUxNbWx2UVIxOXFGUThlcl9Ld0VvMzNzdW5rSFJFQUtWMTZ5djdZakZEbThLcXg4MThyOHYwa2NqcXJpS0pBOFNBcVJEV0dRT29rVGIxWjZKby1xVVFLSG9FWWFPNEc1bGhVQzhwUzB3N21wUW1pYzhxZDFOOWRNUWk0VTZCQktMTVd6VVVtZS1yYUxMcFdLTUtCdGNhd3V1T2tublUxSzlSaTFEbWNnc3ZQbnRFNnNpc0RldGx4MmR3blRxQlZEYkdFSk9CR1FtZ3ZCUXU2N25hZjRLVVJ5MS1WcGNTMjNoY3dEQXZXZ0Rab1VBbXBudXNvaFpweWpNWXJpcUhBd0NxOTI3d3NfUDNYRFVKcmFxQdIBmwJBVV95cUxNMlptQTVsNTlNQnZJbDYwQVFFbnZvcmdEeFdZMTVuQlpIdlpTTUNDNWJ3dXd6Y2p4c3lKekVIT0d4MUpacDlmanhCbmtabmtJWWhQNEhiMGlMRms4cVN3QUIySVJZRkk3SWNsUTlpNmFYcmtBZXdBNU1OcWJWU0pXSlc2NWREYjAzXzNwSFROWFhQdUpLTGpPQUEtbFBwOEp1ZlVLbVhGYUtnQ3RNQ2NoZ2thSzROcHBfcXJmYzVST0FrQTJoOWtBU0dLVXVYZ2l5dEd1a0xYeVZ5eE5mNlhMQTRZaFR5UHBSa1dKWFhGOG1xcUVsYVNnTGhmTWs4RHRKaERQbm9nWWI1T0RQd2hsNFVaZHljcnhPTWs0?oc=5"" target=""_blank"">RBI approves Carol Furtado as interim CEO at Ujjivan Small Finance Bank after Sanjeev Nautiyal's exit</a>&nbsp;&nbsp;<font color=""#6f6f6f"">The Economic Times</font>",https://news.google.com/rss/articles/CBMilgJBVV95cUxNbWx2UVIxOXFGUThlcl9Ld0VvMzNzdW5rSFJFQUtWMTZ5djdZakZEbThLcXg4MThyOHYwa2NqcXJpS0pBOFNBcVJEV0dRT29rVGIxWjZKby1xVVFLSG9FWWFPNEc1bGhVQzhwUzB3N21wUW1pYzhxZDFOOWRNUWk0VTZCQktMTVd6VVVtZS1yYUxMcFdLTUtCdGNhd3V1T2tublUxSzlSaTFEbWNnc3ZQbnRFNnNpc0RldGx4MmR3blRxQlZEYkdFSk9CR1FtZ3ZCUXU2N25hZjRLVVJ5MS1WcGNTMjNoY3dEQXZXZ0Rab1VBbXBudXNvaFpweWpNWXJpcUhBd0NxOTI3d3NfUDNYRFVKcmFxQdIBmwJBVV95cUxNMlptQTVsNTlNQnZJbDYwQVFFbnZvcmdEeFdZMTVuQlpIdlpTTUNDNWJ3dXd6Y2p4c3lKekVIT0d4MUpacDlmanhCbmtabmtJWWhQNEhiMGlMRms4cVN3QUIySVJZRkk3SWNsUTlpNmFYcmtBZXdBNU1OcWJWU0pXSlc2NWREYjAzXzNwSFROWFhQdUpLTGpPQUEtbFBwOEp1ZlVLbVhGYUtnQ3RNQ2NoZ2thSzROcHBfcXJmYzVST0FrQTJoOWtBU0dLVXVYZ2l5dEd1a0xYeVZ5eE5mNlhMQTRZaFR5UHBSa1dKWFhGOG1xcUVsYVNnTGhmTWs4RHRKaERQbm9nWWI1T0RQd2hsNFVaZHljcnhPTWs0?oc=5,"Tue, 01 Sep 2026 16:04:15 GMT",banking finance
"Fresh customs, banking reforms on cards for Viksit Bharat: FM - The Hans India","<a href=""https://news.google.com/rss/articles/CBMivAFBVV95cUxQYVU2eU1QYkhoSHZfRWtueTE1UUM5TDFCZUl0eEJvaU1IRFFJSUxBRmZjRzR5RW93eUU3NnJFOUloTFhhUHdESzBRRXRCZnp5dkg4YjJJRnVhb3VaNGVrd0huUnNwei1UVUYwUmRQakh4TWZ0MHIxVkl3Z0w3SEtzWkxoZTZhX1dCa0xzeXdZMDZLN1dmUUUyWFFJQklMVjlEbE1mMUt1ZE9WVTVjTGFHay01ZnQ4VFJMNlJPOdIBwgFBVV95cUxQTzlkcGJKNENMX0xIM0hwUzJZTnZtd1BWM00zLWxmWFhLeDREbFBwYy1hVHFFbzFxZnJkakNIU21RMU1Gc2djV1RVbjdlVURZN09YUzNXeWJOSDN1Y2xSNHBuRUFpOEdMYW9YSDVNTVdXYmNyeDBtT0x1b2VUcFVLU0J2MWMwUDI2Yy12Xzg0MmVrTkFhRFd6X3puTkVSclRaWGhGWUV5V1FCNkdmanF4RnQwZHlSYUxneWo0bTRhVHFDUQ?oc=5"" target=""_blank"">Fresh customs, banking reforms on cards for Viksit Bharat: FM</a>&nbsp;&nbsp;<font color=""#6f6f6f"">The Hans India</font>",https://news.google.com/rss/articles/CBMivAFBVV95cUxQYVU2eU1QYkhoSHZfRWtueTE1UUM5TDFCZUl0eEJvaU1IRFFJSUxBRmZjRzR5RW93eUU3NnJFOUloTFhhUHdESzBRRXRCZnp5dkg4YjJJRnVhb3VaNGVrd0huUnNwei1UVUYwUmRQakh4TWZ0MHIxVkl3Z0w3SEtzWkxoZTZhX1dCa0xzeXdZMDZLN1dmUUUyWFFJQklMVjlEbE1mMUt1ZE9WVTVjTGFHay01ZnQ4VFJMNlJPOdIBwgFBVV95cUxQTzlkcGJKNENMX0xIM0hwUzJZTnZtd1BWM00zLWxmWFhLeDREbFBwYy1hVHFFbzFxZnJkakNIU21RMU1Gc2djV1RVbjdlVURZN09YUzNXeWJOSDN1Y2xSNHBuRUFpOEdMYW9YSDVNTVdXYmNyeDBtT0x1b2VUcFVLU0J2MWMwUDI2Yy12Xzg0MmVrTkFhRFd6X3puTkVSclRaWGhGWUV5V1FCNkdmanF4RnQwZHlSYUxneWo0bTRhVHFDUQ?oc=5,"Wed, 02 Sep 2026 03:34:09 GMT",banking finance
"HDFC Bank, L&T Finance, GE Shipping, M&M, LG Electronics shares: Expert weighs in - Business Today","<a href=""https://news.google.com/rss/articles/CBMi2gFBVV95cUxPSFBTRExQa2JjMzlINUwzVHd5d051enZwYUlhalI3SHpUdlRkVjFlaGl6R0YwVlBTZ2x3alE4bFBLUFlrcGNkTG9Lbnd3LVB4a3VDOGgyYjdpM25RYWFIQnFmYThQbTI4UEZQdklxQTQ4WFNrR0tqWFoyU1dzWkdZRkpwekVKRWtKV2U4U0YwaUhhczd5SVRVakRINGhmQU9DVVI1NW1lcG9CQnNnUUNEQ0VScHdZVjlmdTBfakdYV3dQVUpvNXk4ZUZNMFdsZVhyaUNnT1lNSEltd9IB3wFBVV95cUxNVExScjhRYnBxN3Y3YndvNzhPbkN1aDRiZHN1MVc2VkZtcWRSbnp1dHVGQ0IxOV9VT1J2QUZJb1FpbDhuZHlyNzhVSDRsM1doRV9hRDZmTmg1ZEpkWXNpRzRqMy1Vc0I3NUpWNHpOeWZRWXFWUHpyQ1FmQW5yQVpPa0d1QjRNd2RZWUVYbVE5alRoOWh0NXFNUEpmejJDZ1VPUGM4ZnR2Z0gweURPeUpYc1ZuQTFpS0hZWnVSUDIwYld3YTIzZWYyVy1OekxZZzRZaHM2RHJHTVhCYUZoeGdz?oc=5"" target=""_blank"">HDFC Bank, L&T Finance, GE Shipping, M&M, LG Electronics shares: Expert weighs in</a>&nbsp;&nbsp;<font color=""#6f6f6f"">Business Today</font>",https://news.google.com/rss/articles/CBMi2gFBVV95cUxPSFBTRExQa2JjMzlINUwzVHd5d051enZwYUlhalI3SHpUdlRkVjFlaGl6R0YwVlBTZ2x3alE4bFBLUFlrcGNkTG9Lbnd3LVB4a3VDOGgyYjdpM25RYWFIQnFmYThQbTI4UEZQdklxQTQ4WFNrR0tqWFoyU1dzWkdZRkpwekVKRWtKV2U4U0YwaUhhczd5SVRVakRINGhmQU9DVVI1NW1lcG9CQnNnUUNEQ0VScHdZVjlmdTBfakdYV3dQVUpvNXk4ZUZNMFdsZVhyaUNnT1lNSEltd9IB3wFBVV95cUxNVExScjhRYnBxN3Y3YndvNzhPbkN1aDRiZHN1MVc2VkZtcWRSbnp1dHVGQ0IxOV9VT1J2QUZJb1FpbDhuZHlyNzhVSDRsM1doRV9hRDZmTmg1ZEpkWXNpRzRqMy1Vc0I3NUpWNHpOeWZRWXFWUHpyQ1FmQW5yQVpPa0d1QjRNd2RZWUVYbVE5alRoOWh0NXFNUEpmejJDZ1VPUGM4ZnR2Z0gweURPeUpYc1ZuQTFpS0hZWnVSUDIwYld3YTIzZWYyVy1OekxZZzRZaHM2RHJHTVhCYUZoeGdz?oc=5,"Mon, 31 Aug 2026 10:03:41 GMT",banking finance
"Piramal Finance to raise Rs 3,850 crore through QIP, promoter infusion - thehindubusinessline.com","<a href=""https://news.google.com/rss/articles/CBMi2wFBVV95cUxQLVFaRW5sMVZRR0RRTEhTeUxPRHpkSFVfVnlxTXN1cXNxclJhLUM1RWJRTld0M3RQQ1lyVlJrOTRESXZVTERQQldabUl0U19VS3FiNmVZSkVJY2lUc0g2RTNyM0tSR1lLMTlxUjlDVWxoSWtrQTJaVlJLWElYUHhEMUY0SzRRY0VfTG9vMlY2aU9UODNXWW9CSzRCMHNmRGVzX3N2bE5TZzRFb3BLcGM2ZElvZTBZZ0JKdEVqaHN3NjMyX3c3OWRNN04zeXZwSnBrUDcwWUtDalJla1XSAeIBQVVfeXFMUHk0NVNJU0NCNTE4OGVVTTh5VUZBMUI3a2g1YkNKS1pwMjFSWHRVTTVoNGMxUDFqVHU1OXJrdkRwVHBfOXlxNTJIcG95ZWQzcmdUbUtEbGUwcDFfRUVaNEJHdF93TENBN1Z4cGZWU2g5OVJMUUVNNTVxd1JxTVVzUUYwVzItREZPMk1HQUVNdVY1M1ZUVVQ2dXUwRFlva0dEZDBTYVVpcUtkMjFwcTNfZ0djb1ZTSU1Qa0JCOEJOSzRlVEpjTFg2UENfRGdFUWkyYmVSbHF0aE9yVFhiRTZmb0JiUQ?oc=5"" target=""_blank"">Piramal Finance to raise Rs 3,850 crore through QIP, promoter infusion</a>&nbsp;&nbsp;<font color=""#6f6f6f"">thehindubusinessline.com</font>",https://news.google.com/rss/articles/CBMi2wFBVV95cUxQLVFaRW5sMVZRR0RRTEhTeUxPRHpkSFVfVnlxTXN1cXNxclJhLUM1RWJRTld0M3RQQ1lyVlJrOTRESXZVTERQQldabUl0U19VS3FiNmVZSkVJY2lUc0g2RTNyM0tSR1lLMTlxUjlDVWxoSWtrQTJaVlJLWElYUHhEMUY0SzRRY0VfTG9vMlY2aU9UODNXWW9CSzRCMHNmRGVzX3N2bE5TZzRFb3BLcGM2ZElvZTBZZ0JKdEVqaHN3NjMyX3c3OWRNN04zeXZwSnBrUDcwWUtDalJla1XSAeIBQVVfeXFMUHk0NVNJU0NCNTE4OGVVTTh5VUZBMUI3a2g1YkNKS1pwMjFSWHRVTTVoNGMxUDFqVHU1OXJrdkRwVHBfOXlxNTJIcG95ZWQzcmdUbUtEbGUwcDFfRUVaNEJHdF93TENBN1Z4cGZWU2g5OVJMUUVNNTVxd1JxTVVzUUYwVzItREZPMk1HQUVNdVY1M1ZUVVQ2dXUwRFlva0dEZDBTYVVpcUtkMjFwcTNfZ0djb1ZTSU1Qa0JCOEJOSzRlVEpjTFg2UENfRGdFUWkyYmVSbHF0aE9yVFhiRTZmb0JiUQ?oc=5,"Mon, 31 Aug 2026 10:25:38 GMT",banking finance
From Ambition to Action: Five Years of Advancing Financial Health and Inclusion in Banking - UNEP Finance Initiative,"<a href=""https://news.google.com/rss/articles/CBMiiwFBVV95cUxOSUpwTm4wZzlCNTUyanZDVlctd2xoRWhFWEwxVVlOR3ZRNnVXV2FhOHpqSFR0N0hkSGk1SUQ3WVVULWZkSDFiOTlPd04yQVVjY1RyQTZZWS1mWGRZb25EMDZQZThnd0lmdGllellES216MzctdnJvMGFYYTVkN0F2M3FsRzhkdS03ajV3?oc=5"" target=""_blank"">From Ambition to Action: Five Years of Advancing Financial Health and Inclusion in Banking</a>&nbsp;&nbsp;<font color=""#6f6f6f"">UNEP Finance Initiative</font>",https://news.google.com/rss/articles/CBMiiwFBVV95cUxOSUpwTm4wZzlCNTUyanZDVlctd2xoRWhFWEwxVVlOR3ZRNnVXV2FhOHpqSFR0N0hkSGk1SUQ3WVVULWZkSDFiOTlPd04yQVVjY1RyQTZZWS1mWGRZb25EMDZQZThnd0lmdGllellES216MzctdnJvMGFYYTVkN0F2M3FsRzhkdS03ajV3?oc=5,"Tue, 01 Sep 2026 05:53:28 GMT",banking finance
European banks fail to unleash potential of green bonds - Institute for Energy Economics and Financial Analysis (IEEFA),"<a href=""https://news.google.com/rss/articles/CBMiggFBVV95cUxPbU5uaTN0a1ZfbUV1M2dUcjUtUldQMVc4Z1dzaS05bnlKSmYyM1NwTFB2MUNQcWpqNHBlaFE1NnFucWVoMTFteFd3WE1USzJYamc3TW0zY1FGeUpCQ1ZPYktLR19FWmlVR3B2cmNPQnl5RzFOR2JaaGdKc3lmUWM4dXhB?oc=5"" target=""_blank"">European banks fail to unleash potential of green bonds</a>&nbsp;&nbsp;<font color=""#6f6f6f"">Institute for Energy Economics and Financial Analysis (IEEFA)</font>",https://news.google.com/rss/articles/CBMiggFBVV95cUxPbU5uaTN0a1ZfbUV1M2dUcjUtUldQMVc4Z1dzaS05bnlKSmYyM1NwTFB2MUNQcWpqNHBlaFE1NnFucWVoMTFteFd3WE1USzJYamc3TW0zY1FGeUpCQ1ZPYktLR19FWmlVR3B2cmNPQnl5RzFOR2JaaGdKc3lmUWM4dXhB?oc=5,"Wed, 02 Sep 2026 05:11:14 GMT",banking finance
BSP offers rural banks free 3-year cloud banking system subscription - asianbankingandfinance.net,"<a href=""https://news.google.com/rss/articles/CBMixgFBVV95cUxNbzUzMXZQMXhZZm9ablRBMmMyUUJaaGxrVkN5elA2aGJGanEwNlZsaXZDcjN6ejBENkVVY0R6ZHlUMDZWNGRrRF9OSzF2RUl5YnViSmcwZHc4QVpWV1dQVG9qdkxwUkpNUjdKX2RmWEduT1dNNXRlQ0wzNFNSNXlsSUhCcjNWcVBHVlc0TGpBWG5XV011WmJlSENnYk4yZ1VrU1c5ZU0yMGFCYmZmX1A1Ylh2UXA5Vlp4elBObGo4bG5rN0t0VkE?oc=5"" target=""_blank"">BSP offers rural banks free 3-year cloud banking system subscription</a>&nbsp;&nbsp;<font color=""#6f6f6f"">asianbankingandfinance.net</font>",https://news.google.com/rss/articles/CBMixgFBVV95cUxNbzUzMXZQMXhZZm9ablRBMmMyUUJaaGxrVkN5elA2aGJGanEwNlZsaXZDcjN6ejBENkVVY0R6ZHlUMDZWNGRrRF9OSzF2RUl5YnViSmcwZHc4QVpWV1dQVG9qdkxwUkpNUjdKX2RmWEduT1dNNXRlQ0wzNFNSNXlsSUhCcjNWcVBHVlc0TGpBWG5XV011WmJlSENnYk4yZ1VrU1c5ZU0yMGFCYmZmX1A1Ylh2UXA5Vlp4elBObGo4bG5rN0t0VkE?oc=5,"Wed, 02 Sep 2026 03:16:57 GMT",banking finance
Nature loss is a financial risk. The UK should act now. - Green Central Banking,"<a href=""https://news.google.com/rss/articles/CBMingFBVV95cUxOWTVOa2k2UXBSWjBtMHdDdFllamRKWVJzUFRHWUdCVjU0TS1MRjZzOXhxU0pIaktPcVI4Mmd1Y0ZXSmNVa0RZQ2VVNVdFLUNZTngyeTEtN3ZOOThHM2h2dkg4YmtKTU5JcFZTcFc3ZXBtbENhM0lfTEVfNzFDc2ZPWlRFR2R0VDB2Sm5yUHl0NlpDbEdKT3A2bHBPb2duQQ?oc=5"" target=""_blank"">Nature loss is a financial risk. The UK should act now.</a>&nbsp;&nbsp;<font color=""#6f6f6f"">Green Central Banking</font>",https://news.google.com/rss/articles/CBMingFBVV95cUxOWTVOa2k2UXBSWjBtMHdDdFllamRKWVJzUFRHWUdCVjU0TS1MRjZzOXhxU0pIaktPcVI4Mmd1Y0ZXSmNVa0RZQ2VVNVdFLUNZTngyeTEtN3ZOOThHM2h2dkg4YmtKTU5JcFZTcFc3ZXBtbENhM0lfTEVfNzFDc2ZPWlRFR2R0VDB2Sm5yUHl0NlpDbEdKT3A2bHBPb2duQQ?oc=5,"Wed, 02 Sep 2026 07:02:16 GMT",banking finance
Ujjivan Small Finance Bank Ltd appoints Carol Furtado as acting MD & CEO - Whispers in the Corridors,"<a href=""https://news.google.com/rss/articles/CBMirgFBVV95cUxQMjZEOGVWZDZFZ2tiQnNIZU0wLXRCOU44amJFbHkzUU00aU0wdGFIZDFPSnpQdkJ6LVdLd0NrNFZ4a1doamxuOTRmZ0tkbk1pRmgxNlRFZ21ZeTVwbUUxcGRMZk9rcVpPUHB2U3duSm5BUHVlbU0tQjA4QXhSSE4tbjY2ZXpfWE04eDFteGRtQjNpOUFyam9ObmU1emFTajRzVVVfcjhBQkVLY2Rwc0E?oc=5"" target=""_blank"">Ujjivan Small Finance Bank Ltd appoints Carol Furtado as acting MD & CEO</a>&nbsp;&nbsp;<font color=""#6f6f6f"">Whispers in the Corridors</font>",https://news.google.com/rss/articles/CBMirgFBVV95cUxQMjZEOGVWZDZFZ2tiQnNIZU0wLXRCOU44amJFbHkzUU00aU0wdGFIZDFPSnpQdkJ6LVdLd0NrNFZ4a1doamxuOTRmZ0tkbk1pRmgxNlRFZ21ZeTVwbUUxcGRMZk9rcVpPUHB2U3duSm5BUHVlbU0tQjA4QXhSSE4tbjY2ZXpfWE04eDFteGRtQjNpOUFyam9ObmU1emFTajRzVVVfcjhBQkVLY2Rwc0E?oc=5,"Wed, 02 Sep 2026 05:59:03 GMT",banking finance
Ujjivan Small Finance Bank CEO & MD Sanjeev Nautiyal steps down on health grounds - The Economic Times,"<a href=""https://news.google.com/rss/articles/CBMihgJBVV95cUxQdkRCVHRERXpKQzBNV0VldGJuV0tsQ1MtOFgyWklkdDN3cW45d2tYWGhSXzRjNTBETU1OX0wwQWltZ2VtbHZ4X3VsQi1kYktLZV9uSWZEa2tLMkY1OGJBd1RRblZMMUdfeUJZRlNOdktQV1dMTW8yblJrN2FqRzhUS0MzcHJQaUQtWE0zWFo3TlNrVVE4ZzdSSWZCb2loMGc3ZzRXclZ3Rk5pcHc4U2lVeVhoY1FnSURKQmpjTTBrUUhKRC1udkJybDlKNnlqQzdEeUY0NEg3VmVuV1pYNUo4NHdveGNPOXhZRFB0VlFLOTVFUnl4V3hwQ0QyTVFLUWJTMzRIeFBB0gH_AUFVX3lxTE5jdTZNb3BXNG1BdnN4eWlETlhGeVQ0Q054UF9ENG9kb1dOMFFscFQ2ZXBGa19hWWluWHFSMkZuZjZYZWpGSno3R3FfWVZsZlU2QVhMVUI2Y0Z2VlN0LXJhTTZBWnh4SjVVWVAyT0pBLUd6TXZaRjlwUi1rMk0xLXlxSkhzSXZ3RVE3SEhNUUptbG16YVctcUhlYkNkbTU1T1VjODk4NXZNTzVFUXc1UUZTUG9feEt2TmFGVXdUYzhSbnpfOGxKTFNEQ2RET2gwN0J2dU1DVENBTExDZ25ISUFTX185Z0hIdm5uZk9wWDhUa3d5VnZFM2JsczY0NHhCMA?oc=5"" target=""_blank"">Ujjivan Small Finance Bank CEO & MD Sanjeev Nautiyal steps down on health grounds</a>&nbsp;&nbsp;<font color=""#6f6f6f"">The Economic Times</font>",https://news.google.com/rss/articles/CBMihgJBVV95cUxQdkRCVHRERXpKQzBNV0VldGJuV0tsQ1MtOFgyWklkdDN3cW45d2tYWGhSXzRjNTBETU1OX0wwQWltZ2VtbHZ4X3VsQi1kYktLZV9uSWZEa2tLMkY1OGJBd1RRblZMMUdfeUJZRlNOdktQV1dMTW8yblJrN2FqRzhUS0MzcHJQaUQtWE0zWFo3TlNrVVE4ZzdSSWZCb2loMGc3ZzRXclZ3Rk5pcHc4U2lVeVhoY1FnSURKQmpjTTBrUUhKRC1udkJybDlKNnlqQzdEeUY0NEg3VmVuV1pYNUo4NHdveGNPOXhZRFB0VlFLOTVFUnl4V3hwQ0QyTVFLUWJTMzRIeFBB0gH_AUFVX3lxTE5jdTZNb3BXNG1BdnN4eWlETlhGeVQ0Q054UF9ENG9kb1dOMFFscFQ2ZXBGa19hWWluWHFSMkZuZjZYZWpGSno3R3FfWVZsZlU2QVhMVUI2Y0Z2VlN0LXJhTTZBWnh4SjVVWVAyT0pBLUd6TXZaRjlwUi1rMk0xLXlxSkhzSXZ3RVE3SEhNUUptbG16YVctcUhlYkNkbTU1T1VjODk4NXZNTzVFUXc1UUZTUG9feEt2TmFGVXdUYzhSbnpfOGxKTFNEQ2RET2gwN0J2dU1DVENBTExDZ25ISUFTX185Z0hIdm5uZk9wWDhUa3d5VnZFM2JsczY0NHhCMA?oc=5,"Tue, 01 Sep 2026 12:05:27 GMT",banking finance
"Wells, BofA, Citi back upcoming stablecoin - Banking Dive","<a href=""https://news.google.com/rss/articles/CBMisAFBVV95cUxOYTZqQjBBUFc0ZUcyWVVUYVRwZFlySGRaYzNqaThLYkVpMk9IQV91NTVaSklRMjNPdG9IZEhLMWVfbUtaZmRQZjlaU3VTem5qSmJlN01lSjlNLXExY3p2R2tTRWlVT3otTnZ3blhqLWswdGhhWDhMMHV4VWl1V3pGR3pCWVkwVFpFQWR2T2ZjOVlUMkVaamt3S2tRUlA1U2IxMXZpWDhrdXhBeThFbWNUbw?oc=5"" target=""_blank"">Wells, BofA, Citi back upcoming stablecoin</a>&nbsp;&nbsp;<font color=""#6f6f6f"">Banking Dive</font>",https://news.google.com/rss/articles/CBMisAFBVV95cUxOYTZqQjBBUFc0ZUcyWVVUYVRwZFlySGRaYzNqaThLYkVpMk9IQV91NTVaSklRMjNPdG9IZEhLMWVfbUtaZmRQZjlaU3VTem5qSmJlN01lSjlNLXExY3p2R2tTRWlVT3otTnZ3blhqLWswdGhhWDhMMHV4VWl1V3pGR3pCWVkwVFpFQWR2T2ZjOVlUMkVaamt3S2tRUlA1U2IxMXZpWDhrdXhBeThFbWNUbw?oc=5,"Tue, 01 Sep 2026 16:36:17 GMT",banking finance
"India Post Payments Bank launches mutual fund, insurance platforms: Check what customers can access - Livemint","<a href=""https://news.google.com/rss/articles/CBMi-AFBVV95cUxPU2ZEVkk3bjFRdWJoZkdYRERQdU9zZWg0SUtqMm96LUI0b1drSm1RNXNITEtYSExKSTFQMzlVa003Uy1iNkhjbEpZajcwemxyemRrZlk4Qk1UY214QUtmQ2dPclRtdnduOUpNN0ZMUVhWc2Rad05NWV9BZU1kZkVDR0FieEtLcG1BdXRucnZnR1hWb3BfNXNGZWFtdjV5SUZGdXFpcGhuQ3pKd0lJa0FWdWg2YjMwMXRGS1hZYVVaa3BNc3pSNEstZ3RnMWkxN1BnQzNfNmM2WlU4RTFqaUl5eWZRNlM3QU5Rc2hqRll1T210WHhCMGJXcNIB_gFBVV95cUxPcFNlX0RBOFlHZU5qa0JxTXU1TXV6QVpybFpMWThHR2dISTZFdVhadndXaDB3bFRaSGo0S1lNS0k1cmk2V09QTmNhX0hKQkRJYWxzbGhESXpkSVpwb05CMXk2OTBiM3JYTmxWYjdiblJpNHYxVGxsMVZVUWdkaG5tU2dXN2U3d0gzdlA5M3JncGEwVi1iSUVzR29fTFdFQWh0VXlRd0JseC1CcXJrMTZZc0o1UTAzcmt0d1RWelVSQV9ma1h0cEZnb1RxeWVyQ1c4RjFMTE5HdlJMbU5qTmZrcmg0ZThnaG9HSFh5V2d5NjlLRHhHZXBRMWJyVWRqZw?oc=5"" target=""_blank"">India Post Payments Bank launches mutual fund, insurance platforms: Check what customers can access</a>&nbsp;&nbsp;<font color=""#6f6f6f"">Livemint</font>",https://news.google.com/rss/articles/CBMi-AFBVV95cUxPU2ZEVkk3bjFRdWJoZkdYRERQdU9zZWg0SUtqMm96LUI0b1drSm1RNXNITEtYSExKSTFQMzlVa003Uy1iNkhjbEpZajcwemxyemRrZlk4Qk1UY214QUtmQ2dPclRtdnduOUpNN0ZMUVhWc2Rad05NWV9BZU1kZkVDR0FieEtLcG1BdXRucnZnR1hWb3BfNXNGZWFtdjV5SUZGdXFpcGhuQ3pKd0lJa0FWdWg2YjMwMXRGS1hZYVVaa3BNc3pSNEstZ3RnMWkxN1BnQzNfNmM2WlU4RTFqaUl5eWZRNlM3QU5Rc2hqRll1T210WHhCMGJXcNIB_gFBVV95cUxPcFNlX0RBOFlHZU5qa0JxTXU1TXV6QVpybFpMWThHR2dISTZFdVhadndXaDB3bFRaSGo0S1lNS0k1cmk2V09QTmNhX0hKQkRJYWxzbGhESXpkSVpwb05CMXk2OTBiM3JYTmxWYjdiblJpNHYxVGxsMVZVUWdkaG5tU2dXN2U3d0gzdlA5M3JncGEwVi1iSUVzR29fTFdFQWh0VXlRd0JseC1CcXJrMTZZc0o1UTAzcmt0d1RWelVSQV9ma1h0cEZnb1RxeWVyQ1c4RjFMTE5HdlJMbU5qTmZrcmg0ZThnaG9HSFh5V2d5NjlLRHhHZXBRMWJyVWRqZw?oc=5,"Wed, 02 Sep 2026 06:05:41 GMT",banking finance
What is prudence in personal finance - The New Indian Express,"<a href=""https://news.google.com/rss/articles/CBMilAFBVV95cUxNV0RBOUdjOVVuYXNVczB1TnVQRi1EeGVyUFVFN2RTRmRDQnJBMm5LTGFjWTl0S0J1OTBaZ2xaSVJ2NGFTaEdXX0tYb2pOMEdld0hNMXQ5eDFYcVlpNE00SWdVaU9KZzNqRUJ4QzBLQkhkcWtnc2pPbHl3Z1NxTTJwMTJsS1l6SXp4QzJIVjNOaE1iWmIz0gGiAUFVX3lxTE5BX1ZkS09sZXhkb3ZQTkpTU0hhaG9lNFV3LXVKM0hiOXRLdFIwb2wzVTJzcmgtZ0J4QUt5WmhCNU1aSWxIQ0JCdV9POGFaNVc3NkdsSk9icVlxbXA4MC1YU3N1WEdnLWRYejJ0ZGs1UHp5by1sX2g0R01TLVpub2lQbTFwSEJwZW00cEhlMmpvU1JtZWtCQ01UX093czV2RVBOUQ?oc=5"" target=""_blank"">What is prudence in personal finance</a>&nbsp;&nbsp;<font color=""#6f6f6f"">The New Indian Express</font>",https://news.google.com/rss/articles/CBMilAFBVV95cUxNV0RBOUdjOVVuYXNVczB1TnVQRi1EeGVyUFVFN2RTRmRDQnJBMm5LTGFjWTl0S0J1OTBaZ2xaSVJ2NGFTaEdXX0tYb2pOMEdld0hNMXQ5eDFYcVlpNE00SWdVaU9KZzNqRUJ4QzBLQkhkcWtnc2pPbHl3Z1NxTTJwMTJsS1l6SXp4QzJIVjNOaE1iWmIz0gGiAUFVX3lxTE5BX1ZkS09sZXhkb3ZQTkpTU0hhaG9lNFV3LXVKM0hiOXRLdFIwb2wzVTJzcmgtZ0J4QUt5WmhCNU1aSWxIQ0JCdV9POGFaNVc3NkdsSk9icVlxbXA4MC1YU3N1WEdnLWRYejJ0ZGs1UHp5by1sX2g0R01TLVpub2lQbTFwSEJwZW00cEhlMmpvU1JtZWtCQ01UX093czV2RVBOUQ?oc=5,"Sun, 30 Aug 2026 17:07:03 GMT",banking finance
Major banks shrink entry-level hiring amid AI shift - The Korea Times,"<a href=""https://news.google.com/rss/articles/CBMitAFBVV95cUxQZTYzcUNuSnpHYzlPV05PdExTSkVOc3cyWEJkZkdTYzVzRWVRd3l3Q29KTjdjTUh0ME0yM2FlTUFYbWhXaDNuZmRqU3BUSklkellqMHpvLWo4S1dpYk8tT1dycWJ4dkdNcW94OHpmdnZHd25NTExDWnJybjBuVkNkVnlPR01IN2xBQXU0bTVNcVlJS3BSXzktZVJCRnYyaXJ6ZjJoRms4SU0wZEMtMUE5d3dzbjXSAboBQVVfeXFMT3lqeGhXZlRUc0dnblZXdHdqVnlMRngzZDZlS0ZjbFNfNzBBLWdqS0t0bFJ2TWlEUE1qUTNMSGJyN05VWVI1bDZCTFp4Q3BmTHpfWGI0R0RkNG5WNV9NbmV3VjF6TEMxQnlwRGxxWWMyWWQta3ZlOW5tSWhnOGdSVHpCRkFudTRXQ0RyV0JqTHlMc0JrdjVnVE8yS2dpS0NBMXFRc2pLS19DZXMwdERHSEdFQm16ZFE2LUtB?oc=5"" target=""_blank"">Major banks shrink entry-level hiring amid AI shift</a>&nbsp;&nbsp;<font color=""#6f6f6f"">The Korea Times</font>",https://news.google.com/rss/articles/CBMitAFBVV95cUxQZTYzcUNuSnpHYzlPV05PdExTSkVOc3cyWEJkZkdTYzVzRWVRd3l3Q29KTjdjTUh0ME0yM2FlTUFYbWhXaDNuZmRqU3BUSklkellqMHpvLWo4S1dpYk8tT1dycWJ4dkdNcW94OHpmdnZHd25NTExDWnJybjBuVkNkVnlPR01IN2xBQXU0bTVNcVlJS3BSXzktZVJCRnYyaXJ6ZjJoRms4SU0wZEMtMUE5d3dzbjXSAboBQVVfeXFMT3lqeGhXZlRUc0dnblZXdHdqVnlMRngzZDZlS0ZjbFNfNzBBLWdqS0t0bFJ2TWlEUE1qUTNMSGJyN05VWVI1bDZCTFp4Q3BmTHpfWGI0R0RkNG5WNV9NbmV3VjF6TEMxQnlwRGxxWWMyWWQta3ZlOW5tSWhnOGdSVHpCRkFudTRXQ0RyV0JqTHlMc0JrdjVnVE8yS2dpS0NBMXFRc2pLS19DZXMwdERHSEdFQm16ZFE2LUtB?oc=5,"Wed, 02 Sep 2026 05:27:03 GMT",banking finance
Elon Musk at G20: AI will probably increase the global economy by 20 to 30% - CNBC,"<a href=""https://news.google.com/rss/articles/CBMiwgFBVV95cUxNSHUtcGRfUl8taFJBaUdzLWpTcGdtUmxjd05TOVV6UXlUMk9EdGRMWENWR0tPYklfUVZRcXgzdm00b1NtRWFGbDR6dDlCV05ycXltaTlhQURPQUZmaUNONkNmMTBtSG85cVJSNGxTZ21SMGw2UFgxZ25LUVBxcVFEQThXM3BNdUtUTnRlenJia2diMU54M2VYaHhNWC1sM09VamxvOXdNSzJaMVgtYW1TQm4xTzFYZ2FXZDdCMzBQc1hCdw?oc=5"" target=""_blank"">Elon Musk at G20: AI will probably increase the global economy by 20 to 30%</a>&nbsp;&nbsp;<font color=""#6f6f6f"">CNBC</font>",https://news.google.com/rss/articles/CBMiwgFBVV95cUxNSHUtcGRfUl8taFJBaUdzLWpTcGdtUmxjd05TOVV6UXlUMk9EdGRMWENWR0tPYklfUVZRcXgzdm00b1NtRWFGbDR6dDlCV05ycXltaTlhQURPQUZmaUNONkNmMTBtSG85cVJSNGxTZ21SMGw2UFgxZ25LUVBxcVFEQThXM3BNdUtUTnRlenJia2diMU54M2VYaHhNWC1sM09VamxvOXdNSzJaMVgtYW1TQm4xTzFYZ2FXZDdCMzBQc1hCdw?oc=5,"Tue, 01 Sep 2026 13:45:00 GMT",global economy
Copper’s Rally Stalls as Worries About Global Economy Resurface - Bloomberg.com,"<a href=""https://news.google.com/rss/articles/CBMitAFBVV95cUxQbUFhMnBYa0VsMElrZUkyQmJqV3hpV2JYTk1Lc3FZd3cxVUEwaGJHWGtuVFZ3NlZJeTZvSWlET25EQ3dycS1CUG1uMGdOOGQwMUhNLWwzRGN6TXlhLUMwMlZ6cUVKeVNjV01BbDVGN0RmRHlybDdGRlZjLVI2VkluU3BWVzFBVHdJZG9wWWdmMGdVQndUaHRoQ0pmd25MTThyNGNFdldMTlUtYzhxcE92RlFpSHQ?oc=5"" target=""_blank"">Copper’s Rally Stalls as Worries About Global Economy Resurface</a>&nbsp;&nbsp;<font color=""#6f6f6f"">Bloomberg.com</font>",https://news.google.com/rss/articles/CBMitAFBVV95cUxQbUFhMnBYa0VsMElrZUkyQmJqV3hpV2JYTk1Lc3FZd3cxVUEwaGJHWGtuVFZ3NlZJeTZvSWlET25EQ3dycS1CUG1uMGdOOGQwMUhNLWwzRGN6TXlhLUMwMlZ6cUVKeVNjV01BbDVGN0RmRHlybDdGRlZjLVI2VkluU3BWVzFBVHdJZG9wWWdmMGdVQndUaHRoQ0pmd25MTThyNGNFdldMTlUtYzhxcE92RlFpSHQ?oc=5,"Wed, 02 Sep 2026 02:54:00 GMT",global economy
World economy faces a new phase of financial repression - The Times,"<a href=""https://news.google.com/rss/articles/CBMiuAFBVV95cUxQcXcydGJwT3h6WmhvVjJfY1ppUDdncWM2aURObzQzSU14NGMyY0lHekZlTUU2V1otQ0FTaWN5eGtvT013RlhnZ3ppQk5zQ05tT3dSOHctRThlZmNQTk9UY2RoTlNtTnFZak02NUpEZms1WnVyNDRqQVZYRDVzaU9BeGNHNU9jdkNMdV9wMkdBYTYyOEx3R18wcllObFV3Wk13TXltekxWM2lkNW1TVWd4UUsxWjBSYlNh?oc=5"" target=""_blank"">World economy faces a new phase of financial repression</a>&nbsp;&nbsp;<font color=""#6f6f6f"">The Times</font>",https://news.google.com/rss/articles/CBMiuAFBVV95cUxQcXcydGJwT3h6WmhvVjJfY1ppUDdncWM2aURObzQzSU14NGMyY0lHekZlTUU2V1otQ0FTaWN5eGtvT013RlhnZ3ppQk5zQ05tT3dSOHctRThlZmNQTk9UY2RoTlNtTnFZak02NUpEZms1WnVyNDRqQVZYRDVzaU9BeGNHNU9jdkNMdV9wMkdBYTYyOEx3R18wcllObFV3Wk13TXltekxWM2lkNW1TVWd4UUsxWjBSYlNh?oc=5,"Tue, 01 Sep 2026 16:30:00 GMT",global economy
"AI could cause global economic downturn, Bank of England governor tells G20 - The Guardian","<a href=""https://news.google.com/rss/articles/CBMiqwFBVV95cUxPa2hKaTJDZm5XdTdydXNLTnh3VVNOZEszVWNST2hOcXVOcXlqQ0hnLXZkSllVZWlhMnpfbFZGVm1IUGstbDQ3VWJLMGV4bnV6M3Z2UDhCc1N4Uy0ya0JGSVhFQzh1TnU5MURDVl8zd1VWZHJkY3N6QzBYd0lkYTJvd1hZclF2ZmFPUW9BSlhQWXZsUm16S0VvS055NVFJNEo1Y1I3cFliUUoySzQ?oc=5"" target=""_blank"">AI could cause global economic downturn, Bank of England governor tells G20</a>&nbsp;&nbsp;<font color=""#6f6f6f"">The Guardian</font>",https://news.google.com/rss/articles/CBMiqwFBVV95cUxPa2hKaTJDZm5XdTdydXNLTnh3VVNOZEszVWNST2hOcXVOcXlqQ0hnLXZkSllVZWlhMnpfbFZGVm1IUGstbDQ3VWJLMGV4bnV6M3Z2UDhCc1N4Uy0ya0JGSVhFQzh1TnU5MURDVl8zd1VWZHJkY3N6QzBYd0lkYTJvd1hZclF2ZmFPUW9BSlhQWXZsUm16S0VvS055NVFJNEo1Y1I3cFliUUoySzQ?oc=5,"Mon, 31 Aug 2026 06:00:00 GMT",global economy
"White House hails India’s economic resilience, calls it a fast-growing global power - Firstpost","<a href=""https://news.google.com/rss/articles/CBMiygFBVV95cUxOdFlEV0hzeXJzTGt3Zi1XYW9PeEd1V3ZjVjZfSkRnaTNjMzRIcjVUY2libjlrOWN4VEdrWmpDU3M4cGhHSUtFX3JuSXNjMWc5RXdWV3p4RE9hcmMtQmQ0eGlhTDluU2ZtdDAycVV3WHZzSGt1RFZYM0s4LWRQYnZaT2NhQkYyWmJ3akJXQVdqb0xtZGtYd3ZydGwwTzNFR2UxUEJ4OE5nbUJEU3VENGMwTVVfaDRwYUstQV8zT1MzaS13OUpiVi1uaXNB0gHPAUFVX3lxTE5VNkZRX0tLVFIxNkY3TEpGcDdNbFhhUWNucGFraHh3ZHFYS2ZSRXNjclY1ZjROY1ZvQ3RtQ0VBbGZjZUpfODFRUlQ5Vkh4QVl4WExub0Q1THQ4MXRxNVUyN1k5dE9aUmJrQkFZRGRGM29OVFpSNmFtNE9jTmVMSVZ5LUt6RjFfQTNVUFplbDlTLUFSNG9TczN3aGdLR2EzdTk1RnN4RFN2d0s4Zm9JQUMyV0paekhqQ19sTUFNd21peHFZYU1HWEhyUXpid1hMUQ?oc=5"" target=""_blank"">White House hails India’s economic resilience, calls it a fast-growing global power</a>&nbsp;&nbsp;<font color=""#6f6f6f"">Firstpost</font>",https://news.google.com/rss/articles/CBMiygFBVV95cUxOdFlEV0hzeXJzTGt3Zi1XYW9PeEd1V3ZjVjZfSkRnaTNjMzRIcjVUY2libjlrOWN4VEdrWmpDU3M4cGhHSUtFX3JuSXNjMWc5RXdWV3p4RE9hcmMtQmQ0eGlhTDluU2ZtdDAycVV3WHZzSGt1RFZYM0s4LWRQYnZaT2NhQkYyWmJ3akJXQVdqb0xtZGtYd3ZydGwwTzNFR2UxUEJ4OE5nbUJEU3VENGMwTVVfaDRwYUstQV8zT1MzaS13OUpiVi1uaXNB0gHPAUFVX3lxTE5VNkZRX0tLVFIxNkY3TEpGcDdNbFhhUWNucGFraHh3ZHFYS2ZSRXNjclY1ZjROY1ZvQ3RtQ0VBbGZjZUpfODFRUlQ5Vkh4QVl4WExub0Q1THQ4MXRxNVUyN1k5dE9aUmJrQkFZRGRGM29OVFpSNmFtNE9jTmVMSVZ5LUt6RjFfQTNVUFplbDlTLUFSNG9TczN3aGdLR2EzdTk1RnN4RFN2d0s4Zm9JQUMyV0paekhqQ19sTUFNd21peHFZYU1HWEhyUXpid1hMUQ?oc=5,"Tue, 01 Sep 2026 03:18:16 GMT",global economy
The UAE's fiscal model is built to handle uncertainty - thenationalnews.com,"<a href=""https://news.google.com/rss/articles/CBMitAFBVV95cUxQMHZod0dmRU5qSTV4VGNqQ1c1NE9WRDk4TmdERmU0R3FERWtfNFo0dmlZdi1jUW5LRnVfdk02WXVQU1hHODk2b0tBTUdaS1ZVMXAxRENyYURMcEZKbGlobmQ5VFRWel9oRUpaODl3V3Mxak9VQXJTb0M5c1lqX0xVa1JOOXp0MHdpUUZlUm1URUNELTFoTV9PeEhWdW1yS3oyR180V2lXUm16RFc2WHBOTG1fY0w?oc=5"" target=""_blank"">The UAE's fiscal model is built to handle uncertainty</a>&nbsp;&nbsp;<font color=""#6f6f6f"">thenationalnews.com</font>",https://news.google.com/rss/articles/CBMitAFBVV95cUxQMHZod0dmRU5qSTV4VGNqQ1c1NE9WRDk4TmdERmU0R3FERWtfNFo0dmlZdi1jUW5LRnVfdk02WXVQU1hHODk2b0tBTUdaS1ZVMXAxRENyYURMcEZKbGlobmQ5VFRWel9oRUpaODl3V3Mxak9VQXJTb0M5c1lqX0xVa1JOOXp0MHdpUUZlUm1URUNELTFoTV9PeEhWdW1yS3oyR180V2lXUm16RFc2WHBOTG1fY0w?oc=5,"Tue, 01 Sep 2026 14:07:04 GMT",global economy
ECB's Nagel: Global Economy On Growth Path Despite Middle East Crisis - Forex Factory,"<a href=""https://news.google.com/rss/articles/CBMilAFBVV95cUxPNmxWcVhzWDVzMUlYNkF1MzdQcFIwS0NuQ1lNWF9kSVg5NWpUQ1dSRlViczFleldGc0NRWWlmeGNZZkxXYnlkWjZaaFhpeHVoTmpiN2Z3YUh6US13TzItVEJram9RZTlOWEZ2T2xrTG0xcXVYUThYOUF6X0Z2eXZWRFMzMWpoTkc0US1RVFdFNlk3Z1BO0gGaAUFVX3lxTFA0cllzSE9maDlnWjZrWHk2b0hQS25fRWtpMk02blJhT25reXhLMWFkc0hRWkw4X3dqVEZ3TXE1Q0g1VkVaaVJqQ1BWUUhJWFo3S0g2UEpCdmJlYVRLVXYyanpHazhnMlpEanoxQk9ZcmhJMld2MGxwWV94N2hnMVFndlVzSkt5MXAxdnpaS3JlQWVIUUp2MkVDLXc?oc=5"" target=""_blank"">ECB's Nagel: Global Economy On Growth Path Despite Middle East Crisis</a>&nbsp;&nbsp;<font color=""#6f6f6f"">Forex Factory</font>",https://news.google.com/rss/articles/CBMilAFBVV95cUxPNmxWcVhzWDVzMUlYNkF1MzdQcFIwS0NuQ1lNWF9kSVg5NWpUQ1dSRlViczFleldGc0NRWWlmeGNZZkxXYnlkWjZaaFhpeHVoTmpiN2Z3YUh6US13TzItVEJram9RZTlOWEZ2T2xrTG0xcXVYUThYOUF6X0Z2eXZWRFMzMWpoTkc0US1RVFdFNlk3Z1BO0gGaAUFVX3lxTFA0cllzSE9maDlnWjZrWHk2b0hQS25fRWtpMk02blJhT25reXhLMWFkc0hRWkw4X3dqVEZ3TXE1Q0g1VkVaaVJqQ1BWUUhJWFo3S0g2UEpCdmJlYVRLVXYyanpHazhnMlpEanoxQk9ZcmhJMld2MGxwWV94N2hnMVFndlVzSkt5MXAxdnpaS3JlQWVIUUp2MkVDLXc?oc=5,"Tue, 01 Sep 2026 14:09:55 GMT",global economy
"Nirmala Sitharaman, IMF chief discuss India’s growth trajectory, global economic outlook - The Economic Times","<a href=""https://news.google.com/rss/articles/CBMi5AFBVV95cUxOZHZYaXRJZGdzd29vNlBUTkNIajJQeGJwY19LOFIwYi1QVU56bTVoUGFQc2g0ZVlKd2xILWJxV1JGeW9tbFhBTlNWMkhqTHNfRXV3bFBXd21WdVJqNlozUzI0VEZRNkZrODdGdDJCZ0lNT2VSU0pVLVhEcEQyNWtBSGR5c3VLakhud1NLOXRWME1mbHhER3FVSHFkRW9zemxvSjRZTWlwT3haRW1pMDZ5NDJzM0wtY290bnhqbDJ3TXYzVjBXLXNIa3ZnR3NGSjZSRVQ2UHJpbWZTM0c2VnlGbUJkQmbSAeoBQVVfeXFMT1JuTW9SUTRUR0R3V2QxUGh6eTQyRzE1cnJwbFVKWnNQZVlaaVROblMyM2JfNjhKRlV1WUh4YnNlX1RHRXFsU0FSdGNLNk5MQmxJbjZEc1BZMTh6cFI2bHk1UFEzLUhmaXJBWUU5Mkl3aHduanRaSkNSa1ZVSm4wR1JteUpPa0lIaGlNdkZYZHgzVkZ1YXA4UklGV0IweExkeGF4VGZmYWpOSzd2X0F1b0llb0xCRktYTXkyZ0JhVUgyQ2JhQ29vc3AxX1ZUY1JGazh4bktFekZXUVZJaDVpaWMwUkc5WGsyOGRn?oc=5"" target=""_blank"">Nirmala Sitharaman, IMF chief discuss India’s growth trajectory, global economic outlook</a>&nbsp;&nbsp;<font color=""#6f6f6f"">The Economic Times</font>",https://news.google.com/rss/articles/CBMi5AFBVV95cUxOZHZYaXRJZGdzd29vNlBUTkNIajJQeGJwY19LOFIwYi1QVU56bTVoUGFQc2g0ZVlKd2xILWJxV1JGeW9tbFhBTlNWMkhqTHNfRXV3bFBXd21WdVJqNlozUzI0VEZRNkZrODdGdDJCZ0lNT2VSU0pVLVhEcEQyNWtBSGR5c3VLakhud1NLOXRWME1mbHhER3FVSHFkRW9zemxvSjRZTWlwT3haRW1pMDZ5NDJzM0wtY290bnhqbDJ3TXYzVjBXLXNIa3ZnR3NGSjZSRVQ2UHJpbWZTM0c2VnlGbUJkQmbSAeoBQVVfeXFMT1JuTW9SUTRUR0R3V2QxUGh6eTQyRzE1cnJwbFVKWnNQZVlaaVROblMyM2JfNjhKRlV1WUh4YnNlX1RHRXFsU0FSdGNLNk5MQmxJbjZEc1BZMTh6cFI2bHk1UFEzLUhmaXJBWUU5Mkl3aHduanRaSkNSa1ZVSm4wR1JteUpPa0lIaGlNdkZYZHgzVkZ1YXA4UklGV0IweExkeGF4VGZmYWpOSzd2X0F1b0llb0xCRktYTXkyZ0JhVUgyQ2JhQ29vc3AxX1ZUY1JGazh4bktFekZXUVZJaDVpaWMwUkc5WGsyOGRn?oc=5,"Wed, 02 Sep 2026 02:05:39 GMT",global economy
Bank of England Governor Warns AI Represents Threat to the Global Economy - Gizmodo,"<a href=""https://news.google.com/rss/articles/CBMipwFBVV95cUxPenl4QzFMcHN1SHA1SVlZNnZ4YnJ5LUFKb21taS01S3ByQTZITzk0cmdtOC1OdF96dzRGdW50bmhZTnBvZnp5WkRxaGZ2Z1NJTUh1Y0w4TTJyMXN1dFFXMGdhbDBob3ozMTdtNmhXNmVEYmV2cU1EeDZXckwwakktdjZJelVyV0dmamhiQVc4Y29aS2NUV2x2VXhRVkdxMy1rYVRsYzdIRQ?oc=5"" target=""_blank"">Bank of England Governor Warns AI Represents Threat to the Global Economy</a>&nbsp;&nbsp;<font color=""#6f6f6f"">Gizmodo</font>",https://news.google.com/rss/articles/CBMipwFBVV95cUxPenl4QzFMcHN1SHA1SVlZNnZ4YnJ5LUFKb21taS01S3ByQTZITzk0cmdtOC1OdF96dzRGdW50bmhZTnBvZnp5WkRxaGZ2Z1NJTUh1Y0w4TTJyMXN1dFFXMGdhbDBob3ozMTdtNmhXNmVEYmV2cU1EeDZXckwwakktdjZJelVyV0dmamhiQVc4Y29aS2NUV2x2VXhRVkdxMy1rYVRsYzdIRQ?oc=5,"Mon, 31 Aug 2026 17:40:01 GMT",global economy
The $150 Trillion Global Economy in 2030 - Visual Capitalist,"<a href=""https://news.google.com/rss/articles/CBMifkFVX3lxTE1ETllpaUhEU0JnbFk4T0lRUDV3bE5oWm5wQWxYM1VWanhvNG8tUUR0TUpPZkk3SlZ0ZmNfRHZLbTdFUmlyaTc1LVk0Q2ZJZldkX0NfbE45c1lfSzlfMkNXQlFrLUJUN2pBRzI2YjU4M1JuRUhHSmRrRTZ0dlpNQQ?oc=5"" target=""_blank"">The $150 Trillion Global Economy in 2030</a>&nbsp;&nbsp;<font color=""#6f6f6f"">Visual Capitalist</font>",https://news.google.com/rss/articles/CBMifkFVX3lxTE1ETllpaUhEU0JnbFk4T0lRUDV3bE5oWm5wQWxYM1VWanhvNG8tUUR0TUpPZkk3SlZ0ZmNfRHZLbTdFUmlyaTc1LVk0Q2ZJZldkX0NfbE45c1lfSzlfMkNXQlFrLUJUN2pBRzI2YjU4M1JuRUhHSmRrRTZ0dlpNQQ?oc=5,"Tue, 25 Aug 2026 12:05:26 GMT",global economy
The Strongest El Niño in a Generation Is Wreaking Havoc on Global Economy - WSJ,"<a href=""https://news.google.com/rss/articles/CBMiuAFBVV95cUxPZC01WkRlU3ZuYTVlR2NsRXV6NVdJNFdVNUFKUVljNU9nV2FUdVZBT3ZvMVBiekpIaVRKWlI4Tk5SLUpFZnVSdS12b2ZXdDFTLWoxcFl3OEdsenNtZ01LVTFjanVyTm5EZThKV3NKOWZta01kdEZsTUZseUZpYTA4QllWMERXQ1RLdDZXR1VVMHJzTFhtSmlhclRPd2x1TjlxMkoxY0JhYTJBZnA3WC1GdXcxN1BEZnNQ?oc=5"" target=""_blank"">The Strongest El Niño in a Generation Is Wreaking Havoc on Global Economy</a>&nbsp;&nbsp;<font color=""#6f6f6f"">WSJ</font>",https://news.google.com/rss/articles/CBMiuAFBVV95cUxPZC01WkRlU3ZuYTVlR2NsRXV6NVdJNFdVNUFKUVljNU9nV2FUdVZBT3ZvMVBiekpIaVRKWlI4Tk5SLUpFZnVSdS12b2ZXdDFTLWoxcFl3OEdsenNtZ01LVTFjanVyTm5EZThKV3NKOWZta01kdEZsTUZseUZpYTA4QllWMERXQ1RLdDZXR1VVMHJzTFhtSmlhclRPd2x1TjlxMkoxY0JhYTJBZnA3WC1GdXcxN1BEZnNQ?oc=5,"Sat, 29 Aug 2026 09:30:00 GMT",global economy
India can adapt to Global Economic Changes without derailing growth: Nirmala Sitharaman - newsonair.gov.in,"<a href=""https://news.google.com/rss/articles/CBMisgFBVV95cUxNZ0k4MDlnMWZTcGZvS2NIMlRqLUs4ZUVlXzFZb3V0aTRSQzZTbk9NbnQzeUJVQTU1VzhGNl9qeTMtQ05pUFVNSHFaRENyMlpmZko4eHM1UjV5b2Jab3A0SVFFYlMyQzlEQzRiWEEycDVTY1hZa0NWZi11ZnAtbXhnNktVR18wR1hjX0dqODZDMG9RdkwxVEFwblRpcTFEelpsbGtKeGc3LWVlLTF5bzdfLWZ3?oc=5"" target=""_blank"">India can adapt to Global Economic Changes without derailing growth: Nirmala Sitharaman</a>&nbsp;&nbsp;<font color=""#6f6f6f"">newsonair.gov.in</font>",https://news.google.com/rss/articles/CBMisgFBVV95cUxNZ0k4MDlnMWZTcGZvS2NIMlRqLUs4ZUVlXzFZb3V0aTRSQzZTbk9NbnQzeUJVQTU1VzhGNl9qeTMtQ05pUFVNSHFaRENyMlpmZko4eHM1UjV5b2Jab3A0SVFFYlMyQzlEQzRiWEEycDVTY1hZa0NWZi11ZnAtbXhnNktVR18wR1hjX0dqODZDMG9RdkwxVEFwblRpcTFEelpsbGtKeGc3LWVlLTF5bzdfLWZ3?oc=5,"Tue, 01 Sep 2026 07:58:01 GMT",global economy
"FM Sitharaman, IMF chief Georgieva discuss global outlook, India’s growth trajectory - Fortune India","<a href=""https://news.google.com/rss/articles/CBMiwwFBVV95cUxPS3NBN1dob1hOb19kal9TTDdaa09DQ003bmo3a1M0dF8zcHhibWRSb3BXdzhWZFQzYk0tU09EbTBKTXhseFIwN2R2MXg1cWM3ZjlScTRESFM2Tm9fNE1sNFZ3SFp1QW4tRV81U3AzVzlFcWdZSDNnZzgzNGVEY0ZNOGo3SXgyMEQ2VkRtVlJGLWFnVTdSa2ZXSjhib1pibkI0X0xDaTNvaTlkSUstSlc3WjRXbFlFNGtXQ0xDQlVMWFVLd3fSAdABQVVfeXFMUFJ2MTluX010a2p6OVVwZGJrV0VHUTNFVEZQM1FpQWJUZ2x0amlNVVQwcmYzUGs0TUxJQU10TklOM0hfck85alpXbG15RE9qLUgxRjYteTYxZFhVLTd1bzFxYWtPUGUxN2VLWXVITzVaelg3WURlbnpMaDNNS0ZON19MX3hIRlFtT0xHQ2dlQjFBOUlTRUtQN2pOZ2FoV2hhbGhEY0hFbHloLU1fSkVuS1NGUXljR2V3Y2dldk9lblNIand0b3JadEVSWjMzZ0l3aA?oc=5"" target=""_blank"">FM Sitharaman, IMF chief Georgieva discuss global outlook, India’s growth trajectory</a>&nbsp;&nbsp;<font color=""#6f6f6f"">Fortune India</font>",https://news.google.com/rss/articles/CBMiwwFBVV95cUxPS3NBN1dob1hOb19kal9TTDdaa09DQ003bmo3a1M0dF8zcHhibWRSb3BXdzhWZFQzYk0tU09EbTBKTXhseFIwN2R2MXg1cWM3ZjlScTRESFM2Tm9fNE1sNFZ3SFp1QW4tRV81U3AzVzlFcWdZSDNnZzgzNGVEY0ZNOGo3SXgyMEQ2VkRtVlJGLWFnVTdSa2ZXSjhib1pibkI0X0xDaTNvaTlkSUstSlc3WjRXbFlFNGtXQ0xDQlVMWFVLd3fSAdABQVVfeXFMUFJ2MTluX010a2p6OVVwZGJrV0VHUTNFVEZQM1FpQWJUZ2x0amlNVVQwcmYzUGs0TUxJQU10TklOM0hfck85alpXbG15RE9qLUgxRjYteTYxZFhVLTd1bzFxYWtPUGUxN2VLWXVITzVaelg3WURlbnpMaDNNS0ZON19MX3hIRlFtT0xHQ2dlQjFBOUlTRUtQN2pOZ2FoV2hhbGhEY0hFbHloLU1fSkVuS1NGUXljR2V3Y2dldk9lblNIand0b3JadEVSWjMzZ0l3aA?oc=5,"Wed, 02 Sep 2026 04:35:13 GMT",global economy
How to future-proof the global economy - worldfinance.com,"<a href=""https://news.google.com/rss/articles/CBMihwFBVV95cUxOMzdabDR3QVVvQkJBN2dRTWVwV2c3UVJpcTRyRFpnNDV3Tl9sSkx1UFBFSnhxZUZVMFJHQU16VDZSM0dRbGpFRTRNRVJpZG4zRE5Gb1YzaGYycEM3WDdRSUJwTkRicERuTlV4bzBFSmR4bWlGT3JPRmZZTVlsdnU1VGF3MFpwalk?oc=5"" target=""_blank"">How to future-proof the global economy</a>&nbsp;&nbsp;<font color=""#6f6f6f"">worldfinance.com</font>",https://news.google.com/rss/articles/CBMihwFBVV95cUxOMzdabDR3QVVvQkJBN2dRTWVwV2c3UVJpcTRyRFpnNDV3Tl9sSkx1UFBFSnhxZUZVMFJHQU16VDZSM0dRbGpFRTRNRVJpZG4zRE5Gb1YzaGYycEM3WDdRSUJwTkRicERuTlV4bzBFSmR4bWlGT3JPRmZZTVlsdnU1VGF3MFpwalk?oc=5,"Tue, 01 Sep 2026 08:47:11 GMT",global economy
China's Vice Finance Minister Liao Min Tells G20: '15th Five-Year Plan' Domestic Demand Expansion Will Inject New Momentum into Global Economy - finance.biggo.com,"<a href=""https://news.google.com/rss/articles/CBMidkFVX3lxTE9ONjZlMU5oYlRpNGFIa0laZ0JSa1ZYSFRnVmlmMGdsNktrb1oxQlUtQ291eEFkQ2I0S0xJR1JycFFFQ2Y2NC1YU2J3VlRIYzFBTGZuZW5OUnpXOTRSQzFEcElkek9VSlVLSk91cjkxbEtyUmlHNVE?oc=5"" target=""_blank"">China's Vice Finance Minister Liao Min Tells G20: '15th Five-Year Plan' Domestic Demand Expansion Will Inject New Momentum into Global Economy</a>&nbsp;&nbsp;<font color=""#6f6f6f"">finance.biggo.com</font>",https://news.google.com/rss/articles/CBMidkFVX3lxTE9ONjZlMU5oYlRpNGFIa0laZ0JSa1ZYSFRnVmlmMGdsNktrb1oxQlUtQ291eEFkQ2I0S0xJR1JycFFFQ2Y2NC1YU2J3VlRIYzFBTGZuZW5OUnpXOTRSQzFEcElkek9VSlVLSk91cjkxbEtyUmlHNVE?oc=5,"Wed, 02 Sep 2026 03:06:00 GMT",global economy
India's Ruling Classes and the Global Crisis - Monthly Review,"<a href=""https://news.google.com/rss/articles/CBMihgFBVV95cUxNSE5KSWZHMzNmcklGRmUwdENuX1ZuWnFsMW9VcFBQY2xGUGNsQWY5WFVxam0yaHlocDRLX2dnM3JOWlNmRFRIVWV1QWpnUEhOQWxxSXhBSm45dmY4dFUwUDNPYXFPbTVQNnA3cDhwd1drRFdSM1A0b1gzSm1kY3BEcGQyY3RhQQ?oc=5"" target=""_blank"">India's Ruling Classes and the Global Crisis</a>&nbsp;&nbsp;<font color=""#6f6f6f"">Monthly Review</font>",https://news.google.com/rss/articles/CBMihgFBVV95cUxNSE5KSWZHMzNmcklGRmUwdENuX1ZuWnFsMW9VcFBQY2xGUGNsQWY5WFVxam0yaHlocDRLX2dnM3JOWlNmRFRIVWV1QWpnUEhOQWxxSXhBSm45dmY4dFUwUDNPYXFPbTVQNnA3cDhwd1drRFdSM1A0b1gzSm1kY3BEcGQyY3RhQQ?oc=5,"Tue, 01 Sep 2026 00:15:02 GMT",global economy
"ECBs Nagel: Despite the middle east, the global economy remains in a growth trajectory - investingLive","<a href=""https://news.google.com/rss/articles/CBMiwwFBVV95cUxOVEdESWhjaXZkVkhoRFRGN0MxaWRIZ1pkV01aSkRxdzNrRlRtemdpdU13RTF6QWRCZ1djVlZINkJxcVlNTG5WazJLaVA0cVJjTWlWTTZHdWVlOUlaRm1MNG1vaVRTSjdKbnBTcVdRdkNac0ZGNnNHLXh1NWFGSXJhTmlZY2twdnpyZU9mXzhBdzJLWXZ4alBPT1kwRVlKcmJuaHBlZ2xEblBRYUxnbU83QXdlcmh2ejNNSlBlSmlfYkktN2M?oc=5"" target=""_blank"">ECBs Nagel: Despite the middle east, the global economy remains in a growth trajectory</a>&nbsp;&nbsp;<font color=""#6f6f6f"">investingLive</font>",https://news.google.com/rss/articles/CBMiwwFBVV95cUxOVEdESWhjaXZkVkhoRFRGN0MxaWRIZ1pkV01aSkRxdzNrRlRtemdpdU13RTF6QWRCZ1djVlZINkJxcVlNTG5WazJLaVA0cVJjTWlWTTZHdWVlOUlaRm1MNG1vaVRTSjdKbnBTcVdRdkNac0ZGNnNHLXh1NWFGSXJhTmlZY2twdnpyZU9mXzhBdzJLWXZ4alBPT1kwRVlKcmJuaHBlZ2xEblBRYUxnbU83QXdlcmh2ejNNSlBlSmlfYkktN2M?oc=5,"Tue, 01 Sep 2026 13:27:40 GMT",global economy
Understanding the economic impact of BTS — and its ARMY of fans - marketplace.org,"<a href=""https://news.google.com/rss/articles/CBMipgFBVV95cUxPQkN4dnFKenZ1OVJ3VUhIMFNpRzA5aTJCWVlZRGNGb3hTSUtCRmRnMUg3RVh4SFlBeDVsaUhXMS1PcFF2LWRNUWZ6SjBsR0p6a0s4djd1SnVOcEtnTGdrbmNCVUY4S20zZi1uanIxeTFpZE1Xb3FjbmY2endtaWRyVHRXTGZOd0V3OFRCSUFtbXJ4aU9EbFhjUUVTcEhzblBsTnhiQVh3?oc=5"" target=""_blank"">Understanding the economic impact of BTS — and its ARMY of fans</a>&nbsp;&nbsp;<font color=""#6f6f6f"">marketplace.org</font>",https://news.google.com/rss/articles/CBMipgFBVV95cUxPQkN4dnFKenZ1OVJ3VUhIMFNpRzA5aTJCWVlZRGNGb3hTSUtCRmRnMUg3RVh4SFlBeDVsaUhXMS1PcFF2LWRNUWZ6SjBsR0p6a0s4djd1SnVOcEtnTGdrbmNCVUY4S20zZi1uanIxeTFpZE1Xb3FjbmY2endtaWRyVHRXTGZOd0V3OFRCSUFtbXJ4aU9EbFhjUUVTcEhzblBsTnhiQVh3?oc=5,"Tue, 01 Sep 2026 14:30:00 GMT",global economy
Elon Musk Says AI Could Add Up To $30 Trillion A Year To Global Economy – Predicts ‘Stockfish-Level’ Capabilities Within 12 To 18 Months - TradingView,"<a href=""https://news.google.com/rss/articles/CBMinAJBVV95cUxPQkFxbXlCYzZCZlpDTFBNUzBqemFsMU5JT01XWXRqa2FwNkJaV1ZxZ2wzWVFVNHpwQTI1SVZCYXlPc0w4czl5eHdTdG5fVDJhQUhmbE9tRWFueUhoeTJBYjlDdTl5V3NtV3JmVC1CU3N5OVhsRnRqQ01DNXVhRlBHYXlZcGxRY0ZnZjVzTHJyQi12eGZhbUloU1hlM0V1M1hRcmU2a1RfakNkbW5wd2NYZ2dIN05kOUVkaTJkUmE4VFBzRUR6WnJPbVNEdWdPTHByRWsxV0NGNjNoQUFEU0duSzZZazl0aEZrN0dGRkxSbERNOHFUVDc3UmllMHNjU01hNElfSmNQUF9NeG56UThtTm90dmZxRWQtZTRDWg?oc=5"" target=""_blank"">Elon Musk Says AI Could Add Up To $30 Trillion A Year To Global Economy – Predicts ‘Stockfish-Level’ Capabilities Within 12 To 18 Months</a>&nbsp;&nbsp;<font color=""#6f6f6f"">TradingView</font>",https://news.google.com/rss/articles/CBMinAJBVV95cUxPQkFxbXlCYzZCZlpDTFBNUzBqemFsMU5JT01XWXRqa2FwNkJaV1ZxZ2wzWVFVNHpwQTI1SVZCYXlPc0w4czl5eHdTdG5fVDJhQUhmbE9tRWFueUhoeTJBYjlDdTl5V3NtV3JmVC1CU3N5OVhsRnRqQ01DNXVhRlBHYXlZcGxRY0ZnZjVzTHJyQi12eGZhbUloU1hlM0V1M1hRcmU2a1RfakNkbW5wd2NYZ2dIN05kOUVkaTJkUmE4VFBzRUR6WnJPbVNEdWdPTHByRWsxV0NGNjNoQUFEU0duSzZZazl0aEZrN0dGRkxSbERNOHFUVDc3UmllMHNjU01hNElfSmNQUF9NeG56UThtTm90dmZxRWQtZTRDWg?oc=5,"Tue, 01 Sep 2026 15:54:00 GMT",global economy
