title,description,link,published,query,text,clean_text
Stock futures are little changed after Wall Street posts third straight losing day: Live updates - CNBC,"<a href=""https://news.google.com/rss/articles/CBMid0FVX3lxTE9fYmc5aklBNDFsTzFfLUh5WkxJa2NmVFJ3ZFVhWkg0ZEVGazgzMDMxVWEyd3ZXSXo4QVB1UEl2TEtGenE1d3lGRW1NbTd0aklnOUhFN3VjSzY3a1lySUM1R1dXSzY1UkFCR3lQRkFOVllMSkhDc0U00gF8QVVfeXFMTXdGR0lqMFJJMXFuWWVRR0lqbDU0aTMwYzltbTlpWVpVeHRmV1ItZUtiT0lQeDRhNzNaSy0zRVQzQmtEa094X3lkS3hBMHloOXpXNERIdkNFclJCZWotNUEtUjBBZGwyYndVb2U3Y0c1UTJrMC16VHRJYklIMQ?oc=5"" target=""_blank"">Stock futures are little changed after Wall Street posts third straight losing day: Live updates</a>&nbsp;&nbsp;<font color=""#6f6f6f"">CNBC</font>",https://news.google.com/rss/articles/CBMid0FVX3lxTE9fYmc5aklBNDFsTzFfLUh5WkxJa2NmVFJ3ZFVhWkg0ZEVGazgzMDMxVWEyd3ZXSXo4QVB1UEl2TEtGenE1d3lGRW1NbTd0aklnOUhFN3VjSzY3a1lySUM1R1dXSzY1UkFCR3lQRkFOVllMSkhDc0U00gF8QVVfeXFMTXdGR0lqMFJJMXFuWWVRR0lqbDU0aTMwYzltbTlpWVpVeHRmV1ItZUtiT0lQeDRhNzNaSy0zRVQzQmtEa094X3lkS3hBMHloOXpXNERIdkNFclJCZWotNUEtUjBBZGwyYndVb2U3Y0c1UTJrMC16VHRJYklIMQ?oc=5,"Wed, 02 Sep 2026 04:04:11 GMT",stock market,"Stock futures are little changed after Wall Street posts third straight losing day: Live updates - CNBC <a href=""https://news.google.com/rss/articles/CBMid0FVX3lxTE9fYmc5aklBNDFsTzFfLUh5WkxJa2NmVFJ3ZFVhWkg0ZEVGazgzMDMxVWEyd3ZXSXo4QVB1UEl2TEtGenE1d3lGRW1NbTd0aklnOUhFN3VjSzY3a1lySUM1R1dXSzY1UkFCR3lQRkFOVllMSkhDc0U00gF8QVVfeXFMTXdGR0lqMFJJMXFuWWVRR0lqbDU0aTMwYzltbTlpWVpVeHRmV1ItZUtiT0lQeDRhNzNaSy0zRVQzQmtEa094X3lkS3hBMHloOXpXNERIdkNFclJCZWotNUEtUjBBZGwyYndVb2U3Y0c1UTJrMC16VHRJYklIMQ?oc=5"" target=""_blank"">Stock futures are little changed after Wall Street posts third straight losing day: Live updates</a>&nbsp;&nbsp;<font color=""#6f6f6f"">CNBC</font>",stock futures are little changed after wall street posts third straight losing day live updates cnbc stock futures are little changed after wall street posts third straight losing day live updates nbsp nbsp cnbc
"Markets News, Sept. 1, 2025: Stocks Sink to Begin September as Oil Prices, Treasury Yields Jump - Investopedia","<a href=""https://news.google.com/rss/articles/CBMikAFBVV95cUxPbDhuNklCT1JnVThKOXJEZlR0bndWOFlhVW1kM2VXZzkxaGM2X2hjMWY0TEtwcmdIWjk2WnNNMm5zMUlrYU9uRk5vMGJCcmdKRy1abEQxdTNVdVUtQVd6Q3NYYUNOa2kxbHdZMGxSM1JPYWFmRXoxdTZhMHl2Y3JlTWR0THdMdy16WnpZMWlaa2Q?oc=5"" target=""_blank"">Markets News, Sept. 1, 2025: Stocks Sink to Begin September as Oil Prices, Treasury Yields Jump</a>&nbsp;&nbsp;<font color=""#6f6f6f"">Investopedia</font>",https://news.google.com/rss/articles/CBMikAFBVV95cUxPbDhuNklCT1JnVThKOXJEZlR0bndWOFlhVW1kM2VXZzkxaGM2X2hjMWY0TEtwcmdIWjk2WnNNMm5zMUlrYU9uRk5vMGJCcmdKRy1abEQxdTNVdVUtQVd6Q3NYYUNOa2kxbHdZMGxSM1JPYWFmRXoxdTZhMHl2Y3JlTWR0THdMdy16WnpZMWlaa2Q?oc=5,"Tue, 01 Sep 2026 21:11:47 GMT",stock market,"Markets News, Sept. 1, 2025: Stocks Sink to Begin September as Oil Prices, Treasury Yields Jump - Investopedia <a href=""https://news.google.com/rss/articles/CBMikAFBVV95cUxPbDhuNklCT1JnVThKOXJEZlR0bndWOFlhVW1kM2VXZzkxaGM2X2hjMWY0TEtwcmdIWjk2WnNNMm5zMUlrYU9uRk5vMGJCcmdKRy1abEQxdTNVdVUtQVd6Q3NYYUNOa2kxbHdZMGxSM1JPYWFmRXoxdTZhMHl2Y3JlTWR0THdMdy16WnpZMWlaa2Q?oc=5"" target=""_blank"">Markets News, Sept. 1, 2025: Stocks Sink to Begin September as Oil Prices, Treasury Yields Jump</a>&nbsp;&nbsp;<font color=""#6f6f6f"">Investopedia</font>",markets news sept 1 2025 stocks sink to begin september as oil prices treasury yields jump investopedia markets news sept 1 2025 stocks sink to begin september as oil prices treasury yields jump nbsp nbsp investopedia
Asian Stocks Set for Declines as Oil Extends Gains: Markets Wrap - Bloomberg.com,"<a href=""https://news.google.com/rss/articles/CBMilAFBVV95cUxPZnM0eWRDNXAtcWxWQTVfQlVZdllpRWhXY3JwaTBYWXZnNlQ1Mzc0Q1hNTFRmSHVXU0V0TTFTOXVsTFZ3WEFDRDZDbHNiZGQ3ZzE0ODVCTFdzWFdUVk9JdmpYOGpObmNQRGJNT080bkNUdlI5ak5LaEc4bVNwODFGUVpsWDVRTlQxWnZqdDFXWmtPUHRo?oc=5"" target=""_blank"">Asian Stocks Set for Declines as Oil Extends Gains: Markets Wrap</a>&nbsp;&nbsp;<font color=""#6f6f6f"">Bloomberg.com</font>",https://news.google.com/rss/articles/CBMilAFBVV95cUxPZnM0eWRDNXAtcWxWQTVfQlVZdllpRWhXY3JwaTBYWXZnNlQ1Mzc0Q1hNTFRmSHVXU0V0TTFTOXVsTFZ3WEFDRDZDbHNiZGQ3ZzE0ODVCTFdzWFdUVk9JdmpYOGpObmNQRGJNT080bkNUdlI5ak5LaEc4bVNwODFGUVpsWDVRTlQxWnZqdDFXWmtPUHRo?oc=5,"Tue, 01 Sep 2026 22:07:33 GMT",stock market,"Asian Stocks Set for Declines as Oil Extends Gains: Markets Wrap - Bloomberg.com <a href=""https://news.google.com/rss/articles/CBMilAFBVV95cUxPZnM0eWRDNXAtcWxWQTVfQlVZdllpRWhXY3JwaTBYWXZnNlQ1Mzc0Q1hNTFRmSHVXU0V0TTFTOXVsTFZ3WEFDRDZDbHNiZGQ3ZzE0ODVCTFdzWFdUVk9JdmpYOGpObmNQRGJNT080bkNUdlI5ak5LaEc4bVNwODFGUVpsWDVRTlQxWnZqdDFXWmtPUHRo?oc=5"" target=""_blank"">Asian Stocks Set for Declines as Oil Extends Gains: Markets Wrap</a>&nbsp;&nbsp;<font color=""#6f6f6f"">Bloomberg.com</font>",asian stocks set for declines as oil extends gains markets wrap bloomberg com asian stocks set for declines as oil extends gains markets wrap nbsp nbsp bloomberg com
"Stock Market Highlights, Sensex Today: Sensex Settles 280 Points Higher Amid Mixed Global Cues - ndtv.com","<a href=""https://news.google.com/rss/articles/CBMizgFBVV95cUxNWF9CNE5xS0hPdlpSYk9hSWk1WUN5UXAwb1E0dzVtUzlRcDJiMmc4LVpidEZ6SVBsWjhORWNnX0RYd0pZUE9HZWUtWlpJUksyajVNb2J0cWtabnlGNVpJcGVqbHNoVFFOM0VfM0JBeU1aNC1Fb3dlS2ZHMjdrT2J3a01yQjlqeWlJY3pxNFpia1YzTk5lNUN4dl9DWEh6X18xODNiYzdpelVIX09iQk9CcWQwNmJmalJOZDV2VThtbjZ1NDhCdmJJeFVNNnNvZ9IB1gFBVV95cUxPcWg5WTJxakJaanBxdEFVV01XdzVyOW9rWUJKNm90R21xd05hSXJfeHFEaDVPd19BOUxwTUtJb2wtWVdRa1ctUHp4aU1OUVVMMjUxUU8zNkluN3RtdXpUSUZ1TE5Ld0pHdlNKX3F2alJQQThzWG5VQm5LMnd6WXY1dUxqR3BvSVFJNVZtWFpsOFNhVEg4U3lFamJNako3NGhCMWVYS0tvLWdtZFdOQXczTUZJUUVxYV9uMzA3QTNhV05jSUU1Zkw1THFSMlNpXzBuNkwzd19B?oc=5"" target=""_blank"">Stock Market Highlights, Sensex Today: Sensex Settles 280 Points Higher Amid Mixed Global Cues</a>&nbsp;&nbsp;<font color=""#6f6f6f"">ndtv.com</font>",https://news.google.com/rss/articles/CBMizgFBVV95cUxNWF9CNE5xS0hPdlpSYk9hSWk1WUN5UXAwb1E0dzVtUzlRcDJiMmc4LVpidEZ6SVBsWjhORWNnX0RYd0pZUE9HZWUtWlpJUksyajVNb2J0cWtabnlGNVpJcGVqbHNoVFFOM0VfM0JBeU1aNC1Fb3dlS2ZHMjdrT2J3a01yQjlqeWlJY3pxNFpia1YzTk5lNUN4dl9DWEh6X18xODNiYzdpelVIX09iQk9CcWQwNmJmalJOZDV2VThtbjZ1NDhCdmJJeFVNNnNvZ9IB1gFBVV95cUxPcWg5WTJxakJaanBxdEFVV01XdzVyOW9rWUJKNm90R21xd05hSXJfeHFEaDVPd19BOUxwTUtJb2wtWVdRa1ctUHp4aU1OUVVMMjUxUU8zNkluN3RtdXpUSUZ1TE5Ld0pHdlNKX3F2alJQQThzWG5VQm5LMnd6WXY1dUxqR3BvSVFJNVZtWFpsOFNhVEg4U3lFamJNako3NGhCMWVYS0tvLWdtZFdOQXczTUZJUUVxYV9uMzA3QTNhV05jSUU1Zkw1THFSMlNpXzBuNkwzd19B?oc=5,"Tue, 25 Aug 2026 09:45:46 GMT",stock market,"Stock Market Highlights, Sensex Today: Sensex Settles 280 Points Higher Amid Mixed Global Cues - ndtv.com <a href=""https://news.google.com/rss/articles/CBMizgFBVV95cUxNWF9CNE5xS0hPdlpSYk9hSWk1WUN5UXAwb1E0dzVtUzlRcDJiMmc4LVpidEZ6SVBsWjhORWNnX0RYd0pZUE9HZWUtWlpJUksyajVNb2J0cWtabnlGNVpJcGVqbHNoVFFOM0VfM0JBeU1aNC1Fb3dlS2ZHMjdrT2J3a01yQjlqeWlJY3pxNFpia1YzTk5lNUN4dl9DWEh6X18xODNiYzdpelVIX09iQk9CcWQwNmJmalJOZDV2VThtbjZ1NDhCdmJJeFVNNnNvZ9IB1gFBVV95cUxPcWg5WTJxakJaanBxdEFVV01XdzVyOW9rWUJKNm90R21xd05hSXJfeHFEaDVPd19BOUxwTUtJb2wtWVdRa1ctUHp4aU1OUVVMMjUxUU8zNkluN3RtdXpUSUZ1TE5Ld0pHdlNKX3F2alJQQThzWG5VQm5LMnd6WXY1dUxqR3BvSVFJNVZtWFpsOFNhVEg4U3lFamJNako3NGhCMWVYS0tvLWdtZFdOQXczTUZJUUVxYV9uMzA3QTNhV05jSUU1Zkw1THFSMlNpXzBuNkwzd19B?oc=5"" target=""_blank"">Stock Market Highlights, Sensex Today: Sensex Settles 280 Points Higher Amid Mixed Global Cues</a>&nbsp;&nbsp;<font color=""#6f6f6f"">ndtv.com</font>",stock market highlights sensex today sensex settles 280 points higher amid mixed global cues ndtv com stock market highlights sensex today sensex settles 280 points higher amid mixed global cues nbsp nbsp ndtv com
"Sensex Today | Nifty 50 | Stock Market Live Updates: Sensex slides over 650 pts, Nifty below 23,850; IT, ... - The Economic Times","<ol><li><a href=""https://news.google.com/rss/articles/CBMiiAJBVV95cUxPb1NZZmdWMG1DS2pqeTI4UGdDNVl4bkJ6RWtVdnVFWFFOd1hhTUJTWngwM1o1XzFKRWRRWVdoSWNQUjN1bXpYR1ppSU5RMkNLYzM4VldLTlVRbEktRlBGMVNGdnlncHlJNE5KbFNRMldpRDhJaTc5MkVvUjY0Mzh4VDJKcVZRYUg3YnAwLWQ5SWNxdXQtZlVNU2hfdmh2REZZVWRpa3dMRFFXc3dSUDNUNEtzQkdmbkh0NldLeHZ1ZTJ1S0l0MEs5R21tQlItbHNYWDFzS21VRzdWZDhCQ0tQUmFOTFUyOGdCZGNiLXRsamVQazNBMUNJRnhNeHpFNWlHMjFSRWdGOXrSAY4CQVVfeXFMT1ZPMV9yUnZERjVwamtpeVBjVXlxbzNwV0VrQ28wcmN0ZnM1N1lqR2FLbVQ4OC16emRUZ19GOVFrZ2JLbVg3dzFoWS02SDRYcHZ1aElUY09tN1JQYS14aUNUaU4yeE5CWDdHRTFRc3RZaWxaeF9UZDhJSlMxc0J3UDJRVXZISi1MLUtfNEZwanVZb25raTdkdDF2cHlreUJrUnhPWnFydnc5UHBxSWUxMjVuS2htLXZuaWFMeDQ0d3BjUWtObndJU0I3dG1yWGNFMk5jeW43cTdiVWtBWGdKMkRhQm9fSVd4VXMzUEdObmVEWE5CU1liNHJLV2RjcG43LUppTFhQQUJTSTYyeGxR?oc=5"" target=""_blank"">Sensex Today | Nifty 50 | Stock Market Live Updates: Sensex slides over 650 pts, Nifty below 23,850; IT, ...</a>&nbsp;&nbsp;<font color=""#6f6f6f"">The Economic Times</font></li><li><a href=""https://news.google.com/rss/articles/CBMiygFBVV95cUxORlBnbENSUlZabWZZcUtiQ0k3SlMwZUlQU1JoMmR4eWc3amk4VkJwOE5tUVNnUkxHcHdnYnFqYnRzT2N5X2puNnJ6alk2Vm5QMmVmbmlxRzRuSG5pSzU2Sl9LSlpQZzhTa1VDZzhOWVdOaHJzWU9SQlRJZ0Etang4ckVCWVJ3QVVPWUY2dkRqSUxFQ0FRR3FXU0V1TU5GQ1NDMUpkanVxcGlXazQ5LUpuQTUwNG5JaENTc3I5SUltMENzSjVZbnBBc2hR0gHQAUFVX3lxTFBuSXBZcTBkYnF0YlVkOWtaazU3TmU4eW1xZm1tckVwcTU3b09BOWlvVUNFRDdhZWN3VHIyTEVxYnlabHl1dC1jU0h6d05MNDNTa19qZGVaZlN5V21VaTA2blJGaW1sWGQ4STI5Y0VmYW44T2tMTFpRYVRYb2Q3OU5kbExIVHlDTFEtUG8xTUF3TmFHaElCbGlyV2VYVm9GMVRhdlBxNF9KLXhITmRUREhkTE9XOTlBOHNmUENCSmFJcFZ6UWpmS2Y2ZndiM0pmWWc?oc=5"" target=""_blank"">Stock Market Today Live, Sept 2: Sensex falls over 600 points, Nifty below 23,850 as crude oil surges</a>&nbsp;&nbsp;<font color=""#6f6f6f"">BusinessLine</font></li><li><a href=""https://news.google.com/rss/articles/CBMizwFBVV95cUxQdkY0cllaQzhiTlo1RVN2YU0wRWJTRVpNZDU1WU03WW9HYXROdmtGTzlKWDk5b3RMME41ZGw0WEx2QmFSQXJFRWROb0x3TnpsN2VPWnZoOFpBU2J0VkN3TU5Ob3l3WnFxX25tUzNBSXJYTTJTeDlDTHRja05iMDB1bUxKNmkya1lJR3Bkd0ZFZmZiUFhyMHZLb0tqb2JDZW13bGxFak5jbTZRMjdqS01lUWE3NzJaUEo5TjlHLTNwTFJDMlJ2OGJ0WnctLU9FMzTSAdcBQVVfeXFMTnotY3J4TERyaHZfRzRLOTBsY2tNMHIwRV9aUHNXcVRYQmZ1ZTlYNXBkbVRrV0pxQXlNX2x1cGcwdnpidERldjhsalFyejVnbFFRNjBxYVdyQkl4ckxrYkJTQlA0ZWZaNURjWlNYZzRyVy1NVTlBUmZaWDgxdXFCN2EzaGpnNGtTWDY2OXdwNlBPdloxREtMVTd6ZUl5YUE4NEEyNkpTTUlsQUJORThRMmd1R1ZnOFVFWEJqQ2Foa1FLNGRGT1h2WkdQZ1FzQXVOb0o0SUVOLWc?oc=5"" target=""_blank"">Stock Market Highlights, Sensex Today: Sensex Drops 300 Points As Iran Hits US Bases In Jordan</a>&nbsp;&nbsp;<font color=""#6f6f6f"">ndtv.com</font></li></ol>",https://news.google.com/rss/articles/CBMiiAJBVV95cUxPb1NZZmdWMG1DS2pqeTI4UGdDNVl4bkJ6RWtVdnVFWFFOd1hhTUJTWngwM1o1XzFKRWRRWVdoSWNQUjN1bXpYR1ppSU5RMkNLYzM4VldLTlVRbEktRlBGMVNGdnlncHlJNE5KbFNRMldpRDhJaTc5MkVvUjY0Mzh4VDJKcVZRYUg3YnAwLWQ5SWNxdXQtZlVNU2hfdmh2REZZVWRpa3dMRFFXc3dSUDNUNEtzQkdmbkh0NldLeHZ1ZTJ1S0l0MEs5R21tQlItbHNYWDFzS21VRzdWZDhCQ0tQUmFOTFUyOGdCZGNiLXRsamVQazNBMUNJRnhNeHpFNWlHMjFSRWdGOXrSAY4CQVVfeXFMT1ZPMV9yUnZERjVwamtpeVBjVXlxbzNwV0VrQ28wcmN0ZnM1N1lqR2FLbVQ4OC16emRUZ19GOVFrZ2JLbVg3dzFoWS02SDRYcHZ1aElUY09tN1JQYS14aUNUaU4yeE5CWDdHRTFRc3RZaWxaeF9UZDhJSlMxc0J3UDJRVXZISi1MLUtfNEZwanVZb25raTdkdDF2cHlreUJrUnhPWnFydnc5UHBxSWUxMjVuS2htLXZuaWFMeDQ0d3BjUWtObndJU0I3dG1yWGNFMk5jeW43cTdiVWtBWGdKMkRhQm9fSVd4VXMzUEdObmVEWE5CU1liNHJLV2RjcG43LUppTFhQQUJTSTYyeGxR?oc=5,"Wed, 02 Sep 2026 06:37:34 GMT",stock market,"Sensex Today | Nifty 50 | Stock Market Live Updates: Sensex slides over 650 pts, Nifty below 23,850; IT, ... - The Economic Times <ol><li><a href=""https://news.google.com/rss/articles/CBMiiAJBVV95cUxPb1NZZmdWMG1DS2pqeTI4UGdDNVl4bkJ6RWtVdnVFWFFOd1hhTUJTWngwM1o1XzFKRWRRWVdoSWNQUjN1bXpYR1ppSU5RMkNLYzM4VldLTlVRbEktRlBGMVNGdnlncHlJNE5KbFNRMldpRDhJaTc5MkVvUjY0Mzh4VDJKcVZRYUg3YnAwLWQ5SWNxdXQtZlVNU2hfdmh2REZZVWRpa3dMRFFXc3dSUDNUNEtzQkdmbkh0NldLeHZ1ZTJ1S0l0MEs5R21tQlItbHNYWDFzS21VRzdWZDhCQ0tQUmFOTFUyOGdCZGNiLXRsamVQazNBMUNJRnhNeHpFNWlHMjFSRWdGOXrSAY4CQVVfeXFMT1ZPMV9yUnZERjVwamtpeVBjVXlxbzNwV0VrQ28wcmN0ZnM1N1lqR2FLbVQ4OC16emRUZ19GOVFrZ2JLbVg3dzFoWS02SDRYcHZ1aElUY09tN1JQYS14aUNUaU4yeE5CWDdHRTFRc3RZaWxaeF9UZDhJSlMxc0J3UDJRVXZISi1MLUtfNEZwanVZb25raTdkdDF2cHlreUJrUnhPWnFydnc5UHBxSWUxMjVuS2htLXZuaWFMeDQ0d3BjUWtObndJU0I3dG1yWGNFMk5jeW43cTdiVWtBWGdKMkRhQm9fSVd4VXMzUEdObmVEWE5CU1liNHJLV2RjcG43LUppTFhQQUJTSTYyeGxR?oc=5"" target=""_blank"">Sensex Today | Nifty 50 | Stock Market Live Updates: Sensex slides over 650 pts, Nifty below 23,850; IT, ...</a>&nbsp;&nbsp;<font color=""#6f6f6f"">The Economic Times</font></li><li><a href=""https://news.google.com/rss/articles/CBMiygFBVV95cUxORlBnbENSUlZabWZZcUtiQ0k3SlMwZUlQU1JoMmR4eWc3amk4VkJwOE5tUVNnUkxHcHdnYnFqYnRzT2N5X2puNnJ6alk2Vm5QMmVmbmlxRzRuSG5pSzU2Sl9LSlpQZzhTa1VDZzhOWVdOaHJzWU9SQlRJZ0Etang4ckVCWVJ3QVVPWUY2dkRqSUxFQ0FRR3FXU0V1TU5GQ1NDMUpkanVxcGlXazQ5LUpuQTUwNG5JaENTc3I5SUltMENzSjVZbnBBc2hR0gHQAUFVX3lxTFBuSXBZcTBkYnF0YlVkOWtaazU3TmU4eW1xZm1tckVwcTU3b09BOWlvVUNFRDdhZWN3VHIyTEVxYnlabHl1dC1jU0h6d05MNDNTa19qZGVaZlN5V21VaTA2blJGaW1sWGQ4STI5Y0VmYW44T2tMTFpRYVRYb2Q3OU5kbExIVHlDTFEtUG8xTUF3TmFHaElCbGlyV2VYVm9GMVRhdlBxNF9KLXhITmRUREhkTE9XOTlBOHNmUENCSmFJcFZ6UWpmS2Y2ZndiM0pmWWc?oc=5"" target=""_blank"">Stock Market Today Live, Sept 2: Sensex falls over 600 points, Nifty below 23,850 as crude oil surges</a>&nbsp;&nbsp;<font color=""#6f6f6f"">BusinessLine</font></li><li><a href=""https://news.google.com/rss/articles/CBMizwFBVV95cUxQdkY0cllaQzhiTlo1RVN2YU0wRWJTRVpNZDU1WU03WW9HYXROdmtGTzlKWDk5b3RMME41ZGw0WEx2QmFSQXJFRWROb0x3TnpsN2VPWnZoOFpBU2J0VkN3TU5Ob3l3WnFxX25tUzNBSXJYTTJTeDlDTHRja05iMDB1bUxKNmkya1lJR3Bkd0ZFZmZiUFhyMHZLb0tqb2JDZW13bGxFak5jbTZRMjdqS01lUWE3NzJaUEo5TjlHLTNwTFJDMlJ2OGJ0WnctLU9FMzTSAdcBQVVfeXFMTnotY3J4TERyaHZfRzRLOTBsY2tNMHIwRV9aUHNXcVRYQmZ1ZTlYNXBkbVRrV0pxQXlNX2x1cGcwdnpidERldjhsalFyejVnbFFRNjBxYVdyQkl4ckxrYkJTQlA0ZWZaNURjWlNYZzRyVy1NVTlBUmZaWDgxdXFCN2EzaGpnNGtTWDY2OXdwNlBPdloxREtMVTd6ZUl5YUE4NEEyNkpTTUlsQUJORThRMmd1R1ZnOFVFWEJqQ2Foa1FLNGRGT1h2WkdQZ1FzQXVOb0o0SUVOLWc?oc=5"" target=""_blank"">Stock Market Highlights, Sensex Today: Sensex Drops 300 Points As Iran Hits US Bases In Jordan</a>&nbsp;&nbsp;<font color=""#6f6f6f"">ndtv.com</font></li></ol>",sensex today nifty 50 stock market live updates sensex slides over 650 pts nifty below 23 850 it the economic times sensex today nifty 50 stock market live updates sensex slides over 650 pts nifty below 23 850 it nbsp nbsp the economic times stock market today live sept 2 sensex falls over 600 points nifty below 23 850 as crude oil surges nbsp nbsp businessline stock market highlights sensex today sensex drops 300 points as iran hits us bases in jordan nbsp nbsp ndtv com
"Top stocks to buy or sell today: Stock market recommendations for September 1, 2026 - check list - The Times of India","<a href=""https://news.google.com/rss/articles/CBMi3gJBVV95cUxQa0tIUERYLWFyYU1EbUFZYkgzRFdyT1h5XzNNbWRzSzhmUHJITlhFaHBuRFBVdGZsT0tGWElROTRtcnVZR3p5YlhhbUU2VktpUGIwTkprYmxUdlF2NVFyT3ZXWHZOWEgtSVQ3cHRaa0kzSE1qa0NCYTJKT0U3MEd6ODZUNzhKZTJYNTR1ZjFhZThZa3hzVVlwdnJZOS15XzZwcWVjMEFZX01ZYTJUeTRual9MaXFWYTUyeXlnYkVTeGlyNmd1bzZvaXZabWF6YWh6S1BZRVYwQWZfSlc3RDFHOU1CNFNuUk83MjVVTzlRdzdTdjdBOHFubEcyNTZtUmhSeTVSTjFFWTBJZE9zLTdScExzQkU1UWlLVDhoczk3VGhHOEVtN1VWR2FyUDRUYk1DdWZzMlo5eVpnRTR4QWd3TU9abng1T1BlOXpMWENob244by1Tbl9iYmF1cHN2QdIB4wJBVV95cUxQQVBSbm5hcmtQNmtTZVJfNlc5eTZkcXJUMlMyWkF1YzRmZTlqN1N3Zlh6eFE2VWMxRERfZkV0TnhIeFdWSGp0d1pFUWhOekhscnNLZmpXSTdqWVhoY180Wm5vSmw2QTNvZkROVVpXeXNDa2tMZ1JPRm9vbHFkMUJLWGZJQlR0VXUzRXc5V29jOERLcklqelZqZTFlZVA2bG5XbXZaV19xaDE5WEZQY3dFQnd2RjQ5ckFaVTVNcEFRTnU0YloycnNCWWQyX1BVSlFFX083d0ZDNy1wbXJ2YjJLeHNPdTA0T2s3SXBWUlBZNTNEaHNYV0c2YVNKY3lFc1VJbmRnRER1dmpMajdSWmd1cmh2cFJ2MFNiVl83b2FpYl9aQ2pwbzRlR09qRHRnaHJ5TXZYYTlIb3JVUEhJZXhhMUtrVkdrWVJFQ1pPTUpUTnQwMWRtNmZMYmFDak10Q0g0NmQ0?oc=5"" target=""_blank"">Top stocks to buy or sell today: Stock market recommendations for September 1, 2026 - check list</a>&nbsp;&nbsp;<font color=""#6f6f6f"">The Times of India</font>",https://news.google.com/rss/articles/CBMi3gJBVV95cUxQa0tIUERYLWFyYU1EbUFZYkgzRFdyT1h5XzNNbWRzSzhmUHJITlhFaHBuRFBVdGZsT0tGWElROTRtcnVZR3p5YlhhbUU2VktpUGIwTkprYmxUdlF2NVFyT3ZXWHZOWEgtSVQ3cHRaa0kzSE1qa0NCYTJKT0U3MEd6ODZUNzhKZTJYNTR1ZjFhZThZa3hzVVlwdnJZOS15XzZwcWVjMEFZX01ZYTJUeTRual9MaXFWYTUyeXlnYkVTeGlyNmd1bzZvaXZabWF6YWh6S1BZRVYwQWZfSlc3RDFHOU1CNFNuUk83MjVVTzlRdzdTdjdBOHFubEcyNTZtUmhSeTVSTjFFWTBJZE9zLTdScExzQkU1UWlLVDhoczk3VGhHOEVtN1VWR2FyUDRUYk1DdWZzMlo5eVpnRTR4QWd3TU9abng1T1BlOXpMWENob244by1Tbl9iYmF1cHN2QdIB4wJBVV95cUxQQVBSbm5hcmtQNmtTZVJfNlc5eTZkcXJUMlMyWkF1YzRmZTlqN1N3Zlh6eFE2VWMxRERfZkV0TnhIeFdWSGp0d1pFUWhOekhscnNLZmpXSTdqWVhoY180Wm5vSmw2QTNvZkROVVpXeXNDa2tMZ1JPRm9vbHFkMUJLWGZJQlR0VXUzRXc5V29jOERLcklqelZqZTFlZVA2bG5XbXZaV19xaDE5WEZQY3dFQnd2RjQ5ckFaVTVNcEFRTnU0YloycnNCWWQyX1BVSlFFX083d0ZDNy1wbXJ2YjJLeHNPdTA0T2s3SXBWUlBZNTNEaHNYV0c2YVNKY3lFc1VJbmRnRER1dmpMajdSWmd1cmh2cFJ2MFNiVl83b2FpYl9aQ2pwbzRlR09qRHRnaHJ5TXZYYTlIb3JVUEhJZXhhMUtrVkdrWVJFQ1pPTUpUTnQwMWRtNmZMYmFDak10Q0g0NmQ0?oc=5,"Tue, 01 Sep 2026 03:21:00 GMT",stock market,"Top stocks to buy or sell today: Stock market recommendations for September 1, 2026 - check list - The Times of India <a href=""https://news.google.com/rss/articles/CBMi3gJBVV95cUxQa0tIUERYLWFyYU1EbUFZYkgzRFdyT1h5XzNNbWRzSzhmUHJITlhFaHBuRFBVdGZsT0tGWElROTRtcnVZR3p5YlhhbUU2VktpUGIwTkprYmxUdlF2NVFyT3ZXWHZOWEgtSVQ3cHRaa0kzSE1qa0NCYTJKT0U3MEd6ODZUNzhKZTJYNTR1ZjFhZThZa3hzVVlwdnJZOS15XzZwcWVjMEFZX01ZYTJUeTRual9MaXFWYTUyeXlnYkVTeGlyNmd1bzZvaXZabWF6YWh6S1BZRVYwQWZfSlc3RDFHOU1CNFNuUk83MjVVTzlRdzdTdjdBOHFubEcyNTZtUmhSeTVSTjFFWTBJZE9zLTdScExzQkU1UWlLVDhoczk3VGhHOEVtN1VWR2FyUDRUYk1DdWZzMlo5eVpnRTR4QWd3TU9abng1T1BlOXpMWENob244by1Tbl9iYmF1cHN2QdIB4wJBVV95cUxQQVBSbm5hcmtQNmtTZVJfNlc5eTZkcXJUMlMyWkF1YzRmZTlqN1N3Zlh6eFE2VWMxRERfZkV0TnhIeFdWSGp0d1pFUWhOekhscnNLZmpXSTdqWVhoY180Wm5vSmw2QTNvZkROVVpXeXNDa2tMZ1JPRm9vbHFkMUJLWGZJQlR0VXUzRXc5V29jOERLcklqelZqZTFlZVA2bG5XbXZaV19xaDE5WEZQY3dFQnd2RjQ5ckFaVTVNcEFRTnU0YloycnNCWWQyX1BVSlFFX083d0ZDNy1wbXJ2YjJLeHNPdTA0T2s3SXBWUlBZNTNEaHNYV0c2YVNKY3lFc1VJbmRnRER1dmpMajdSWmd1cmh2cFJ2MFNiVl83b2FpYl9aQ2pwbzRlR09qRHRnaHJ5TXZYYTlIb3JVUEhJZXhhMUtrVkdrWVJFQ1pPTUpUTnQwMWRtNmZMYmFDak10Q0g0NmQ0?oc=5"" target=""_blank"">Top stocks to buy or sell today: Stock market recommendations for September 1, 2026 - check list</a>&nbsp;&nbsp;<font color=""#6f6f6f"">The Times of India</font>",top stocks to buy or sell today stock market recommendations for september 1 2026 check list the times of india top stocks to buy or sell today stock market recommendations for september 1 2026 check list nbsp nbsp the times of india
"National Stock Exchange of India IPO GMP, Grey Market Premium Today - ipowatch.in","<a href=""https://news.google.com/rss/articles/CBMiiAFBVV95cUxNTUdKVVpubTR1aXlKcnM0SGYtYmMyUWc5VG83d3czLUpoU1QxMTZCMmp3X0pGZDZNSnRWbHUxV2dqNjR2RXFRc2EzaFc1aV85eGwxRHIwRjByNHd2RU1HOURraU9RRGFhMHRDOFNxNm83ZklYS1YtMjFYV09QUDczY1JLTlU2REEy?oc=5"" target=""_blank"">National Stock Exchange of India IPO GMP, Grey Market Premium Today</a>&nbsp;&nbsp;<font color=""#6f6f6f"">ipowatch.in</font>",https://news.google.com/rss/articles/CBMiiAFBVV95cUxNTUdKVVpubTR1aXlKcnM0SGYtYmMyUWc5VG83d3czLUpoU1QxMTZCMmp3X0pGZDZNSnRWbHUxV2dqNjR2RXFRc2EzaFc1aV85eGwxRHIwRjByNHd2RU1HOURraU9RRGFhMHRDOFNxNm83ZklYS1YtMjFYV09QUDczY1JLTlU2REEy?oc=5,"Tue, 01 Sep 2026 13:58:34 GMT",stock market,"National Stock Exchange of India IPO GMP, Grey Market Premium Today - ipowatch.in <a href=""https://news.google.com/rss/articles/CBMiiAFBVV95cUxNTUdKVVpubTR1aXlKcnM0SGYtYmMyUWc5VG83d3czLUpoU1QxMTZCMmp3X0pGZDZNSnRWbHUxV2dqNjR2RXFRc2EzaFc1aV85eGwxRHIwRjByNHd2RU1HOURraU9RRGFhMHRDOFNxNm83ZklYS1YtMjFYV09QUDczY1JLTlU2REEy?oc=5"" target=""_blank"">National Stock Exchange of India IPO GMP, Grey Market Premium Today</a>&nbsp;&nbsp;<font color=""#6f6f6f"">ipowatch.in</font>",national stock exchange of india ipo gmp grey market premium today ipowatch in national stock exchange of india ipo gmp grey market premium today nbsp nbsp ipowatch in
Raymond James initiates Bank OZK stock coverage with Market Perform By Investing.com - Investing.com India,"<a href=""https://news.google.com/rss/articles/CBMixwFBVV95cUxPaTZ6YWwwZWJfZGcycGlnQXlPMUQwQ1B3ejU4aUZfV3NWMnMtOENpMGVZaVpBZmotclpLSkxWQ3FBT1J2VWZPeU5lWVZLb3Y1M3RXaWsxaDBCYTVDaDFaSFhYUGJNSkktY3NUYWVtMnFwV0pieTBydVpXQ2NubkF3UU5NR3d4NFdHOXhDUmFoR0ZhdlVOTV9BMkFqN3pqQXNjazVxOXRwMXRmZWs5WTBlaUgwY3VEQ1BTdHVCblhkRmZxdGZMWUo0?oc=5"" target=""_blank"">Raymond James initiates Bank OZK stock coverage with Market Perform By Investing.com</a>&nbsp;&nbsp;<font color=""#6f6f6f"">Investing.com India</font>",https://news.google.com/rss/articles/CBMixwFBVV95cUxPaTZ6YWwwZWJfZGcycGlnQXlPMUQwQ1B3ejU4aUZfV3NWMnMtOENpMGVZaVpBZmotclpLSkxWQ3FBT1J2VWZPeU5lWVZLb3Y1M3RXaWsxaDBCYTVDaDFaSFhYUGJNSkktY3NUYWVtMnFwV0pieTBydVpXQ2NubkF3UU5NR3d4NFdHOXhDUmFoR0ZhdlVOTV9BMkFqN3pqQXNjazVxOXRwMXRmZWs5WTBlaUgwY3VEQ1BTdHVCblhkRmZxdGZMWUo0?oc=5,"Tue, 01 Sep 2026 21:04:34 GMT",stock market,"Raymond James initiates Bank OZK stock coverage with Market Perform By Investing.com - Investing.com India <a href=""https://news.google.com/rss/articles/CBMixwFBVV95cUxPaTZ6YWwwZWJfZGcycGlnQXlPMUQwQ1B3ejU4aUZfV3NWMnMtOENpMGVZaVpBZmotclpLSkxWQ3FBT1J2VWZPeU5lWVZLb3Y1M3RXaWsxaDBCYTVDaDFaSFhYUGJNSkktY3NUYWVtMnFwV0pieTBydVpXQ2NubkF3UU5NR3d4NFdHOXhDUmFoR0ZhdlVOTV9BMkFqN3pqQXNjazVxOXRwMXRmZWs5WTBlaUgwY3VEQ1BTdHVCblhkRmZxdGZMWUo0?oc=5"" target=""_blank"">Raymond James initiates Bank OZK stock coverage with Market Perform By Investing.com</a>&nbsp;&nbsp;<font color=""#6f6f6f"">Investing.com India</font>",raymond james initiates bank ozk stock coverage with market perform by investing com investing com india raymond james initiates bank ozk stock coverage with market perform by investing com nbsp nbsp investing com india
India's Biggest Stock Market Booms And Busts - Rediff,"<a href=""https://news.google.com/rss/articles/CBMinAFBVV95cUxOQ0hXOWF3U0w3TFRNZWpFYnBRaTR4cEN2Z3J3VVZyNUtOdkpPWXZPNVdhb18tUjJCdU5BT2FoV2JVZXYzT3pfNFg5b0tKdWhzWGZRU0xKV3hxdmVqS1QxUjdHWFRWV1g1Ynpqalk5NVBBRkN3ZUxvem9hTTkzMkhuTGotR3l0SndMOUQ0WXZsNnY2SEIzYzVmdk9ZZnTSAZ8BQVVfeXFMTjdwUVlndnhPbUI0aHFhYVBmc0hLalFhVXJkWGVhdlNhb0FXRnZGRF9td2VwaVZPY2dwZlYxRlJ4OE5TOGtkVmRoUjI2SU9LMF9uQzI5Rmk5YzljM2lMM2ZJMFRaTDNXbkZkLTNfcFpjODI0N2Mxa0hVTElyOUZfZWJKbGZDUDNidExrdUpaTzN3S0lwQTB6RW9HR1RCUzNn?oc=5"" target=""_blank"">India's Biggest Stock Market Booms And Busts</a>&nbsp;&nbsp;<font color=""#6f6f6f"">Rediff</font>",https://news.google.com/rss/articles/CBMinAFBVV95cUxOQ0hXOWF3U0w3TFRNZWpFYnBRaTR4cEN2Z3J3VVZyNUtOdkpPWXZPNVdhb18tUjJCdU5BT2FoV2JVZXYzT3pfNFg5b0tKdWhzWGZRU0xKV3hxdmVqS1QxUjdHWFRWV1g1Ynpqalk5NVBBRkN3ZUxvem9hTTkzMkhuTGotR3l0SndMOUQ0WXZsNnY2SEIzYzVmdk9ZZnTSAZ8BQVVfeXFMTjdwUVlndnhPbUI0aHFhYVBmc0hLalFhVXJkWGVhdlNhb0FXRnZGRF9td2VwaVZPY2dwZlYxRlJ4OE5TOGtkVmRoUjI2SU9LMF9uQzI5Rmk5YzljM2lMM2ZJMFRaTDNXbkZkLTNfcFpjODI0N2Mxa0hVTElyOUZfZWJKbGZDUDNidExrdUpaTzN3S0lwQTB6RW9HR1RCUzNn?oc=5,"Tue, 01 Sep 2026 03:39:01 GMT",stock market,"India's Biggest Stock Market Booms And Busts - Rediff <a href=""https://news.google.com/rss/articles/CBMinAFBVV95cUxOQ0hXOWF3U0w3TFRNZWpFYnBRaTR4cEN2Z3J3VVZyNUtOdkpPWXZPNVdhb18tUjJCdU5BT2FoV2JVZXYzT3pfNFg5b0tKdWhzWGZRU0xKV3hxdmVqS1QxUjdHWFRWV1g1Ynpqalk5NVBBRkN3ZUxvem9hTTkzMkhuTGotR3l0SndMOUQ0WXZsNnY2SEIzYzVmdk9ZZnTSAZ8BQVVfeXFMTjdwUVlndnhPbUI0aHFhYVBmc0hLalFhVXJkWGVhdlNhb0FXRnZGRF9td2VwaVZPY2dwZlYxRlJ4OE5TOGtkVmRoUjI2SU9LMF9uQzI5Rmk5YzljM2lMM2ZJMFRaTDNXbkZkLTNfcFpjODI0N2Mxa0hVTElyOUZfZWJKbGZDUDNidExrdUpaTzN3S0lwQTB6RW9HR1RCUzNn?oc=5"" target=""_blank"">India's Biggest Stock Market Booms And Busts</a>&nbsp;&nbsp;<font color=""#6f6f6f"">Rediff</font>",india s biggest stock market booms and busts rediff india s biggest stock market booms and busts nbsp nbsp rediff
Axis Securities Top Picks: Bharti Airtel Tops List Of 15 Stocks To Buy — Check Full List - NDTV Profit,"<a href=""https://news.google.com/rss/articles/CBMiwAFBVV95cUxOWGtqTy1vaEpaZllLRFp4ZU42V1pWMnVwOHZ5X1pOcFlqYVRINm5YS3VwMkd4WmRiVWhoS204S3YyYUttcEVsN0lTWEhwZVB6N3QwZkJfSFd1a1A3OXJuSEdMdUdTbzhnX015QWVmN1IxOUxobWdpbHluYzk3cGtlRXNpQVFYREthSC13S21UREJLZUNGdS0zaW9DZEFkMWxDeVZqSzhiSzJ5cVEteEUwd19aZl9YTTg3TWxOYmx4N23SAcgBQVVfeXFMTmtveU14UDZsdEJBVlRUWkpGSUZCX1BRM01UQlc0VUFIOTFZRVdiOFZMRU91NHdtUmNxWFJnc1ZNWi1tajkwN3RRYl9LaUl2dUZTWDB4S2FIYVFhTzlKTEhPaXV5UGVvd2dNRGgzUDU1RGg5STFHTG5rYWVOOFBtamtrNHFadHBydDNhdlVmRzhjbW5XM2VOc0pVdDFkZE9qX2VseFFVaTRTRnRrcmZ0NExpQ0t6THZGcU5nZzdtaHJxaWVNcjNEYWo?oc=5"" target=""_blank"">Axis Securities Top Picks: Bharti Airtel Tops List Of 15 Stocks To Buy — Check Full List</a>&nbsp;&nbsp;<font color=""#6f6f6f"">NDTV Profit</font>",https://news.google.com/rss/articles/CBMiwAFBVV95cUxOWGtqTy1vaEpaZllLRFp4ZU42V1pWMnVwOHZ5X1pOcFlqYVRINm5YS3VwMkd4WmRiVWhoS204S3YyYUttcEVsN0lTWEhwZVB6N3QwZkJfSFd1a1A3OXJuSEdMdUdTbzhnX015QWVmN1IxOUxobWdpbHluYzk3cGtlRXNpQVFYREthSC13S21UREJLZUNGdS0zaW9DZEFkMWxDeVZqSzhiSzJ5cVEteEUwd19aZl9YTTg3TWxOYmx4N23SAcgBQVVfeXFMTmtveU14UDZsdEJBVlRUWkpGSUZCX1BRM01UQlc0VUFIOTFZRVdiOFZMRU91NHdtUmNxWFJnc1ZNWi1tajkwN3RRYl9LaUl2dUZTWDB4S2FIYVFhTzlKTEhPaXV5UGVvd2dNRGgzUDU1RGg5STFHTG5rYWVOOFBtamtrNHFadHBydDNhdlVmRzhjbW5XM2VOc0pVdDFkZE9qX2VseFFVaTRTRnRrcmZ0NExpQ0t6THZGcU5nZzdtaHJxaWVNcjNEYWo?oc=5,"Wed, 02 Sep 2026 05:30:09 GMT",stock market,"Axis Securities Top Picks: Bharti Airtel Tops List Of 15 Stocks To Buy — Check Full List - NDTV Profit <a href=""https://news.google.com/rss/articles/CBMiwAFBVV95cUxOWGtqTy1vaEpaZllLRFp4ZU42V1pWMnVwOHZ5X1pOcFlqYVRINm5YS3VwMkd4WmRiVWhoS204S3YyYUttcEVsN0lTWEhwZVB6N3QwZkJfSFd1a1A3OXJuSEdMdUdTbzhnX015QWVmN1IxOUxobWdpbHluYzk3cGtlRXNpQVFYREthSC13S21UREJLZUNGdS0zaW9DZEFkMWxDeVZqSzhiSzJ5cVEteEUwd19aZl9YTTg3TWxOYmx4N23SAcgBQVVfeXFMTmtveU14UDZsdEJBVlRUWkpGSUZCX1BRM01UQlc0VUFIOTFZRVdiOFZMRU91NHdtUmNxWFJnc1ZNWi1tajkwN3RRYl9LaUl2dUZTWDB4S2FIYVFhTzlKTEhPaXV5UGVvd2dNRGgzUDU1RGg5STFHTG5rYWVOOFBtamtrNHFadHBydDNhdlVmRzhjbW5XM2VOc0pVdDFkZE9qX2VseFFVaTRTRnRrcmZ0NExpQ0t6THZGcU5nZzdtaHJxaWVNcjNEYWo?oc=5"" target=""_blank"">Axis Securities Top Picks: Bharti Airtel Tops List Of 15 Stocks To Buy — Check Full List</a>&nbsp;&nbsp;<font color=""#6f6f6f"">NDTV Profit</font>",axis securities top picks bharti airtel tops list of 15 stocks to buy check full list ndtv profit axis securities top picks bharti airtel tops list of 15 stocks to buy check full list nbsp nbsp ndtv profit
"Stock Market Slips, India's GDP Hits 7.8%, Sugar Limit Tightened - India Today - India Today","<a href=""https://news.google.com/rss/articles/CBMiwwFBVV95cUxOcm9aYmUtTjhCM1dGUTRSY2NVRlpBLWxFN0MweS1uRGM0a2kyTmNsVmdXeHhPVTE2VzkyQnZYOXdKRXJscWlzTm9rMTBNN3R3MFZ0c2RQYjI5aER0VlpSSldBaGI5WjE5Vm9iUWNEcUxNMEJMekFERGtyaVpULW5mZkN5cTVIWC0zbGpKQlZpNzBRTXVHZzRtYzZjd2Y2QjlnRGVSN2U5Mm0xQ1lSLUtRWjNTbTlETVpDNFNrM1pqY1lyVXfSAcMBQVVfeXFMTnJvWmJlLU44QjNXRlE0UmNjVUZaQS1sRTdDMHktbkRjNGtpMk5jbFZnV3h4T1UxNlc5MkJ2WDl3SkVybHFpc05vazEwTTd0dzBWdHNkUGIyOWhEdFZaUkpXQWhiOVoxOVZvYlFjRHFMTTBCTHpBRERrcmlaVC1uZmZDeXE1SFgtM2xqSkJWaTcwUU11R2c0bWM2Y3dmNkI5Z0RlUjdlOTJtMUNZUi1LUVozU205RE1aQzRTazNaamNZclV3?oc=5"" target=""_blank"">Stock Market Slips, India's GDP Hits 7.8%, Sugar Limit Tightened - India Today</a>&nbsp;&nbsp;<font color=""#6f6f6f"">India Today</font>",https://news.google.com/rss/articles/CBMiwwFBVV95cUxOcm9aYmUtTjhCM1dGUTRSY2NVRlpBLWxFN0MweS1uRGM0a2kyTmNsVmdXeHhPVTE2VzkyQnZYOXdKRXJscWlzTm9rMTBNN3R3MFZ0c2RQYjI5aER0VlpSSldBaGI5WjE5Vm9iUWNEcUxNMEJMekFERGtyaVpULW5mZkN5cTVIWC0zbGpKQlZpNzBRTXVHZzRtYzZjd2Y2QjlnRGVSN2U5Mm0xQ1lSLUtRWjNTbTlETVpDNFNrM1pqY1lyVXfSAcMBQVVfeXFMTnJvWmJlLU44QjNXRlE0UmNjVUZaQS1sRTdDMHktbkRjNGtpMk5jbFZnV3h4T1UxNlc5MkJ2WDl3SkVybHFpc05vazEwTTd0dzBWdHNkUGIyOWhEdFZaUkpXQWhiOVoxOVZvYlFjRHFMTTBCTHpBRERrcmlaVC1uZmZDeXE1SFgtM2xqSkJWaTcwUU11R2c0bWM2Y3dmNkI5Z0RlUjdlOTJtMUNZUi1LUVozU205RE1aQzRTazNaamNZclV3?oc=5,"Tue, 01 Sep 2026 10:52:55 GMT",stock market,"Stock Market Slips, India's GDP Hits 7.8%, Sugar Limit Tightened - India Today - India Today <a href=""https://news.google.com/rss/articles/CBMiwwFBVV95cUxOcm9aYmUtTjhCM1dGUTRSY2NVRlpBLWxFN0MweS1uRGM0a2kyTmNsVmdXeHhPVTE2VzkyQnZYOXdKRXJscWlzTm9rMTBNN3R3MFZ0c2RQYjI5aER0VlpSSldBaGI5WjE5Vm9iUWNEcUxNMEJMekFERGtyaVpULW5mZkN5cTVIWC0zbGpKQlZpNzBRTXVHZzRtYzZjd2Y2QjlnRGVSN2U5Mm0xQ1lSLUtRWjNTbTlETVpDNFNrM1pqY1lyVXfSAcMBQVVfeXFMTnJvWmJlLU44QjNXRlE0UmNjVUZaQS1sRTdDMHktbkRjNGtpMk5jbFZnV3h4T1UxNlc5MkJ2WDl3SkVybHFpc05vazEwTTd0dzBWdHNkUGIyOWhEdFZaUkpXQWhiOVoxOVZvYlFjRHFMTTBCTHpBRERrcmlaVC1uZmZDeXE1SFgtM2xqSkJWaTcwUU11R2c0bWM2Y3dmNkI5Z0RlUjdlOTJtMUNZUi1LUVozU205RE1aQzRTazNaamNZclV3?oc=5"" target=""_blank"">Stock Market Slips, India's GDP Hits 7.8%, Sugar Limit Tightened - India Today</a>&nbsp;&nbsp;<font color=""#6f6f6f"">India Today</font>",stock market slips india s gdp hits 7 8 sugar limit tightened india today india today stock market slips india s gdp hits 7 8 sugar limit tightened india today nbsp nbsp india today
India's stock market getting smarter: This Indian startup plans to put market intelligence in traders' hands - India.com,"<a href=""https://news.google.com/rss/articles/CBMi3gFBVV95cUxPN3JscThwUjZwVndvTVdTWFRBalJqOVotQ2NfNnF1SUF4dFBYXzVUNE41LTllYzZrSXVCemhwb1FKZDg2Z2UyTlJqNmJXcTVGV1NHYjI1ckVTaGZoR25SeUhBMUs1UWNTZ1FaRV9vWG5NNHJNVlpGbWpPUDl6a0F2a1ZDRXY1aE5DaDlKVFJZb2dnUnpVWGh0WHo4cFdyRmh1bXNmSWVfakEzM09pamFuR21BR0o3ZGFxZkNlM2xnX2Yyc1EzRGx2NUI5UTlrQklHUU5Ba1NrTlVGZ0VxWGfSAeMBQVVfeXFMT3luLUdVVVBDbjRRdWlNOXF2ZTZKU1BLTlFwbmlKRHFha0hmWC1sOWttdC1jUkJkRWRra1A5bzhWSTJPRDdGaVVacjZsc0d5VU8zc2lYQmQ0cTRuTzRUVUd5LWlBWEhrREo0em9TOFRROFdXTlRQazdONnI1WV9OYTA5bDhYa2dfaVppRU54bFhrWlJSWW55MmpqNTNQa0J3dFRaSksyY1RoZ05MX0ZVS2pPYUkwNzJxei1QeUNUa3R0M2hMT2wzdTYxWWxVTlE5U3lQTnExVDJzNEw0dUp1ZFpoNjg?oc=5"" target=""_blank"">India's stock market getting smarter: This Indian startup plans to put market intelligence in traders' hands</a>&nbsp;&nbsp;<font color=""#6f6f6f"">India.com</font>",https://news.google.com/rss/articles/CBMi3gFBVV95cUxPN3JscThwUjZwVndvTVdTWFRBalJqOVotQ2NfNnF1SUF4dFBYXzVUNE41LTllYzZrSXVCemhwb1FKZDg2Z2UyTlJqNmJXcTVGV1NHYjI1ckVTaGZoR25SeUhBMUs1UWNTZ1FaRV9vWG5NNHJNVlpGbWpPUDl6a0F2a1ZDRXY1aE5DaDlKVFJZb2dnUnpVWGh0WHo4cFdyRmh1bXNmSWVfakEzM09pamFuR21BR0o3ZGFxZkNlM2xnX2Yyc1EzRGx2NUI5UTlrQklHUU5Ba1NrTlVGZ0VxWGfSAeMBQVVfeXFMT3luLUdVVVBDbjRRdWlNOXF2ZTZKU1BLTlFwbmlKRHFha0hmWC1sOWttdC1jUkJkRWRra1A5bzhWSTJPRDdGaVVacjZsc0d5VU8zc2lYQmQ0cTRuTzRUVUd5LWlBWEhrREo0em9TOFRROFdXTlRQazdONnI1WV9OYTA5bDhYa2dfaVppRU54bFhrWlJSWW55MmpqNTNQa0J3dFRaSksyY1RoZ05MX0ZVS2pPYUkwNzJxei1QeUNUa3R0M2hMT2wzdTYxWWxVTlE5U3lQTnExVDJzNEw0dUp1ZFpoNjg?oc=5,"Wed, 02 Sep 2026 04:58:35 GMT",stock market,"India's stock market getting smarter: This Indian startup plans to put market intelligence in traders' hands - India.com <a href=""https://news.google.com/rss/articles/CBMi3gFBVV95cUxPN3JscThwUjZwVndvTVdTWFRBalJqOVotQ2NfNnF1SUF4dFBYXzVUNE41LTllYzZrSXVCemhwb1FKZDg2Z2UyTlJqNmJXcTVGV1NHYjI1ckVTaGZoR25SeUhBMUs1UWNTZ1FaRV9vWG5NNHJNVlpGbWpPUDl6a0F2a1ZDRXY1aE5DaDlKVFJZb2dnUnpVWGh0WHo4cFdyRmh1bXNmSWVfakEzM09pamFuR21BR0o3ZGFxZkNlM2xnX2Yyc1EzRGx2NUI5UTlrQklHUU5Ba1NrTlVGZ0VxWGfSAeMBQVVfeXFMT3luLUdVVVBDbjRRdWlNOXF2ZTZKU1BLTlFwbmlKRHFha0hmWC1sOWttdC1jUkJkRWRra1A5bzhWSTJPRDdGaVVacjZsc0d5VU8zc2lYQmQ0cTRuTzRUVUd5LWlBWEhrREo0em9TOFRROFdXTlRQazdONnI1WV9OYTA5bDhYa2dfaVppRU54bFhrWlJSWW55MmpqNTNQa0J3dFRaSksyY1RoZ05MX0ZVS2pPYUkwNzJxei1QeUNUa3R0M2hMT2wzdTYxWWxVTlE5U3lQTnExVDJzNEw0dUp1ZFpoNjg?oc=5"" target=""_blank"">India's stock market getting smarter: This Indian startup plans to put market intelligence in traders' hands</a>&nbsp;&nbsp;<font color=""#6f6f6f"">India.com</font>",india s stock market getting smarter this indian startup plans to put market intelligence in traders hands india com india s stock market getting smarter this indian startup plans to put market intelligence in traders hands nbsp nbsp india com
Indian Stock Market Opens in Red Today - News On AIR,"<a href=""https://news.google.com/rss/articles/CBMickFVX3lxTFBUeEU5eUJqNF9UNU5PNW1KYjI0RGtJdU53a09mb18wN3VVRzUzM1FLeEJvVFhoZXYwWkp1dWpRUmVMZ0k2SW56SzVTRFp1a0NxRHJhdy1GMWZfcTNqdFVfZEMzcTUySDBtSXRJOEo2ekMzZw?oc=5"" target=""_blank"">Indian Stock Market Opens in Red Today</a>&nbsp;&nbsp;<font color=""#6f6f6f"">News On AIR</font>",https://news.google.com/rss/articles/CBMickFVX3lxTFBUeEU5eUJqNF9UNU5PNW1KYjI0RGtJdU53a09mb18wN3VVRzUzM1FLeEJvVFhoZXYwWkp1dWpRUmVMZ0k2SW56SzVTRFp1a0NxRHJhdy1GMWZfcTNqdFVfZEMzcTUySDBtSXRJOEo2ekMzZw?oc=5,"Tue, 01 Sep 2026 07:13:53 GMT",stock market,"Indian Stock Market Opens in Red Today - News On AIR <a href=""https://news.google.com/rss/articles/CBMickFVX3lxTFBUeEU5eUJqNF9UNU5PNW1KYjI0RGtJdU53a09mb18wN3VVRzUzM1FLeEJvVFhoZXYwWkp1dWpRUmVMZ0k2SW56SzVTRFp1a0NxRHJhdy1GMWZfcTNqdFVfZEMzcTUySDBtSXRJOEo2ekMzZw?oc=5"" target=""_blank"">Indian Stock Market Opens in Red Today</a>&nbsp;&nbsp;<font color=""#6f6f6f"">News On AIR</font>",indian stock market opens in red today news on air indian stock market opens in red today nbsp nbsp news on air
Stock Market Today: All You Need To Know Going Into Trade On Sept 2 - NDTV Profit,"<a href=""https://news.google.com/rss/articles/CBMirwFBVV95cUxNYWRjMzU4bVRmeDVBc2hSN3d2VWt5Rm50OXdkM2V3MFRLb1B5UVZ4bXBybVdXUHJsMGN2NUZyeHBIbjNkLVIyR1ZibWhqenVraXFuOVNhanBqUkk3NEU1c3JpT2w5dXVUOWQyelI0eDdwSW9fVXYzWFZPWFY5NlRYNlJoWlB0Sm5SRkgzd0pBZGZyaGgwOUN0ZW54ZFpfZ2RQUHpIcUlKTFQ4cHRJREM00gG3AUFVX3lxTFA1cEpxWFZBNjlnTFZJVE9velM1VnFjblBFWk1oSjgwLWFvbTh2aHl6amtIVHMtbjNJalFlSW0yUWxnTDNmSGppcHpGbmhpVFpYbHItYWdBbmVqYXJmNDBCUkFQLVgyQXphczJEbUphSFd3czlmd3haR2ZGNHpSMnR5elZFS3N3b1FEZWxBNEppVzc5R29JRkFUdWxoNGwxSXVEMFBoT19SNHJIRFVpYmNna0VqcXhYdw?oc=5"" target=""_blank"">Stock Market Today: All You Need To Know Going Into Trade On Sept 2</a>&nbsp;&nbsp;<font color=""#6f6f6f"">NDTV Profit</font>",https://news.google.com/rss/articles/CBMirwFBVV95cUxNYWRjMzU4bVRmeDVBc2hSN3d2VWt5Rm50OXdkM2V3MFRLb1B5UVZ4bXBybVdXUHJsMGN2NUZyeHBIbjNkLVIyR1ZibWhqenVraXFuOVNhanBqUkk3NEU1c3JpT2w5dXVUOWQyelI0eDdwSW9fVXYzWFZPWFY5NlRYNlJoWlB0Sm5SRkgzd0pBZGZyaGgwOUN0ZW54ZFpfZ2RQUHpIcUlKTFQ4cHRJREM00gG3AUFVX3lxTFA1cEpxWFZBNjlnTFZJVE9velM1VnFjblBFWk1oSjgwLWFvbTh2aHl6amtIVHMtbjNJalFlSW0yUWxnTDNmSGppcHpGbmhpVFpYbHItYWdBbmVqYXJmNDBCUkFQLVgyQXphczJEbUphSFd3czlmd3haR2ZGNHpSMnR5elZFS3N3b1FEZWxBNEppVzc5R29JRkFUdWxoNGwxSXVEMFBoT19SNHJIRFVpYmNna0VqcXhYdw?oc=5,"Wed, 02 Sep 2026 00:30:01 GMT",stock market,"Stock Market Today: All You Need To Know Going Into Trade On Sept 2 - NDTV Profit <a href=""https://news.google.com/rss/articles/CBMirwFBVV95cUxNYWRjMzU4bVRmeDVBc2hSN3d2VWt5Rm50OXdkM2V3MFRLb1B5UVZ4bXBybVdXUHJsMGN2NUZyeHBIbjNkLVIyR1ZibWhqenVraXFuOVNhanBqUkk3NEU1c3JpT2w5dXVUOWQyelI0eDdwSW9fVXYzWFZPWFY5NlRYNlJoWlB0Sm5SRkgzd0pBZGZyaGgwOUN0ZW54ZFpfZ2RQUHpIcUlKTFQ4cHRJREM00gG3AUFVX3lxTFA1cEpxWFZBNjlnTFZJVE9velM1VnFjblBFWk1oSjgwLWFvbTh2aHl6amtIVHMtbjNJalFlSW0yUWxnTDNmSGppcHpGbmhpVFpYbHItYWdBbmVqYXJmNDBCUkFQLVgyQXphczJEbUphSFd3czlmd3haR2ZGNHpSMnR5elZFS3N3b1FEZWxBNEppVzc5R29JRkFUdWxoNGwxSXVEMFBoT19SNHJIRFVpYmNna0VqcXhYdw?oc=5"" target=""_blank"">Stock Market Today: All You Need To Know Going Into Trade On Sept 2</a>&nbsp;&nbsp;<font color=""#6f6f6f"">NDTV Profit</font>",stock market today all you need to know going into trade on sept 2 ndtv profit stock market today all you need to know going into trade on sept 2 nbsp nbsp ndtv profit
Weekly market commentary - blackrock.com,"<a href=""https://news.google.com/rss/articles/CBMingFBVV95cUxQLWJDTjBBalYwVHVpc0VxV1BwRE1xeUt1RWlLQ1VJdnJQRXNnb3p6MnFNbjRBV0s0TnlldW4wSVIycFRQeVNISWJ3VV9wMWdjX1ZndE1Tc24tNzc0anNYWjl0SVBsRDhSa0dVTWlyVVYxX0w5b2JhTFB0Tm9Vb2FwYVZubTU1SVJlcy0zMEpXOEM4ZlhiSU1QazdVQVlldw?oc=5"" target=""_blank"">Weekly market commentary</a>&nbsp;&nbsp;<font color=""#6f6f6f"">blackrock.com</font>",https://news.google.com/rss/articles/CBMingFBVV95cUxQLWJDTjBBalYwVHVpc0VxV1BwRE1xeUt1RWlLQ1VJdnJQRXNnb3p6MnFNbjRBV0s0TnlldW4wSVIycFRQeVNISWJ3VV9wMWdjX1ZndE1Tc24tNzc0anNYWjl0SVBsRDhSa0dVTWlyVVYxX0w5b2JhTFB0Tm9Vb2FwYVZubTU1SVJlcy0zMEpXOEM4ZlhiSU1QazdVQVlldw?oc=5,"Mon, 31 Aug 2026 07:00:00 GMT",stock market,"Weekly market commentary - blackrock.com <a href=""https://news.google.com/rss/articles/CBMingFBVV95cUxQLWJDTjBBalYwVHVpc0VxV1BwRE1xeUt1RWlLQ1VJdnJQRXNnb3p6MnFNbjRBV0s0TnlldW4wSVIycFRQeVNISWJ3VV9wMWdjX1ZndE1Tc24tNzc0anNYWjl0SVBsRDhSa0dVTWlyVVYxX0w5b2JhTFB0Tm9Vb2FwYVZubTU1SVJlcy0zMEpXOEM4ZlhiSU1QazdVQVlldw?oc=5"" target=""_blank"">Weekly market commentary</a>&nbsp;&nbsp;<font color=""#6f6f6f"">blackrock.com</font>",weekly market commentary blackrock com weekly market commentary nbsp nbsp blackrock com
"Stock market today: Gift Nifty signals a negative start amid rising yields; 8 stocks to buy on Wednesday, 2 September - Livemint","<a href=""https://news.google.com/rss/articles/CBMikgJBVV95cUxNdWJheGNaaXY3TFprUlZ1dFJIY0U4QzhFMTBIMVJhOXE5UFpPc0xPNzhVWDAtdnB0QlluNEhUc2lFQWdwN0I1SGZZb0dMS0tFMld6b210MWRYVU5tMU42OXh2LUNBNVpWemNEdjdOc0JuemtNOVFMNVFRTHJsV2Z4R2JIdVd5QjhhaXBXdUxrTXhvY3Awcjd0N19wMTNFVXNLdnRGM0ZXU0t5UWtfTTctWHF2NW1BMTRWcVg2NzZMMVUyYm1ERkZUbjdiUGdxaUYyQkVjYkh3Y2FWdDZoV2VHSHZONUtETktlWVRlMWxvWmw0dHJyY3pzek15WTdYd2FOdWdXWHJrVjlRWURjMGx2LVVB0gGXAkFVX3lxTFBxUm44azJ6NDBUcTVELUZmNG5jYmpxU1U5ZDJleXdOT2lUQ09tQld6LUh4dkh0clJsb0k3TDZmNmtLM2JBOEJnV183anROM3ExSnp2NmFCLVczOEdZR19WV1NaY2o5UDJmT2djUEFSS1pEUHZqYmpKcl9aa3lEek1WZXJZZ1p5cDkxdlo2UkFua2lDWDJteHBiNHNFQTRMQ0lIcXdWdjVudVh4QUt3NzJubGRuekFSYjRpTGxtS1AtRXJPanF2QW56SnhzOE1JSmkxYkVtc0tlbl9LcE1iSXRhcWRVaHpNYWl2cDNvdkhJMTFZVV9qT3RuT1JoTVdKWWZPUUNvNUcyRnNZWEtaZ3JRTFBoVDZqZw?oc=5"" target=""_blank"">Stock market today: Gift Nifty signals a negative start amid rising yields; 8 stocks to buy on Wednesday, 2 September</a>&nbsp;&nbsp;<font color=""#6f6f6f"">Livemint</font>",https://news.google.com/rss/articles/CBMikgJBVV95cUxNdWJheGNaaXY3TFprUlZ1dFJIY0U4QzhFMTBIMVJhOXE5UFpPc0xPNzhVWDAtdnB0QlluNEhUc2lFQWdwN0I1SGZZb0dMS0tFMld6b210MWRYVU5tMU42OXh2LUNBNVpWemNEdjdOc0JuemtNOVFMNVFRTHJsV2Z4R2JIdVd5QjhhaXBXdUxrTXhvY3Awcjd0N19wMTNFVXNLdnRGM0ZXU0t5UWtfTTctWHF2NW1BMTRWcVg2NzZMMVUyYm1ERkZUbjdiUGdxaUYyQkVjYkh3Y2FWdDZoV2VHSHZONUtETktlWVRlMWxvWmw0dHJyY3pzek15WTdYd2FOdWdXWHJrVjlRWURjMGx2LVVB0gGXAkFVX3lxTFBxUm44azJ6NDBUcTVELUZmNG5jYmpxU1U5ZDJleXdOT2lUQ09tQld6LUh4dkh0clJsb0k3TDZmNmtLM2JBOEJnV183anROM3ExSnp2NmFCLVczOEdZR19WV1NaY2o5UDJmT2djUEFSS1pEUHZqYmpKcl9aa3lEek1WZXJZZ1p5cDkxdlo2UkFua2lDWDJteHBiNHNFQTRMQ0lIcXdWdjVudVh4QUt3NzJubGRuekFSYjRpTGxtS1AtRXJPanF2QW56SnhzOE1JSmkxYkVtc0tlbl9LcE1iSXRhcWRVaHpNYWl2cDNvdkhJMTFZVV9qT3RuT1JoTVdKWWZPUUNvNUcyRnNZWEtaZ3JRTFBoVDZqZw?oc=5,"Wed, 02 Sep 2026 01:34:40 GMT",stock market,"Stock market today: Gift Nifty signals a negative start amid rising yields; 8 stocks to buy on Wednesday, 2 September - Livemint <a href=""https://news.google.com/rss/articles/CBMikgJBVV95cUxNdWJheGNaaXY3TFprUlZ1dFJIY0U4QzhFMTBIMVJhOXE5UFpPc0xPNzhVWDAtdnB0QlluNEhUc2lFQWdwN0I1SGZZb0dMS0tFMld6b210MWRYVU5tMU42OXh2LUNBNVpWemNEdjdOc0JuemtNOVFMNVFRTHJsV2Z4R2JIdVd5QjhhaXBXdUxrTXhvY3Awcjd0N19wMTNFVXNLdnRGM0ZXU0t5UWtfTTctWHF2NW1BMTRWcVg2NzZMMVUyYm1ERkZUbjdiUGdxaUYyQkVjYkh3Y2FWdDZoV2VHSHZONUtETktlWVRlMWxvWmw0dHJyY3pzek15WTdYd2FOdWdXWHJrVjlRWURjMGx2LVVB0gGXAkFVX3lxTFBxUm44azJ6NDBUcTVELUZmNG5jYmpxU1U5ZDJleXdOT2lUQ09tQld6LUh4dkh0clJsb0k3TDZmNmtLM2JBOEJnV183anROM3ExSnp2NmFCLVczOEdZR19WV1NaY2o5UDJmT2djUEFSS1pEUHZqYmpKcl9aa3lEek1WZXJZZ1p5cDkxdlo2UkFua2lDWDJteHBiNHNFQTRMQ0lIcXdWdjVudVh4QUt3NzJubGRuekFSYjRpTGxtS1AtRXJPanF2QW56SnhzOE1JSmkxYkVtc0tlbl9LcE1iSXRhcWRVaHpNYWl2cDNvdkhJMTFZVV9qT3RuT1JoTVdKWWZPUUNvNUcyRnNZWEtaZ3JRTFBoVDZqZw?oc=5"" target=""_blank"">Stock market today: Gift Nifty signals a negative start amid rising yields; 8 stocks to buy on Wednesday, 2 September</a>&nbsp;&nbsp;<font color=""#6f6f6f"">Livemint</font>",stock market today gift nifty signals a negative start amid rising yields 8 stocks to buy on wednesday 2 september livemint stock market today gift nifty signals a negative start amid rising yields 8 stocks to buy on wednesday 2 september nbsp nbsp livemint
Shein shares slide on fast-fashion retailer’s stock market debut - The Guardian,"<a href=""https://news.google.com/rss/articles/CBMiugFBVV95cUxOVzR5aDZraHBzYXpDbWpza013UW5ERDMzVUI3TkxtcXVfLTRVdWZ4bTZQOVAwREZmOGNYMWREZVZqeWhwNzZXbkxKd0JxNHFhWUZhUjlkQ1dtQnlRY3BOTWFFY2ViM1ZaS0RfeUVCQWN0NWdELVpMMzlDa3hyMW1UdHczN0NkckRZd0Rtc19XVWxkUW1XVXU3cl8za2ZRZ1Vqb015eUE2OFgxd2hvSk9HbGZ0cnZ1amM1UHc?oc=5"" target=""_blank"">Shein shares slide on fast-fashion retailer’s stock market debut</a>&nbsp;&nbsp;<font color=""#6f6f6f"">The Guardian</font>",https://news.google.com/rss/articles/CBMiugFBVV95cUxOVzR5aDZraHBzYXpDbWpza013UW5ERDMzVUI3TkxtcXVfLTRVdWZ4bTZQOVAwREZmOGNYMWREZVZqeWhwNzZXbkxKd0JxNHFhWUZhUjlkQ1dtQnlRY3BOTWFFY2ViM1ZaS0RfeUVCQWN0NWdELVpMMzlDa3hyMW1UdHczN0NkckRZd0Rtc19XVWxkUW1XVXU3cl8za2ZRZ1Vqb015eUE2OFgxd2hvSk9HbGZ0cnZ1amM1UHc?oc=5,"Tue, 01 Sep 2026 18:21:00 GMT",stock market,"Shein shares slide on fast-fashion retailer’s stock market debut - The Guardian <a href=""https://news.google.com/rss/articles/CBMiugFBVV95cUxOVzR5aDZraHBzYXpDbWpza013UW5ERDMzVUI3TkxtcXVfLTRVdWZ4bTZQOVAwREZmOGNYMWREZVZqeWhwNzZXbkxKd0JxNHFhWUZhUjlkQ1dtQnlRY3BOTWFFY2ViM1ZaS0RfeUVCQWN0NWdELVpMMzlDa3hyMW1UdHczN0NkckRZd0Rtc19XVWxkUW1XVXU3cl8za2ZRZ1Vqb015eUE2OFgxd2hvSk9HbGZ0cnZ1amM1UHc?oc=5"" target=""_blank"">Shein shares slide on fast-fashion retailer’s stock market debut</a>&nbsp;&nbsp;<font color=""#6f6f6f"">The Guardian</font>",shein shares slide on fast fashion retailer s stock market debut the guardian shein shares slide on fast fashion retailer s stock market debut nbsp nbsp the guardian
Overnight Stock Market Movements: Key Developments - Equitypandit,"<a href=""https://news.google.com/rss/articles/CBMiiwFBVV95cUxOYnl5RWpjbU5ja3I3X1hxb2NoTDhZcmozVGlvVFJqUGREU1U5ZU1OVHFyRXY0WHU5NWsyRWJtU0RyallqS0puTVppNVJTZjlGUVR2d1J5eGV2RFlzVHBEMVpOWHo1SS01OUhNanBGMFdUVWtTNjROcHdyMlgxTGIzNU9sVzdmbGswNXhF?oc=5"" target=""_blank"">Overnight Stock Market Movements: Key Developments</a>&nbsp;&nbsp;<font color=""#6f6f6f"">Equitypandit</font>",https://news.google.com/rss/articles/CBMiiwFBVV95cUxOYnl5RWpjbU5ja3I3X1hxb2NoTDhZcmozVGlvVFJqUGREU1U5ZU1OVHFyRXY0WHU5NWsyRWJtU0RyallqS0puTVppNVJTZjlGUVR2d1J5eGV2RFlzVHBEMVpOWHo1SS01OUhNanBGMFdUVWtTNjROcHdyMlgxTGIzNU9sVzdmbGswNXhF?oc=5,"Wed, 02 Sep 2026 02:27:00 GMT",stock market,"Overnight Stock Market Movements: Key Developments - Equitypandit <a href=""https://news.google.com/rss/articles/CBMiiwFBVV95cUxOYnl5RWpjbU5ja3I3X1hxb2NoTDhZcmozVGlvVFJqUGREU1U5ZU1OVHFyRXY0WHU5NWsyRWJtU0RyallqS0puTVppNVJTZjlGUVR2d1J5eGV2RFlzVHBEMVpOWHo1SS01OUhNanBGMFdUVWtTNjROcHdyMlgxTGIzNU9sVzdmbGswNXhF?oc=5"" target=""_blank"">Overnight Stock Market Movements: Key Developments</a>&nbsp;&nbsp;<font color=""#6f6f6f"">Equitypandit</font>",overnight stock market movements key developments equitypandit overnight stock market movements key developments nbsp nbsp equitypandit
"Sensex, Nifty crash today: Why is stock market down today? Top 3 reasons explained - Livemint","<a href=""https://news.google.com/rss/articles/CBMi4wFBVV95cUxQR2UwYVhuUGRwYmJKb1ZUTV9wbHBBeFRhd1pHZDUzSFRYS2pvRXRVSFhWZ3EyTVVHWUx0Uy1IR1VkWi1qekFOR0xZR2dlcjBGLWR3TW9fcXJfQ0hiemozZDAzdmx0WEliZFgyUF90QjVybEFGOVUyMjVRaWJ3bkNLb0hwMjN4UllNRUNzd3BBSFFjME9oV1NmVVJFem8xcnBTbmt3SXVmX1FIWndnVTJLWkhBU2RvbnhRVk15ODdBSzF3M1FrYW02MUlYekZoeF83bV9pSWRORG9LVWhDX2xtMVMyUdIB6AFBVV95cUxQRFVTVlJ6M25RaXlfNEYwTlpoT3BrTjN2Wjk2UHdZbzN5MVNWNEd2Y0dybldDNWFZSGF1N0pEbXlUMjhMQ2VyQU5hMTl3SVRhc2JpdkhJaXc5el9PT0dwcHZwWWlnRm1ORHd4QlJKd1F2QmFYdVlpX19CODRUdkRBbTRVcDkySjdqQXR4b1BQS1pPSzRuWWVsYkxjMExqY1BMc25PSlM3Ukg1Sy1KTGZ2ZWF3MGdacG9iTHpJdUs4d1NOeFdyRUh3aUlFdjlsMmZRT0dzR0lVRHlWQ1BKdnBrV09WaVcwMXhw?oc=5"" target=""_blank"">Sensex, Nifty crash today: Why is stock market down today? Top 3 reasons explained</a>&nbsp;&nbsp;<font color=""#6f6f6f"">Livemint</font>",https://news.google.com/rss/articles/CBMi4wFBVV95cUxQR2UwYVhuUGRwYmJKb1ZUTV9wbHBBeFRhd1pHZDUzSFRYS2pvRXRVSFhWZ3EyTVVHWUx0Uy1IR1VkWi1qekFOR0xZR2dlcjBGLWR3TW9fcXJfQ0hiemozZDAzdmx0WEliZFgyUF90QjVybEFGOVUyMjVRaWJ3bkNLb0hwMjN4UllNRUNzd3BBSFFjME9oV1NmVVJFem8xcnBTbmt3SXVmX1FIWndnVTJLWkhBU2RvbnhRVk15ODdBSzF3M1FrYW02MUlYekZoeF83bV9pSWRORG9LVWhDX2xtMVMyUdIB6AFBVV95cUxQRFVTVlJ6M25RaXlfNEYwTlpoT3BrTjN2Wjk2UHdZbzN5MVNWNEd2Y0dybldDNWFZSGF1N0pEbXlUMjhMQ2VyQU5hMTl3SVRhc2JpdkhJaXc5el9PT0dwcHZwWWlnRm1ORHd4QlJKd1F2QmFYdVlpX19CODRUdkRBbTRVcDkySjdqQXR4b1BQS1pPSzRuWWVsYkxjMExqY1BMc25PSlM3Ukg1Sy1KTGZ2ZWF3MGdacG9iTHpJdUs4d1NOeFdyRUh3aUlFdjlsMmZRT0dzR0lVRHlWQ1BKdnBrV09WaVcwMXhw?oc=5,"Wed, 02 Sep 2026 04:14:50 GMT",stock market,"Sensex, Nifty crash today: Why is stock market down today? Top 3 reasons explained - Livemint <a href=""https://news.google.com/rss/articles/CBMi4wFBVV95cUxQR2UwYVhuUGRwYmJKb1ZUTV9wbHBBeFRhd1pHZDUzSFRYS2pvRXRVSFhWZ3EyTVVHWUx0Uy1IR1VkWi1qekFOR0xZR2dlcjBGLWR3TW9fcXJfQ0hiemozZDAzdmx0WEliZFgyUF90QjVybEFGOVUyMjVRaWJ3bkNLb0hwMjN4UllNRUNzd3BBSFFjME9oV1NmVVJFem8xcnBTbmt3SXVmX1FIWndnVTJLWkhBU2RvbnhRVk15ODdBSzF3M1FrYW02MUlYekZoeF83bV9pSWRORG9LVWhDX2xtMVMyUdIB6AFBVV95cUxQRFVTVlJ6M25RaXlfNEYwTlpoT3BrTjN2Wjk2UHdZbzN5MVNWNEd2Y0dybldDNWFZSGF1N0pEbXlUMjhMQ2VyQU5hMTl3SVRhc2JpdkhJaXc5el9PT0dwcHZwWWlnRm1ORHd4QlJKd1F2QmFYdVlpX19CODRUdkRBbTRVcDkySjdqQXR4b1BQS1pPSzRuWWVsYkxjMExqY1BMc25PSlM3Ukg1Sy1KTGZ2ZWF3MGdacG9iTHpJdUs4d1NOeFdyRUh3aUlFdjlsMmZRT0dzR0lVRHlWQ1BKdnBrV09WaVcwMXhw?oc=5"" target=""_blank"">Sensex, Nifty crash today: Why is stock market down today? Top 3 reasons explained</a>&nbsp;&nbsp;<font color=""#6f6f6f"">Livemint</font>",sensex nifty crash today why is stock market down today top 3 reasons explained livemint sensex nifty crash today why is stock market down today top 3 reasons explained nbsp nbsp livemint
"Apple's new CEO, G20 meetings continue, the FTC sues Amazon and more in Morning Squawk - CNBC","<a href=""https://news.google.com/rss/articles/CBMiiwFBVV95cUxPU2hVT1NMRGtSWHc4Q3RRQ1JDQWc5RVdTZFdQV0NfQ3Vvb3lMTFQzd0JGTGg5cllEcEZCYnN1TGprSnNENG42NndmQ2NhbjhhNUNOZ3BiZEdYVUpwVnc3SWpPa0RwN3I4THVWem5Bek9qM3BQRFZHSG1scVFxeU9uUHVGSkh2VUZFX3FN0gGQAUFVX3lxTE92Wlp3M3pNdkxRZ3laOFVjNE5MLXFhdFRnQ0J6cHh0TkpMeGhRQ250aDA0NkdKM3VUMDV1V1UyMkdva0FqSmNGWkM5ZXprRVNSMHZMekREdlJuNzR4dU5paFdObmM5RzJuWDg4YUNiYzVHNmREN05jenl2OFpSQUpUbVZ2MkZ4NFllRjNhVDBHaQ?oc=5"" target=""_blank"">Apple's new CEO, G20 meetings continue, the FTC sues Amazon and more in Morning Squawk</a>&nbsp;&nbsp;<font color=""#6f6f6f"">CNBC</font>",https://news.google.com/rss/articles/CBMiiwFBVV95cUxPU2hVT1NMRGtSWHc4Q3RRQ1JDQWc5RVdTZFdQV0NfQ3Vvb3lMTFQzd0JGTGg5cllEcEZCYnN1TGprSnNENG42NndmQ2NhbjhhNUNOZ3BiZEdYVUpwVnc3SWpPa0RwN3I4THVWem5Bek9qM3BQRFZHSG1scVFxeU9uUHVGSkh2VUZFX3FN0gGQAUFVX3lxTE92Wlp3M3pNdkxRZ3laOFVjNE5MLXFhdFRnQ0J6cHh0TkpMeGhRQ250aDA0NkdKM3VUMDV1V1UyMkdva0FqSmNGWkM5ZXprRVNSMHZMekREdlJuNzR4dU5paFdObmM5RzJuWDg4YUNiYzVHNmREN05jenl2OFpSQUpUbVZ2MkZ4NFllRjNhVDBHaQ?oc=5,"Tue, 01 Sep 2026 12:27:10 GMT",stock market,"Apple's new CEO, G20 meetings continue, the FTC sues Amazon and more in Morning Squawk - CNBC <a href=""https://news.google.com/rss/articles/CBMiiwFBVV95cUxPU2hVT1NMRGtSWHc4Q3RRQ1JDQWc5RVdTZFdQV0NfQ3Vvb3lMTFQzd0JGTGg5cllEcEZCYnN1TGprSnNENG42NndmQ2NhbjhhNUNOZ3BiZEdYVUpwVnc3SWpPa0RwN3I4THVWem5Bek9qM3BQRFZHSG1scVFxeU9uUHVGSkh2VUZFX3FN0gGQAUFVX3lxTE92Wlp3M3pNdkxRZ3laOFVjNE5MLXFhdFRnQ0J6cHh0TkpMeGhRQ250aDA0NkdKM3VUMDV1V1UyMkdva0FqSmNGWkM5ZXprRVNSMHZMekREdlJuNzR4dU5paFdObmM5RzJuWDg4YUNiYzVHNmREN05jenl2OFpSQUpUbVZ2MkZ4NFllRjNhVDBHaQ?oc=5"" target=""_blank"">Apple's new CEO, G20 meetings continue, the FTC sues Amazon and more in Morning Squawk</a>&nbsp;&nbsp;<font color=""#6f6f6f"">CNBC</font>",apple s new ceo g20 meetings continue the ftc sues amazon and more in morning squawk cnbc apple s new ceo g20 meetings continue the ftc sues amazon and more in morning squawk nbsp nbsp cnbc
India's GDP grows 7.8% in Q1: Factors powering the economy despite global turmoil - The Times of India,"<ol><li><a href=""https://news.google.com/rss/articles/CBMi9wFBVV95cUxOeng5MG9YTU5qNDk0VlBVa1dMcGdTajFZR1ZDRDZGYTN0aHRKMHJKTlJxUHhZV0hyU25DaGNwNjU2MFRXNEI0SDhOemV5NE5XR2MxdkFVUG5XRngzQXdLSS1kOW9RVTJfODlleTRmMG0tbDRUYVBhSWZCOG0xNnpEX0g4R2YzdERFZmQwZFNFTFAzbTliQkYzaXp6Uk0xdkU0Mzk1MDJnMWZjSUlJRk81dk43QnRJSmptSk9hS0lRcWdYMnQ2VTJXc0pQYkdUVFlVdWpNRUlHT0pva1RmZGJTVXppb3hjRmx3UlpTbEVkQlJKVTlkVWMw0gH8AUFVX3lxTFA3QXZYRG1QMUs1VTlJT3hiS2JORGVPZWYwbkgyZWtXRmFxTnZXSmpzZ1hMeWVxd250aGExZUlvM0tHQkNZMVZGeVV1YXFwZ1phbGxXZHBNbFlud3BMSGRPaVZuZWFmNVNWcFlUa2NFa0QySWRZSG8wLTljVTNLUXo1eHZpSG9PS2RaM2Jadlp3ZjIwY3gtWGdGX1o1TGJUbDNWenhCck92OEd6Yk5uOGJfdVd1U0c2ZDBlTGpUU2lFQjBzV2M3aFFsTWRTU3VTRm42eFc3NThrTjhYUnE1NkNKeVNFM0VQeVBMdVFrNGZpTW1YR3pJcHhCSDhIZQ?oc=5"" target=""_blank"">India's GDP grows 7.8% in Q1: Factors powering the economy despite global turmoil</a>&nbsp;&nbsp;<font color=""#6f6f6f"">The Times of India</font></li><li><a href=""https://news.google.com/rss/articles/CBMipwFBVV95cUxNQjcxYVVFQ05fY1k2RFExNXA5ZW1mZW5sOHl1T3ZRM2NJZmpaVzNNUHRMLXplbnU4dmFRcTZTYUVMaGphUHBkVTJrV1VaNzhOckZBUFI1LURtV2JoOXJfaWJLSUpfamtCSGczc2xwYVFqaGlaUy1vSTdTWUl5TVFab01MS3lFM2VmNG1iV2psTFFPMTF0RzNYSmx1NDJib0pMdW1JaVNVTdIBrgFBVV95cUxORUdTbWdGeHViQ1ZjcEhmMzdtS0d2NHRnZndQdHVjb2txeEMxclBBekU2SjdiS0xxWGhLMVdKX1N3eXA3anczWGNLdWpQWXg4YXhlT21QbjJ4Wmdnc2lZSmdBa1d5Q2tNSkJDeVBySWxBa2JvMm5NVXNvSnJOOElUZkNmNGQzUGtPYVNPZUJaUG5tYVRHQl85T3c2a2p4X1YzamJudVNoWWtyc0d5Qmc?oc=5"" target=""_blank"">Economy remains resilient, but the road ahead is likely to be less forgiving than last year</a>&nbsp;&nbsp;<font color=""#6f6f6f"">The Indian Express</font></li><li><a href=""https://news.google.com/rss/articles/CBMi0wFBVV95cUxPWjNFT2t6UDhBSzdMZGRPa01nc1g4MzRTNW9vRml5ZVc1d3lPajZOMHdrM0M4eE40NTBWN0J3NUtudjQwTkQ2OW82dXlHc0pVMG42akl1c09YQk1EWnZlSndzbk1sMHdvWXJKYkFzYWpMZFoycDFMa0xXZER0UnpEQWVDMkRCNnVkRnI0c0NmaU93YmVqNmllQUFhWW5iS0VvUkVrU2txekZwQXhVNnhmYkdJRkk0MVhHaTl6a21hSDJCd3ZkZWc3MXpIb2c3Nk0xWDQw0gHYAUFVX3lxTE9XbjEzZW9nY1VlVVRWSy1fVTF4WW95LWZVS3Zpb0Q5bFp5aU5YWU80b2ViQl84MDdSLU9oRi1xa1pTWFpyaVZvUi1tYldPSnBIV0MzSmo4LWUwUWpIQ1BRcXItMlpWQW1OeERZNTBQZzlxQ3JXbUduWjVTUU5hbl81RmZPZXBsNXF0TmlvX3lzWk1zTS1hU05PeEVCSGRjQ096Rzc4eXMxX1BUTjJHOGdSQjFjWnI4dG5ZMWNDRzRyaUdRWHJ0YkYxYy1PYjNOalRCOEh6VkZYUQ?oc=5"" target=""_blank"">No jobs, price hikes, crony capitalism: Opposition challenges PM Modi’s 7.8% GDP growth claim</a>&nbsp;&nbsp;<font color=""#6f6f6f"">Telegraph India</font></li><li><a href=""https://news.google.com/rss/articles/CBMitgFBVV95cUxPeVhhdEJ4QnFrSFBKT1JKekFWYmRlaVI3MzR5QVRkOGZFLUFWQVpiS09FZG9jalJ3TGZrY3RZQXpmWTctell1RHdYSS1aS1ZKbE1iS01xMXRzX0RNZGVVX1ZWamJtdEZNdElPV2I3UHpWNTEycXdNSi1Ea3p1M2lHaWxqOEtaYVJwd2ZpV2MybEs2VmN3azRTV2loMEhDSEFVV2RHcEc5N094TVB6NnBRcl9SNGRJUQ?oc=5"" target=""_blank"">Video | India's Economy Is Growing Strongly At 7.8% In Q1 Fy2026-27: FM Nirmala Sitharaman</a>&nbsp;&nbsp;<font color=""#6f6f6f"">ndtv.com</font></li><li><a href=""https://news.google.com/rss/articles/CBMi1wFBVV95cUxNZU9TaGNUeVBGV05FUTNqSFkyV21FdjhwSjd6b2ZZOGlrVlZHU0I5SFY0Y1ZkNWNtQk84MHpTY05UR0JMdDh3TWNPZ2Z5QTVrdWFHNFM1UVUtQ1dOUzBBeEYyczd4eUFNMXA2Y0ltdXR6ZHVtTE52ZFMwSmttSW5xalotb0JnT2xGSHFjYkNjQjJrdjVHNF9IRFNJU0I4cVVqWmg2eFBqYmpZdWwySmYzTERKa3IzZGdmN1pvRWhpNmRxRll2eTZaRFFwb1llczFOVGp4bzBDVdIB3AFBVV95cUxPb1hnVmczTkR5OEFONnpfOFVpMl8tRWJ0OTI2akpSbGJTRnc0dTFwaW83bXJKY1Y1YjlzcjBMc0lXOFM1dXhWZ0RsSGVvcTNLNHI4bE54UzB4RG1wSU43OXdpQTFQMG9zcUptcm1JVWpoVXl4a2hGU1RZQWZ2VkFoQ1czR2ZGWXdjTW5mVHdkUlVaYWVXZUlJR1pUSlNoT1R5Q2Q3R05USGFmS09nZmMyc0RiVTJYdGtteDF5a1pOMEl3d01qNFBTODlxQkhDMEpfOVFSWWFqdnpPSDNt?oc=5"" target=""_blank"">Global media writes on Indian economy’s ‘solid pace’ and an ‘unusual feud’ after Subhash Chandra ruling</a>&nbsp;&nbsp;<font color=""#6f6f6f"">ThePrint</font></li><li><a href=""https://news.google.com/rss/articles/CBMi3gFBVV95cUxONG9mLTFvSXlYSGE5dnFTX3VMNzdhYXdoT3BKWXpYXzhNa2lUa1U2dDZPZkR2VFdrc3NMeUxZUE9Galh2NWV1c2taeWNYeUpsYTN6VFJvMHdTbG94Z2R2YWtyZERpc0hwdGluYU5BcC1Jc0drSkdVOGdUSmtVZkR4aXM2RFB6S2pKT3JOUndSTXJTc1JZOF9xQ24zeExDSjI0UVdacTVMRVY4ZFFKc2hNRi1vLUFwc2w5Zjlldnd0NnI0ZEM5ZFM3Sy1kTWNNUUhGaUlYVjJBbmJCMHFackHSAeQBQVVfeXFMTWVQYkZndVA5S1hSaXNOSW4wVTZhdHk5dGN6bjBlN1dDcElGejhyUXRzOXhzUzdQeDR3ZWxBSmRjZUEwZFBEY3NTT0d1eS1vLXloWVp6X05Ha2czYVZhS1E2R0tqQUtJRlNnLW5GZnBGS01lbXVfcVdPYW1MMzA1UTNzT09uZGY3dWl2ODVKN1JmRXhsdUpOaWZwVFphbms2Wm9LQ3d4MDNPcnJET29mM2Q4T1o0cG9iemE4MTRlVVhKNjVfNDhScWZsNmdVTWtydHA5V0R2aTRjZ2lGOWZ1RUQtZkZy?oc=5"" target=""_blank"">India’s GDP growth at 7.8% in Q1, slower than last quarter but quicker than last year</a>&nbsp;&nbsp;<font color=""#6f6f6f"">The Hindu</font></li><li><a href=""https://news.google.com/rss/articles/CBMi2AFBVV95cUxNdm9Mb1FlU0xOb0tDbDRzejZrc05YbkVJRURBUkNhUXJqdFN6ODdQQjMzalZmQU1oNWpBVU9QcjBBTkxaZURocnQxS3pqanBEU3JKcU43MjRUemlONUxVZVlTZG5TeTNKZy12NjU1Z2tfcWRkVXVObmlWa29oX0RkaHU0bnFkVENXU2t3ZVNkel9BdVlxSUpDSDE4V1E1U2VrUE9GbE9XaFlYVDMxUnNCLXVvRXU3clNmNXczODU3VHFaWEhQRjZuS21OTVFZbm1Cb3pOMlhFa0zSAd4BQVVfeXFMTUl6ZVlVR2swcnFmNU1rRURLWTIwWWszVFQxZFk4a3pEcThNSTc3RXVyUUluYkV6dk1CRlNpdWRCeFlJVkJGRVQybGE0ZDJDOFB3bS13STdzOEZ1UTVMS3dUNmtLNkN4NFhGUXBjdWhKWlNuQklQZEFEandnaEhaN0lCWldhR3ktMXRsM2xNTW0yeWgwbmZsUEZGVUpnclUwdElBZGRCZktkOEtWUlc1Rl9VUUE3MzA5ZFd5eFhSY2Y2NlBZTzk5SGlmT2RtY0hCT0ZGWkE5XzZYTXJ2M2Vn?oc=5"" target=""_blank"">Q1 GDP growth beats expectations: Are foreign investors underestimating India's resilience?</a>&nbsp;&nbsp;<font color=""#6f6f6f"">Livemint</font></li><li><a href=""https://news.google.com/rss/articles/CBMi4gFBVV95cUxQeE9kWG1TdllKOTEzSHpvQ0UxTldZMlpqYVp6cnl2QWxfUnZ6aTF1TFQxeG5lZnRoS2NZRUVGTFVna0g1a3QwVFd3bFJwaWdpa3RFU3FlVFJPc01iTk9GSWt6WEVlcGozNVFNdXF2NXExN1dneHRsNU5qdmktS085QzhwbFpfaHA3eHB1c2ZTNHZKYWJTVEFCNi1lNFcxb0UyQnVYM1pOeXpjTDl0ZC1zUU02cXhFcmZXRFJYcVNLU2RwbzVrcmNwTDQ1NVZ4dXhlWDVQa19Jd2JvcFJfTVc0bmtn0gHnAUFVX3lxTE45RjFLMUNtNHZfOGQ5cGRzcFFucGNBSnBvRzBHLW5BRkFkbS1RcXpYeTBMa1lKam9PbUs5UjJkNWRpOHFFX3dWR2dLQXNFRjVrclA1WUh2bDhDRTFLblVQc2NaZElSdWltX25jNXg5Y3FVV21tR0tuTU9mYVhFQlJ6cXNTSlpwYTI0RF9Hd1ppeGhhT1UweGt0cUR4T0p2NUpnWU9HQUJKOXl3ZV90bDlyWDk4YnAwUWw2Zm5WdGwwdmR2Mk5QYm91NGpBOTliSG9qUjZCR2lkVWxSREMxS21tbkxnRkc5SQ?oc=5"" target=""_blank"">‘Fastest Growing Economy Stands Out In Global Arena’: Sitharaman Hails India's 7.8% GDP Growth</a>&nbsp;&nbsp;<font color=""#6f6f6f"">News18</font></li><li><a href=""https://news.google.com/rss/articles/CBMiogFBVV95cUxOMk9jQ2hiZ3NwekM0djlGM1BRV2xNVHdXOUJ6M0F0Y2hacTlyeDJYeXBNT2xjVFZFYm05b0lLSDE5Q1lWVE5XQVRubjNQb3h2Z3YzaXJEV0VKSGdZczBOMHNHVGd6VXJ0ZHE4VklQSjdHamxLUzlVSER1TXRFdmVCclVZc0xicGNHVEtPUE9BWWR0RDU3eUtuRTNPbWszNXltcVE?oc=5"" target=""_blank"">Video | India's Economy Grows 7.8% In Q1: PM Modi Takes Swipe At 'Doomsayers'</a>&nbsp;&nbsp;<font color=""#6f6f6f"">ndtv.com</font></li></ol>",https://news.google.com/rss/articles/CBMi9wFBVV95cUxOeng5MG9YTU5qNDk0VlBVa1dMcGdTajFZR1ZDRDZGYTN0aHRKMHJKTlJxUHhZV0hyU25DaGNwNjU2MFRXNEI0SDhOemV5NE5XR2MxdkFVUG5XRngzQXdLSS1kOW9RVTJfODlleTRmMG0tbDRUYVBhSWZCOG0xNnpEX0g4R2YzdERFZmQwZFNFTFAzbTliQkYzaXp6Uk0xdkU0Mzk1MDJnMWZjSUlJRk81dk43QnRJSmptSk9hS0lRcWdYMnQ2VTJXc0pQYkdUVFlVdWpNRUlHT0pva1RmZGJTVXppb3hjRmx3UlpTbEVkQlJKVTlkVWMw0gH8AUFVX3lxTFA3QXZYRG1QMUs1VTlJT3hiS2JORGVPZWYwbkgyZWtXRmFxTnZXSmpzZ1hMeWVxd250aGExZUlvM0tHQkNZMVZGeVV1YXFwZ1phbGxXZHBNbFlud3BMSGRPaVZuZWFmNVNWcFlUa2NFa0QySWRZSG8wLTljVTNLUXo1eHZpSG9PS2RaM2Jadlp3ZjIwY3gtWGdGX1o1TGJUbDNWenhCck92OEd6Yk5uOGJfdVd1U0c2ZDBlTGpUU2lFQjBzV2M3aFFsTWRTU3VTRm42eFc3NThrTjhYUnE1NkNKeVNFM0VQeVBMdVFrNGZpTW1YR3pJcHhCSDhIZQ?oc=5,"Tue, 01 Sep 2026 10:25:00 GMT",Indian economy,"India's GDP grows 7.8% in Q1: Factors powering the economy despite global turmoil - The Times of India <ol><li><a href=""https://news.google.com/rss/articles/CBMi9wFBVV95cUxOeng5MG9YTU5qNDk0VlBVa1dMcGdTajFZR1ZDRDZGYTN0aHRKMHJKTlJxUHhZV0hyU25DaGNwNjU2MFRXNEI0SDhOemV5NE5XR2MxdkFVUG5XRngzQXdLSS1kOW9RVTJfODlleTRmMG0tbDRUYVBhSWZCOG0xNnpEX0g4R2YzdERFZmQwZFNFTFAzbTliQkYzaXp6Uk0xdkU0Mzk1MDJnMWZjSUlJRk81dk43QnRJSmptSk9hS0lRcWdYMnQ2VTJXc0pQYkdUVFlVdWpNRUlHT0pva1RmZGJTVXppb3hjRmx3UlpTbEVkQlJKVTlkVWMw0gH8AUFVX3lxTFA3QXZYRG1QMUs1VTlJT3hiS2JORGVPZWYwbkgyZWtXRmFxTnZXSmpzZ1hMeWVxd250aGExZUlvM0tHQkNZMVZGeVV1YXFwZ1phbGxXZHBNbFlud3BMSGRPaVZuZWFmNVNWcFlUa2NFa0QySWRZSG8wLTljVTNLUXo1eHZpSG9PS2RaM2Jadlp3ZjIwY3gtWGdGX1o1TGJUbDNWenhCck92OEd6Yk5uOGJfdVd1U0c2ZDBlTGpUU2lFQjBzV2M3aFFsTWRTU3VTRm42eFc3NThrTjhYUnE1NkNKeVNFM0VQeVBMdVFrNGZpTW1YR3pJcHhCSDhIZQ?oc=5"" target=""_blank"">India's GDP grows 7.8% in Q1: Factors powering the economy despite global turmoil</a>&nbsp;&nbsp;<font color=""#6f6f6f"">The Times of India</font></li><li><a href=""https://news.google.com/rss/articles/CBMipwFBVV95cUxNQjcxYVVFQ05fY1k2RFExNXA5ZW1mZW5sOHl1T3ZRM2NJZmpaVzNNUHRMLXplbnU4dmFRcTZTYUVMaGphUHBkVTJrV1VaNzhOckZBUFI1LURtV2JoOXJfaWJLSUpfamtCSGczc2xwYVFqaGlaUy1vSTdTWUl5TVFab01MS3lFM2VmNG1iV2psTFFPMTF0RzNYSmx1NDJib0pMdW1JaVNVTdIBrgFBVV95cUxORUdTbWdGeHViQ1ZjcEhmMzdtS0d2NHRnZndQdHVjb2txeEMxclBBekU2SjdiS0xxWGhLMVdKX1N3eXA3anczWGNLdWpQWXg4YXhlT21QbjJ4Wmdnc2lZSmdBa1d5Q2tNSkJDeVBySWxBa2JvMm5NVXNvSnJOOElUZkNmNGQzUGtPYVNPZUJaUG5tYVRHQl85T3c2a2p4X1YzamJudVNoWWtyc0d5Qmc?oc=5"" target=""_blank"">Economy remains resilient, but the road ahead is likely to be less forgiving than last year</a>&nbsp;&nbsp;<font color=""#6f6f6f"">The Indian Express</font></li><li><a href=""https://news.google.com/rss/articles/CBMi0wFBVV95cUxPWjNFT2t6UDhBSzdMZGRPa01nc1g4MzRTNW9vRml5ZVc1d3lPajZOMHdrM0M4eE40NTBWN0J3NUtudjQwTkQ2OW82dXlHc0pVMG42akl1c09YQk1EWnZlSndzbk1sMHdvWXJKYkFzYWpMZFoycDFMa0xXZER0UnpEQWVDMkRCNnVkRnI0c0NmaU93YmVqNmllQUFhWW5iS0VvUkVrU2txekZwQXhVNnhmYkdJRkk0MVhHaTl6a21hSDJCd3ZkZWc3MXpIb2c3Nk0xWDQw0gHYAUFVX3lxTE9XbjEzZW9nY1VlVVRWSy1fVTF4WW95LWZVS3Zpb0Q5bFp5aU5YWU80b2ViQl84MDdSLU9oRi1xa1pTWFpyaVZvUi1tYldPSnBIV0MzSmo4LWUwUWpIQ1BRcXItMlpWQW1OeERZNTBQZzlxQ3JXbUduWjVTUU5hbl81RmZPZXBsNXF0TmlvX3lzWk1zTS1hU05PeEVCSGRjQ096Rzc4eXMxX1BUTjJHOGdSQjFjWnI4dG5ZMWNDRzRyaUdRWHJ0YkYxYy1PYjNOalRCOEh6VkZYUQ?oc=5"" target=""_blank"">No jobs, price hikes, crony capitalism: Opposition challenges PM Modi’s 7.8% GDP growth claim</a>&nbsp;&nbsp;<font color=""#6f6f6f"">Telegraph India</font></li><li><a href=""https://news.google.com/rss/articles/CBMitgFBVV95cUxPeVhhdEJ4QnFrSFBKT1JKekFWYmRlaVI3MzR5QVRkOGZFLUFWQVpiS09FZG9jalJ3TGZrY3RZQXpmWTctell1RHdYSS1aS1ZKbE1iS01xMXRzX0RNZGVVX1ZWamJtdEZNdElPV2I3UHpWNTEycXdNSi1Ea3p1M2lHaWxqOEtaYVJwd2ZpV2MybEs2VmN3azRTV2loMEhDSEFVV2RHcEc5N094TVB6NnBRcl9SNGRJUQ?oc=5"" target=""_blank"">Video | India's Economy Is Growing Strongly At 7.8% In Q1 Fy2026-27: FM Nirmala Sitharaman</a>&nbsp;&nbsp;<font color=""#6f6f6f"">ndtv.com</font></li><li><a href=""https://news.google.com/rss/articles/CBMi1wFBVV95cUxNZU9TaGNUeVBGV05FUTNqSFkyV21FdjhwSjd6b2ZZOGlrVlZHU0I5SFY0Y1ZkNWNtQk84MHpTY05UR0JMdDh3TWNPZ2Z5QTVrdWFHNFM1UVUtQ1dOUzBBeEYyczd4eUFNMXA2Y0ltdXR6ZHVtTE52ZFMwSmttSW5xalotb0JnT2xGSHFjYkNjQjJrdjVHNF9IRFNJU0I4cVVqWmg2eFBqYmpZdWwySmYzTERKa3IzZGdmN1pvRWhpNmRxRll2eTZaRFFwb1llczFOVGp4bzBDVdIB3AFBVV95cUxPb1hnVmczTkR5OEFONnpfOFVpMl8tRWJ0OTI2akpSbGJTRnc0dTFwaW83bXJKY1Y1YjlzcjBMc0lXOFM1dXhWZ0RsSGVvcTNLNHI4bE54UzB4RG1wSU43OXdpQTFQMG9zcUptcm1JVWpoVXl4a2hGU1RZQWZ2VkFoQ1czR2ZGWXdjTW5mVHdkUlVaYWVXZUlJR1pUSlNoT1R5Q2Q3R05USGFmS09nZmMyc0RiVTJYdGtteDF5a1pOMEl3d01qNFBTODlxQkhDMEpfOVFSWWFqdnpPSDNt?oc=5"" target=""_blank"">Global media writes on Indian economy’s ‘solid pace’ and an ‘unusual feud’ after Subhash Chandra ruling</a>&nbsp;&nbsp;<font color=""#6f6f6f"">ThePrint</font></li><li><a href=""https://news.google.com/rss/articles/CBMi3gFBVV95cUxONG9mLTFvSXlYSGE5dnFTX3VMNzdhYXdoT3BKWXpYXzhNa2lUa1U2dDZPZkR2VFdrc3NMeUxZUE9Galh2NWV1c2taeWNYeUpsYTN6VFJvMHdTbG94Z2R2YWtyZERpc0hwdGluYU5BcC1Jc0drSkdVOGdUSmtVZkR4aXM2RFB6S2pKT3JOUndSTXJTc1JZOF9xQ24zeExDSjI0UVdacTVMRVY4ZFFKc2hNRi1vLUFwc2w5Zjlldnd0NnI0ZEM5ZFM3Sy1kTWNNUUhGaUlYVjJBbmJCMHFackHSAeQBQVVfeXFMTWVQYkZndVA5S1hSaXNOSW4wVTZhdHk5dGN6bjBlN1dDcElGejhyUXRzOXhzUzdQeDR3ZWxBSmRjZUEwZFBEY3NTT0d1eS1vLXloWVp6X05Ha2czYVZhS1E2R0tqQUtJRlNnLW5GZnBGS01lbXVfcVdPYW1MMzA1UTNzT09uZGY3dWl2ODVKN1JmRXhsdUpOaWZwVFphbms2Wm9LQ3d4MDNPcnJET29mM2Q4T1o0cG9iemE4MTRlVVhKNjVfNDhScWZsNmdVTWtydHA5V0R2aTRjZ2lGOWZ1RUQtZkZy?oc=5"" target=""_blank"">India’s GDP growth at 7.8% in Q1, slower than last quarter but quicker than last year</a>&nbsp;&nbsp;<font color=""#6f6f6f"">The Hindu</font></li><li><a href=""https://news.google.com/rss/articles/CBMi2AFBVV95cUxNdm9Mb1FlU0xOb0tDbDRzejZrc05YbkVJRURBUkNhUXJqdFN6ODdQQjMzalZmQU1oNWpBVU9QcjBBTkxaZURocnQxS3pqanBEU3JKcU43MjRUemlONUxVZVlTZG5TeTNKZy12NjU1Z2tfcWRkVXVObmlWa29oX0RkaHU0bnFkVENXU2t3ZVNkel9BdVlxSUpDSDE4V1E1U2VrUE9GbE9XaFlYVDMxUnNCLXVvRXU3clNmNXczODU3VHFaWEhQRjZuS21OTVFZbm1Cb3pOMlhFa0zSAd4BQVVfeXFMTUl6ZVlVR2swcnFmNU1rRURLWTIwWWszVFQxZFk4a3pEcThNSTc3RXVyUUluYkV6dk1CRlNpdWRCeFlJVkJGRVQybGE0ZDJDOFB3bS13STdzOEZ1UTVMS3dUNmtLNkN4NFhGUXBjdWhKWlNuQklQZEFEandnaEhaN0lCWldhR3ktMXRsM2xNTW0yeWgwbmZsUEZGVUpnclUwdElBZGRCZktkOEtWUlc1Rl9VUUE3MzA5ZFd5eFhSY2Y2NlBZTzk5SGlmT2RtY0hCT0ZGWkE5XzZYTXJ2M2Vn?oc=5"" target=""_blank"">Q1 GDP growth beats expectations: Are foreign investors underestimating India's resilience?</a>&nbsp;&nbsp;<font color=""#6f6f6f"">Livemint</font></li><li><a href=""https://news.google.com/rss/articles/CBMi4gFBVV95cUxQeE9kWG1TdllKOTEzSHpvQ0UxTldZMlpqYVp6cnl2QWxfUnZ6aTF1TFQxeG5lZnRoS2NZRUVGTFVna0g1a3QwVFd3bFJwaWdpa3RFU3FlVFJPc01iTk9GSWt6WEVlcGozNVFNdXF2NXExN1dneHRsNU5qdmktS085QzhwbFpfaHA3eHB1c2ZTNHZKYWJTVEFCNi1lNFcxb0UyQnVYM1pOeXpjTDl0ZC1zUU02cXhFcmZXRFJYcVNLU2RwbzVrcmNwTDQ1NVZ4dXhlWDVQa19Jd2JvcFJfTVc0bmtn0gHnAUFVX3lxTE45RjFLMUNtNHZfOGQ5cGRzcFFucGNBSnBvRzBHLW5BRkFkbS1RcXpYeTBMa1lKam9PbUs5UjJkNWRpOHFFX3dWR2dLQXNFRjVrclA1WUh2bDhDRTFLblVQc2NaZElSdWltX25jNXg5Y3FVV21tR0tuTU9mYVhFQlJ6cXNTSlpwYTI0RF9Hd1ppeGhhT1UweGt0cUR4T0p2NUpnWU9HQUJKOXl3ZV90bDlyWDk4YnAwUWw2Zm5WdGwwdmR2Mk5QYm91NGpBOTliSG9qUjZCR2lkVWxSREMxS21tbkxnRkc5SQ?oc=5"" target=""_blank"">‘Fastest Growing Economy Stands Out In Global Arena’: Sitharaman Hails India's 7.8% GDP Growth</a>&nbsp;&nbsp;<font color=""#6f6f6f"">News18</font></li><li><a href=""https://news.google.com/rss/articles/CBMiogFBVV95cUxOMk9jQ2hiZ3NwekM0djlGM1BRV2xNVHdXOUJ6M0F0Y2hacTlyeDJYeXBNT2xjVFZFYm05b0lLSDE5Q1lWVE5XQVRubjNQb3h2Z3YzaXJEV0VKSGdZczBOMHNHVGd6VXJ0ZHE4VklQSjdHamxLUzlVSER1TXRFdmVCclVZc0xicGNHVEtPUE9BWWR0RDU3eUtuRTNPbWszNXltcVE?oc=5"" target=""_blank"">Video | India's Economy Grows 7.8% In Q1: PM Modi Takes Swipe At 'Doomsayers'</a>&nbsp;&nbsp;<font color=""#6f6f6f"">ndtv.com</font></li></ol>",india s gdp grows 7 8 in q1 factors powering the economy despite global turmoil the times of india india s gdp grows 7 8 in q1 factors powering the economy despite global turmoil nbsp nbsp the times of india economy remains resilient but the road ahead is likely to be less forgiving than last year nbsp nbsp the indian express no jobs price hikes crony capitalism opposition challenges pm modi s 7 8 gdp growth claim nbsp nbsp telegraph india video india s economy is growing strongly at 7 8 in q1 fy2026 27 fm nirmala sitharaman nbsp nbsp ndtv com global media writes on indian economy s solid pace and an unusual feud after subhash chandra ruling nbsp nbsp theprint india s gdp growth at 7 8 in q1 slower than last quarter but quicker than last year nbsp nbsp the hindu q1 gdp growth beats expectations are foreign investors underestimating india s resilience nbsp nbsp livemint fastest growing economy stands out in global arena sitharaman hails india s 7 8 gdp growth nbsp nbsp news18 video india s economy grows 7 8 in q1 pm modi takes swipe at doomsayers nbsp nbsp ndtv com
PM’s economic adviser denies allegations of Centre manipulating GDP data - Scroll.in,"<a href=""https://news.google.com/rss/articles/CBMipwFBVV95cUxOU005UGFUVUtVTGwzcFRsdVp5cmJOazJPOU9YQW9xWGpaRFg0MGtSY0UzYmFQaVc1Zy1SckJPYkhNYmJhNFNzcEhBZTU3QzJXaThGZURnTS0zMEJTcU1oMFl3U3V0UG04Z0tFVVN2RUdWOHVpaW1qQXNMT29PNnBqNjY3cVprYzA1U09iNTVYUDJXblZvY1RKNm01UUh1SUdYei02RlpRONIBrAFBVV95cUxOLURWTDBvWmEzT3RiRGtaTEFiOEVPNFRFX21Gb3RWLXphUHVGVDFzR1BtZjZzVm5VbThHVUJjU1d4dHdZdjRZQnZUR3BiU09DSGZsZE1SVGM2RG9jajJ3dElzMHFxczVCS2Z2OEp2NktxSFN1Sk9aV3VGM1VTUUhuOWNxcklzc0E2YmVWZlQwZEhxU0todzlDSV9FblM1REsxeUdnUGhjc1Y5Y3Ey?oc=5"" target=""_blank"">PM’s economic adviser denies allegations of Centre manipulating GDP data</a>&nbsp;&nbsp;<font color=""#6f6f6f"">Scroll.in</font>",https://news.google.com/rss/articles/CBMipwFBVV95cUxOU005UGFUVUtVTGwzcFRsdVp5cmJOazJPOU9YQW9xWGpaRFg0MGtSY0UzYmFQaVc1Zy1SckJPYkhNYmJhNFNzcEhBZTU3QzJXaThGZURnTS0zMEJTcU1oMFl3U3V0UG04Z0tFVVN2RUdWOHVpaW1qQXNMT29PNnBqNjY3cVprYzA1U09iNTVYUDJXblZvY1RKNm01UUh1SUdYei02RlpRONIBrAFBVV95cUxOLURWTDBvWmEzT3RiRGtaTEFiOEVPNFRFX21Gb3RWLXphUHVGVDFzR1BtZjZzVm5VbThHVUJjU1d4dHdZdjRZQnZUR3BiU09DSGZsZE1SVGM2RG9jajJ3dElzMHFxczVCS2Z2OEp2NktxSFN1Sk9aV3VGM1VTUUhuOWNxcklzc0E2YmVWZlQwZEhxU0todzlDSV9FblM1REsxeUdnUGhjc1Y5Y3Ey?oc=5,"Wed, 02 Sep 2026 02:57:00 GMT",Indian economy,"PM’s economic adviser denies allegations of Centre manipulating GDP data - Scroll.in <a href=""https://news.google.com/rss/articles/CBMipwFBVV95cUxOU005UGFUVUtVTGwzcFRsdVp5cmJOazJPOU9YQW9xWGpaRFg0MGtSY0UzYmFQaVc1Zy1SckJPYkhNYmJhNFNzcEhBZTU3QzJXaThGZURnTS0zMEJTcU1oMFl3U3V0UG04Z0tFVVN2RUdWOHVpaW1qQXNMT29PNnBqNjY3cVprYzA1U09iNTVYUDJXblZvY1RKNm01UUh1SUdYei02RlpRONIBrAFBVV95cUxOLURWTDBvWmEzT3RiRGtaTEFiOEVPNFRFX21Gb3RWLXphUHVGVDFzR1BtZjZzVm5VbThHVUJjU1d4dHdZdjRZQnZUR3BiU09DSGZsZE1SVGM2RG9jajJ3dElzMHFxczVCS2Z2OEp2NktxSFN1Sk9aV3VGM1VTUUhuOWNxcklzc0E2YmVWZlQwZEhxU0todzlDSV9FblM1REsxeUdnUGhjc1Y5Y3Ey?oc=5"" target=""_blank"">PM’s economic adviser denies allegations of Centre manipulating GDP data</a>&nbsp;&nbsp;<font color=""#6f6f6f"">Scroll.in</font>",pm s economic adviser denies allegations of centre manipulating gdp data scroll in pm s economic adviser denies allegations of centre manipulating gdp data nbsp nbsp scroll in
India’s GDP beats growth forecast at 7.8% - Financial Times,"<a href=""https://news.google.com/rss/articles/CBMihAFBVV95cUxPaVhISnpJVzJlQWliUHRRT2VYN1VDcGdhUld6dDF4Z25IZnl3ZnB0b0xXcm1BVG5qanRoODFYMU9RbXdCMTBVeF9iVDZQMWNhdkp0eEc2ZjNyakJXczhDUzNGV1A5UWhhNWNnRVZ1cXJJdjRqbzRZdDN6TUJBRlI5azRQT3Y?oc=5"" target=""_blank"">India’s GDP beats growth forecast at 7.8%</a>&nbsp;&nbsp;<font color=""#6f6f6f"">Financial Times</font>",https://news.google.com/rss/articles/CBMihAFBVV95cUxPaVhISnpJVzJlQWliUHRRT2VYN1VDcGdhUld6dDF4Z25IZnl3ZnB0b0xXcm1BVG5qanRoODFYMU9RbXdCMTBVeF9iVDZQMWNhdkp0eEc2ZjNyakJXczhDUzNGV1A5UWhhNWNnRVZ1cXJJdjRqbzRZdDN6TUJBRlI5azRQT3Y?oc=5,"Mon, 31 Aug 2026 13:21:29 GMT",Indian economy,"India’s GDP beats growth forecast at 7.8% - Financial Times <a href=""https://news.google.com/rss/articles/CBMihAFBVV95cUxPaVhISnpJVzJlQWliUHRRT2VYN1VDcGdhUld6dDF4Z25IZnl3ZnB0b0xXcm1BVG5qanRoODFYMU9RbXdCMTBVeF9iVDZQMWNhdkp0eEc2ZjNyakJXczhDUzNGV1A5UWhhNWNnRVZ1cXJJdjRqbzRZdDN6TUJBRlI5azRQT3Y?oc=5"" target=""_blank"">India’s GDP beats growth forecast at 7.8%</a>&nbsp;&nbsp;<font color=""#6f6f6f"">Financial Times</font>",india s gdp beats growth forecast at 7 8 financial times india s gdp beats growth forecast at 7 8 nbsp nbsp financial times
"Mint macro tracker: Indian economy showed resilience in July, but risks linger - Livemint","<a href=""https://news.google.com/rss/articles/CBMi6AFBVV95cUxQTzZPZmN6c2ZrU09NMElRZjRDTjg5Qy1xeHBNd3QzT0hJWjhTdk55cEdmMXRzb2dqbW1lNnVVZEgwWnV2OXc2VW9CSFFTZzV2ZDFBa0Y1UDVkNEpySlZxc2xuam0xcE5JYms4Wi1GbGpybnJkazk4RjRsYVUxVnZXdFZfTk5vS0NwMEc3WnVNSzZvT0VudmxiMVdfdDctVVhKalVad1VQRXBjcUVDNURoMTB0ZVgydGFSMzlZaVhwNm1wTHZadmd5bWtfYmpYN09oN1RuVzJ6VlQzWVZZaDRIcnNjVW1wSEdD?oc=5"" target=""_blank"">Mint macro tracker: Indian economy showed resilience in July, but risks linger</a>&nbsp;&nbsp;<font color=""#6f6f6f"">Livemint</font>",https://news.google.com/rss/articles/CBMi6AFBVV95cUxQTzZPZmN6c2ZrU09NMElRZjRDTjg5Qy1xeHBNd3QzT0hJWjhTdk55cEdmMXRzb2dqbW1lNnVVZEgwWnV2OXc2VW9CSFFTZzV2ZDFBa0Y1UDVkNEpySlZxc2xuam0xcE5JYms4Wi1GbGpybnJkazk4RjRsYVUxVnZXdFZfTk5vS0NwMEc3WnVNSzZvT0VudmxiMVdfdDctVVhKalVad1VQRXBjcUVDNURoMTB0ZVgydGFSMzlZaVhwNm1wTHZadmd5bWtfYmpYN09oN1RuVzJ6VlQzWVZZaDRIcnNjVW1wSEdD?oc=5,"Wed, 02 Sep 2026 05:31:00 GMT",Indian economy,"Mint macro tracker: Indian economy showed resilience in July, but risks linger - Livemint <a href=""https://news.google.com/rss/articles/CBMi6AFBVV95cUxQTzZPZmN6c2ZrU09NMElRZjRDTjg5Qy1xeHBNd3QzT0hJWjhTdk55cEdmMXRzb2dqbW1lNnVVZEgwWnV2OXc2VW9CSFFTZzV2ZDFBa0Y1UDVkNEpySlZxc2xuam0xcE5JYms4Wi1GbGpybnJkazk4RjRsYVUxVnZXdFZfTk5vS0NwMEc3WnVNSzZvT0VudmxiMVdfdDctVVhKalVad1VQRXBjcUVDNURoMTB0ZVgydGFSMzlZaVhwNm1wTHZadmd5bWtfYmpYN09oN1RuVzJ6VlQzWVZZaDRIcnNjVW1wSEdD?oc=5"" target=""_blank"">Mint macro tracker: Indian economy showed resilience in July, but risks linger</a>&nbsp;&nbsp;<font color=""#6f6f6f"">Livemint</font>",mint macro tracker indian economy showed resilience in july but risks linger livemint mint macro tracker indian economy showed resilience in july but risks linger nbsp nbsp livemint
India’s Economy Posts Robust Growth Despite Mideast Energy Shock - WSJ,"<a href=""https://news.google.com/rss/articles/CBMitwFBVV95cUxNUVc4dE84NzVQb2s1aWYyazVWUFRYQ3BrLU9DUTMwR2RHeDVGc2llQW4tcmNCVVdYNzFwaU9YTlRJeDJ6dkV3UXFrVV9DNGFOVWpmTnRnalBJTVlPT2N0T1dZTHR4elZlYU1fQ1JXVUxDQVVrQUxlV3hlUmFSUjFXaTNhYXRoUV9qOVdTS2Rwd2IzU2prekhGNThVay1wMUFnbG1oaEhxVlJDQVpwc202UHVwNFE1bG8?oc=5"" target=""_blank"">India’s Economy Posts Robust Growth Despite Mideast Energy Shock</a>&nbsp;&nbsp;<font color=""#6f6f6f"">WSJ</font>",https://news.google.com/rss/articles/CBMitwFBVV95cUxNUVc4dE84NzVQb2s1aWYyazVWUFRYQ3BrLU9DUTMwR2RHeDVGc2llQW4tcmNCVVdYNzFwaU9YTlRJeDJ6dkV3UXFrVV9DNGFOVWpmTnRnalBJTVlPT2N0T1dZTHR4elZlYU1fQ1JXVUxDQVVrQUxlV3hlUmFSUjFXaTNhYXRoUV9qOVdTS2Rwd2IzU2prekhGNThVay1wMUFnbG1oaEhxVlJDQVpwc202UHVwNFE1bG8?oc=5,"Mon, 31 Aug 2026 11:39:00 GMT",Indian economy,"India’s Economy Posts Robust Growth Despite Mideast Energy Shock - WSJ <a href=""https://news.google.com/rss/articles/CBMitwFBVV95cUxNUVc4dE84NzVQb2s1aWYyazVWUFRYQ3BrLU9DUTMwR2RHeDVGc2llQW4tcmNCVVdYNzFwaU9YTlRJeDJ6dkV3UXFrVV9DNGFOVWpmTnRnalBJTVlPT2N0T1dZTHR4elZlYU1fQ1JXVUxDQVVrQUxlV3hlUmFSUjFXaTNhYXRoUV9qOVdTS2Rwd2IzU2prekhGNThVay1wMUFnbG1oaEhxVlJDQVpwc202UHVwNFE1bG8?oc=5"" target=""_blank"">India’s Economy Posts Robust Growth Despite Mideast Energy Shock</a>&nbsp;&nbsp;<font color=""#6f6f6f"">WSJ</font>",india s economy posts robust growth despite mideast energy shock wsj india s economy posts robust growth despite mideast energy shock nbsp nbsp wsj
India’s economy grows 7.7% in FY 2025-26; Q4 growth accelerates to 7.8% - DD News,"<a href=""https://news.google.com/rss/articles/CBMimAFBVV95cUxObEdLSVhSTVU2UHlKUFBYc3RLOUZncnpoTHhYVDVwOGNKNmtObmFQMk1kQmNYYVFyUXA5WUdub01DbWN1bXJEWk9ETU5Sbk1hcVhDT0VDLWcwWlVxa0FZMnN2Y2V1WFBiM0JGQ203SHBIeUh3by1qY21EUDFDUmtZbVd0cVpZQVh0bXlpTDhvTmtQUUN4LW1EcQ?oc=5"" target=""_blank"">India’s economy grows 7.7% in FY 2025-26; Q4 growth accelerates to 7.8%</a>&nbsp;&nbsp;<font color=""#6f6f6f"">DD News</font>",https://news.google.com/rss/articles/CBMimAFBVV95cUxObEdLSVhSTVU2UHlKUFBYc3RLOUZncnpoTHhYVDVwOGNKNmtObmFQMk1kQmNYYVFyUXA5WUdub01DbWN1bXJEWk9ETU5Sbk1hcVhDT0VDLWcwWlVxa0FZMnN2Y2V1WFBiM0JGQ203SHBIeUh3by1qY21EUDFDUmtZbVd0cVpZQVh0bXlpTDhvTmtQUUN4LW1EcQ?oc=5,"Tue, 01 Sep 2026 07:36:37 GMT",Indian economy,"India’s economy grows 7.7% in FY 2025-26; Q4 growth accelerates to 7.8% - DD News <a href=""https://news.google.com/rss/articles/CBMimAFBVV95cUxObEdLSVhSTVU2UHlKUFBYc3RLOUZncnpoTHhYVDVwOGNKNmtObmFQMk1kQmNYYVFyUXA5WUdub01DbWN1bXJEWk9ETU5Sbk1hcVhDT0VDLWcwWlVxa0FZMnN2Y2V1WFBiM0JGQ203SHBIeUh3by1qY21EUDFDUmtZbVd0cVpZQVh0bXlpTDhvTmtQUUN4LW1EcQ?oc=5"" target=""_blank"">India’s economy grows 7.7% in FY 2025-26; Q4 growth accelerates to 7.8%</a>&nbsp;&nbsp;<font color=""#6f6f6f"">DD News</font>",india s economy grows 7 7 in fy 2025 26 q4 growth accelerates to 7 8 dd news india s economy grows 7 7 in fy 2025 26 q4 growth accelerates to 7 8 nbsp nbsp dd news
Footwear industry is backbone of India’s economy: Union Minister Giriraj Singh | Akashvani News - News On AIR,"<a href=""https://news.google.com/rss/articles/CBMipAFBVV95cUxPQ29UaXZQZHFWUm1nX2FHV3h5VGlhdFRaX01vcllPcGc2bU5fRFdmR282RjQ1ZnkyTE9Ic0drOHQ2SjM3NkI5ZFI3eEZsRHUyaTI0LW15clpXMnJYcS15QmN6Qy0xR1NEbVd0QVp6b0taVXVkZXVYNUxsdHdlX2JFUGtKLUFXenJ6eVdxU1I5NF9ud2tPVTFLM3hwbmNZdHl4cFFZdQ?oc=5"" target=""_blank"">Footwear industry is backbone of India’s economy: Union Minister Giriraj Singh | Akashvani News</a>&nbsp;&nbsp;<font color=""#6f6f6f"">News On AIR</font>",https://news.google.com/rss/articles/CBMipAFBVV95cUxPQ29UaXZQZHFWUm1nX2FHV3h5VGlhdFRaX01vcllPcGc2bU5fRFdmR282RjQ1ZnkyTE9Ic0drOHQ2SjM3NkI5ZFI3eEZsRHUyaTI0LW15clpXMnJYcS15QmN6Qy0xR1NEbVd0QVp6b0taVXVkZXVYNUxsdHdlX2JFUGtKLUFXenJ6eVdxU1I5NF9ud2tPVTFLM3hwbmNZdHl4cFFZdQ?oc=5,"Tue, 01 Sep 2026 21:19:09 GMT",Indian economy,"Footwear industry is backbone of India’s economy: Union Minister Giriraj Singh | Akashvani News - News On AIR <a href=""https://news.google.com/rss/articles/CBMipAFBVV95cUxPQ29UaXZQZHFWUm1nX2FHV3h5VGlhdFRaX01vcllPcGc2bU5fRFdmR282RjQ1ZnkyTE9Ic0drOHQ2SjM3NkI5ZFI3eEZsRHUyaTI0LW15clpXMnJYcS15QmN6Qy0xR1NEbVd0QVp6b0taVXVkZXVYNUxsdHdlX2JFUGtKLUFXenJ6eVdxU1I5NF9ud2tPVTFLM3hwbmNZdHl4cFFZdQ?oc=5"" target=""_blank"">Footwear industry is backbone of India’s economy: Union Minister Giriraj Singh | Akashvani News</a>&nbsp;&nbsp;<font color=""#6f6f6f"">News On AIR</font>",footwear industry is backbone of india s economy union minister giriraj singh akashvani news news on air footwear industry is backbone of india s economy union minister giriraj singh akashvani news nbsp nbsp news on air
Why West Asia war didn’t hurt India economy as much as was feared - The Indian Express,"<a href=""https://news.google.com/rss/articles/CBMiwAFBVV95cUxPaXNoejJBaWJNZjY0UEUtclVhTmRBSlkyamtKWkE0UTQ1MllsU29NdUE1VXFmVkp2Um5lR1Y2QUs0STFnQ2ZDMk44dGtkdXU0M2hZSGRmeFBnVnpiUDl4VmVxQUk4OG00VWZNR0Q5SldmWnpjMjF6SkhhQlA2LVkzVF81TVAyTE1FYWJSenczTGpncTFCRGdOUXNKS19Fa1RIazMxT25EcEYyLW1QaGlMWXhBZ1Rvem5iUmNtRXo3YnrSAccBQVVfeXFMTXg5YjFRVWRVNmxXbkhscUg5dG42QUwtcWNqZGN3NDhLSm9DMGFnN3NKZXdWQ0lrOEQtSUNzTVNHUEFjUXprN2pXNXc1aXdvNHhjelBFWlJYZFpJQWN0VzFmQXFnYS1BZXB5MUUtaHY4ZDRxblB3WEhwZFBEV2E3T1EwaDZfUF85RjJBajRkenJ4bEhIMGRoZ3hpNVVnbmRiVVNIT0xSdldpajZ2ZlFaTUhyYkt6bXZ0YUVsNjJheU84NW5ObGpfUQ?oc=5"" target=""_blank"">Why West Asia war didn’t hurt India economy as much as was feared</a>&nbsp;&nbsp;<font color=""#6f6f6f"">The Indian Express</font>",https://news.google.com/rss/articles/CBMiwAFBVV95cUxPaXNoejJBaWJNZjY0UEUtclVhTmRBSlkyamtKWkE0UTQ1MllsU29NdUE1VXFmVkp2Um5lR1Y2QUs0STFnQ2ZDMk44dGtkdXU0M2hZSGRmeFBnVnpiUDl4VmVxQUk4OG00VWZNR0Q5SldmWnpjMjF6SkhhQlA2LVkzVF81TVAyTE1FYWJSenczTGpncTFCRGdOUXNKS19Fa1RIazMxT25EcEYyLW1QaGlMWXhBZ1Rvem5iUmNtRXo3YnrSAccBQVVfeXFMTXg5YjFRVWRVNmxXbkhscUg5dG42QUwtcWNqZGN3NDhLSm9DMGFnN3NKZXdWQ0lrOEQtSUNzTVNHUEFjUXprN2pXNXc1aXdvNHhjelBFWlJYZFpJQWN0VzFmQXFnYS1BZXB5MUUtaHY4ZDRxblB3WEhwZFBEV2E3T1EwaDZfUF85RjJBajRkenJ4bEhIMGRoZ3hpNVVnbmRiVVNIT0xSdldpajZ2ZlFaTUhyYkt6bXZ0YUVsNjJheU84NW5ObGpfUQ?oc=5,"Sat, 29 Aug 2026 05:31:46 GMT",Indian economy,"Why West Asia war didn’t hurt India economy as much as was feared - The Indian Express <a href=""https://news.google.com/rss/articles/CBMiwAFBVV95cUxPaXNoejJBaWJNZjY0UEUtclVhTmRBSlkyamtKWkE0UTQ1MllsU29NdUE1VXFmVkp2Um5lR1Y2QUs0STFnQ2ZDMk44dGtkdXU0M2hZSGRmeFBnVnpiUDl4VmVxQUk4OG00VWZNR0Q5SldmWnpjMjF6SkhhQlA2LVkzVF81TVAyTE1FYWJSenczTGpncTFCRGdOUXNKS19Fa1RIazMxT25EcEYyLW1QaGlMWXhBZ1Rvem5iUmNtRXo3YnrSAccBQVVfeXFMTXg5YjFRVWRVNmxXbkhscUg5dG42QUwtcWNqZGN3NDhLSm9DMGFnN3NKZXdWQ0lrOEQtSUNzTVNHUEFjUXprN2pXNXc1aXdvNHhjelBFWlJYZFpJQWN0VzFmQXFnYS1BZXB5MUUtaHY4ZDRxblB3WEhwZFBEV2E3T1EwaDZfUF85RjJBajRkenJ4bEhIMGRoZ3hpNVVnbmRiVVNIT0xSdldpajZ2ZlFaTUhyYkt6bXZ0YUVsNjJheU84NW5ObGpfUQ?oc=5"" target=""_blank"">Why West Asia war didn’t hurt India economy as much as was feared</a>&nbsp;&nbsp;<font color=""#6f6f6f"">The Indian Express</font>",why west asia war didn t hurt india economy as much as was feared the indian express why west asia war didn t hurt india economy as much as was feared nbsp nbsp the indian express
India’s GDP Performance - PIB,"<a href=""https://news.google.com/rss/articles/CBMimgFBVV95cUxOLURmak1CSGpOcnUza2JzZ2djT2Q1YW1aQlRpTHlHRTctM1dKcjkxRVFRYkJHOWRnYlZQV2F0cDBhVnRjTl9mV0ZIYWhTU1p0SHVOenBrLUFtcW5aWEd1QnRkbm4wa2pfcm9qQXBYaEVaMDd5SndqVXI0UWEwR2g1YzBnLUs1YWxnWlpwTFA3dUwwa0c0d252Uy13?oc=5"" target=""_blank"">India’s GDP Performance</a>&nbsp;&nbsp;<font color=""#6f6f6f"">PIB</font>",https://news.google.com/rss/articles/CBMimgFBVV95cUxOLURmak1CSGpOcnUza2JzZ2djT2Q1YW1aQlRpTHlHRTctM1dKcjkxRVFRYkJHOWRnYlZQV2F0cDBhVnRjTl9mV0ZIYWhTU1p0SHVOenBrLUFtcW5aWEd1QnRkbm4wa2pfcm9qQXBYaEVaMDd5SndqVXI0UWEwR2g1YzBnLUs1YWxnWlpwTFA3dUwwa0c0d252Uy13?oc=5,"Tue, 01 Sep 2026 09:23:00 GMT",Indian economy,"India’s GDP Performance - PIB <a href=""https://news.google.com/rss/articles/CBMimgFBVV95cUxOLURmak1CSGpOcnUza2JzZ2djT2Q1YW1aQlRpTHlHRTctM1dKcjkxRVFRYkJHOWRnYlZQV2F0cDBhVnRjTl9mV0ZIYWhTU1p0SHVOenBrLUFtcW5aWEd1QnRkbm4wa2pfcm9qQXBYaEVaMDd5SndqVXI0UWEwR2g1YzBnLUs1YWxnWlpwTFA3dUwwa0c0d252Uy13?oc=5"" target=""_blank"">India’s GDP Performance</a>&nbsp;&nbsp;<font color=""#6f6f6f"">PIB</font>",india s gdp performance pib india s gdp performance nbsp nbsp pib
But where is India’s economic growth? - The Statesman,"<a href=""https://news.google.com/rss/articles/CBMikgFBVV95cUxNWWhXaFUydGsxa3VySFVHN1NmTzF1alBSN09mQzVKa01ubklzb0dsZ3R1TUItY082Y0x4RXN5Yi13dzU1UG0xdjN3aEFKRkRyb2psWjBVTFZxSm1DSWhCTHlpNVN2SURPckZ2cGk4YUJCTmc5bGNhV1gwOEJDSFJ3MG93MUE1Um9ZZ2diNU1Pel9MUdIBlwFBVV95cUxQNU5BWUxITzFwWEgxa0JIekZKOTFKcnRhYTFXLUdFcldNaVNtY2I3WHpUZTU2cG5CdUxlWDk4d1VkUUdBYzd6VHp6MVY0ZzBadHhOYi1vbGcwTlRKU3NXNHVqWEJoZWxrY3I1eV9INUthLTk2eEZXQVlURHBEN190elN6c0F0aUR2b1Fxbkt4d1JzVVM2dkE4?oc=5"" target=""_blank"">But where is India’s economic growth?</a>&nbsp;&nbsp;<font color=""#6f6f6f"">The Statesman</font>",https://news.google.com/rss/articles/CBMikgFBVV95cUxNWWhXaFUydGsxa3VySFVHN1NmTzF1alBSN09mQzVKa01ubklzb0dsZ3R1TUItY082Y0x4RXN5Yi13dzU1UG0xdjN3aEFKRkRyb2psWjBVTFZxSm1DSWhCTHlpNVN2SURPckZ2cGk4YUJCTmc5bGNhV1gwOEJDSFJ3MG93MUE1Um9ZZ2diNU1Pel9MUdIBlwFBVV95cUxQNU5BWUxITzFwWEgxa0JIekZKOTFKcnRhYTFXLUdFcldNaVNtY2I3WHpUZTU2cG5CdUxlWDk4d1VkUUdBYzd6VHp6MVY0ZzBadHhOYi1vbGcwTlRKU3NXNHVqWEJoZWxrY3I1eV9INUthLTk2eEZXQVlURHBEN190elN6c0F0aUR2b1Fxbkt4d1JzVVM2dkE4?oc=5,"Wed, 02 Sep 2026 03:26:00 GMT",Indian economy,"But where is India’s economic growth? - The Statesman <a href=""https://news.google.com/rss/articles/CBMikgFBVV95cUxNWWhXaFUydGsxa3VySFVHN1NmTzF1alBSN09mQzVKa01ubklzb0dsZ3R1TUItY082Y0x4RXN5Yi13dzU1UG0xdjN3aEFKRkRyb2psWjBVTFZxSm1DSWhCTHlpNVN2SURPckZ2cGk4YUJCTmc5bGNhV1gwOEJDSFJ3MG93MUE1Um9ZZ2diNU1Pel9MUdIBlwFBVV95cUxQNU5BWUxITzFwWEgxa0JIekZKOTFKcnRhYTFXLUdFcldNaVNtY2I3WHpUZTU2cG5CdUxlWDk4d1VkUUdBYzd6VHp6MVY0ZzBadHhOYi1vbGcwTlRKU3NXNHVqWEJoZWxrY3I1eV9INUthLTk2eEZXQVlURHBEN190elN6c0F0aUR2b1Fxbkt4d1JzVVM2dkE4?oc=5"" target=""_blank"">But where is India’s economic growth?</a>&nbsp;&nbsp;<font color=""#6f6f6f"">The Statesman</font>",but where is india s economic growth the statesman but where is india s economic growth nbsp nbsp the statesman
Raghuram Rajan: India’s Jobs Crisis Needs a New Growth Model - Frontline Magazine,"<a href=""https://news.google.com/rss/articles/CBMivgFBVV95cUxNa2x0VGFxZFMxUW1Va2dDbTVjYkJBQVliTTZsV0luZGtubG1WRHdRWDRlcGQ3N05PSC1MaWk0QldRMTc3cG9nSVNmZXNuektqX1NPSGFJWHQ1UlRBYTQ4am8zQUJaSm5vdjcxXzRkS2ZMZHRhV2syNkxqM3l0clhFMFc2cEpubDJHX0VIZkpra3MzclZZbTItVVVhbUlyTjZyVW9VSWlCV3o5ZGZydmdDX0VXcDlPd2pHNjBVd2Jn0gHEAUFVX3lxTE5GaWxtWksxd3k3N0hodkNEQU1BTjJVUEtUSU1kaWx1VmFTb0U1V1V6UW01a01zdTltQVJ0UUk4eTFNZnVhUGhQQVktVzNhel85RnpTQzRGczY5TmRSZFFMQWQtX1lPbnRnWDVaajhTeVVWeUZsV3d3eVItX1dFOVVGRF9heUVfUnVaWnl4cXV5MnVzX0FyZ2V3ZVNyTUFSd0M2bERVQzdkcWxsMl9JbEtoQVpCSDZoMkJiUHhpNk5uVHZsMTQ?oc=5"" target=""_blank"">Raghuram Rajan: India’s Jobs Crisis Needs a New Growth Model</a>&nbsp;&nbsp;<font color=""#6f6f6f"">Frontline Magazine</font>",https://news.google.com/rss/articles/CBMivgFBVV95cUxNa2x0VGFxZFMxUW1Va2dDbTVjYkJBQVliTTZsV0luZGtubG1WRHdRWDRlcGQ3N05PSC1MaWk0QldRMTc3cG9nSVNmZXNuektqX1NPSGFJWHQ1UlRBYTQ4am8zQUJaSm5vdjcxXzRkS2ZMZHRhV2syNkxqM3l0clhFMFc2cEpubDJHX0VIZkpra3MzclZZbTItVVVhbUlyTjZyVW9VSWlCV3o5ZGZydmdDX0VXcDlPd2pHNjBVd2Jn0gHEAUFVX3lxTE5GaWxtWksxd3k3N0hodkNEQU1BTjJVUEtUSU1kaWx1VmFTb0U1V1V6UW01a01zdTltQVJ0UUk4eTFNZnVhUGhQQVktVzNhel85RnpTQzRGczY5TmRSZFFMQWQtX1lPbnRnWDVaajhTeVVWeUZsV3d3eVItX1dFOVVGRF9heUVfUnVaWnl4cXV5MnVzX0FyZ2V3ZVNyTUFSd0M2bERVQzdkcWxsMl9JbEtoQVpCSDZoMkJiUHhpNk5uVHZsMTQ?oc=5,"Tue, 01 Sep 2026 07:28:39 GMT",Indian economy,"Raghuram Rajan: India’s Jobs Crisis Needs a New Growth Model - Frontline Magazine <a href=""https://news.google.com/rss/articles/CBMivgFBVV95cUxNa2x0VGFxZFMxUW1Va2dDbTVjYkJBQVliTTZsV0luZGtubG1WRHdRWDRlcGQ3N05PSC1MaWk0QldRMTc3cG9nSVNmZXNuektqX1NPSGFJWHQ1UlRBYTQ4am8zQUJaSm5vdjcxXzRkS2ZMZHRhV2syNkxqM3l0clhFMFc2cEpubDJHX0VIZkpra3MzclZZbTItVVVhbUlyTjZyVW9VSWlCV3o5ZGZydmdDX0VXcDlPd2pHNjBVd2Jn0gHEAUFVX3lxTE5GaWxtWksxd3k3N0hodkNEQU1BTjJVUEtUSU1kaWx1VmFTb0U1V1V6UW01a01zdTltQVJ0UUk4eTFNZnVhUGhQQVktVzNhel85RnpTQzRGczY5TmRSZFFMQWQtX1lPbnRnWDVaajhTeVVWeUZsV3d3eVItX1dFOVVGRF9heUVfUnVaWnl4cXV5MnVzX0FyZ2V3ZVNyTUFSd0M2bERVQzdkcWxsMl9JbEtoQVpCSDZoMkJiUHhpNk5uVHZsMTQ?oc=5"" target=""_blank"">Raghuram Rajan: India’s Jobs Crisis Needs a New Growth Model</a>&nbsp;&nbsp;<font color=""#6f6f6f"">Frontline Magazine</font>",raghuram rajan india s jobs crisis needs a new growth model frontline magazine raghuram rajan india s jobs crisis needs a new growth model nbsp nbsp frontline magazine
But Where Is Indian Economic Growth? - swarajyamag.com,"<a href=""https://news.google.com/rss/articles/CBMieEFVX3lxTE9TbUptZjJlakNMek56OU5XMml3M05oaEZoekJUcE9mZEpBQnBZU3hhVW1ld3QteUx6bkFDSEJPU3gxSzhacE91M1p6TWJMYU94V0tZQnVqeFNLdS1tM3pOMnRXa3d4ZXA0YzRXZnBVNnd1NFFjbXhHbtIBiAFBVV95cUxOeUdBR1lSNTFLVGlxUDVfa0FxeWxDcUVfUDZmUzl6c3lTZWNEZVpYeWw1RFRGVXZIeDRLOW1PRWJVQkZxcWVuZjIzMlIwczJzN3VtaVZGMHJNbE5SeGJpeEw4eE5iX1BkTFVYbXlaZXhZMFQ2OS1rTy0wV1BoZ1hKNDN1VzBPTHBq?oc=5"" target=""_blank"">But Where Is Indian Economic Growth?</a>&nbsp;&nbsp;<font color=""#6f6f6f"">swarajyamag.com</font>",https://news.google.com/rss/articles/CBMieEFVX3lxTE9TbUptZjJlakNMek56OU5XMml3M05oaEZoekJUcE9mZEpBQnBZU3hhVW1ld3QteUx6bkFDSEJPU3gxSzhacE91M1p6TWJMYU94V0tZQnVqeFNLdS1tM3pOMnRXa3d4ZXA0YzRXZnBVNnd1NFFjbXhHbtIBiAFBVV95cUxOeUdBR1lSNTFLVGlxUDVfa0FxeWxDcUVfUDZmUzl6c3lTZWNEZVpYeWw1RFRGVXZIeDRLOW1PRWJVQkZxcWVuZjIzMlIwczJzN3VtaVZGMHJNbE5SeGJpeEw4eE5iX1BkTFVYbXlaZXhZMFQ2OS1rTy0wV1BoZ1hKNDN1VzBPTHBq?oc=5,"Tue, 01 Sep 2026 07:49:15 GMT",Indian economy,"But Where Is Indian Economic Growth? - swarajyamag.com <a href=""https://news.google.com/rss/articles/CBMieEFVX3lxTE9TbUptZjJlakNMek56OU5XMml3M05oaEZoekJUcE9mZEpBQnBZU3hhVW1ld3QteUx6bkFDSEJPU3gxSzhacE91M1p6TWJMYU94V0tZQnVqeFNLdS1tM3pOMnRXa3d4ZXA0YzRXZnBVNnd1NFFjbXhHbtIBiAFBVV95cUxOeUdBR1lSNTFLVGlxUDVfa0FxeWxDcUVfUDZmUzl6c3lTZWNEZVpYeWw1RFRGVXZIeDRLOW1PRWJVQkZxcWVuZjIzMlIwczJzN3VtaVZGMHJNbE5SeGJpeEw4eE5iX1BkTFVYbXlaZXhZMFQ2OS1rTy0wV1BoZ1hKNDN1VzBPTHBq?oc=5"" target=""_blank"">But Where Is Indian Economic Growth?</a>&nbsp;&nbsp;<font color=""#6f6f6f"">swarajyamag.com</font>",but where is indian economic growth swarajyamag com but where is indian economic growth nbsp nbsp swarajyamag com
VIEW India's GDP grows better-than-expected at 7.8% in April-June - Reuters,"<a href=""https://news.google.com/rss/articles/CBMiiwFBVV95cUxNd3pJY2JhQ3prT1M1ZnJkQ3RXa21UMHQ5N2VMV2JKbzRId0t4bkttRUY2ZmZfbmJ0UENmd21nUVBqallrN2VpQ3BEcnNHNXhWWmdaWEhLbXdBNlNfbkZWSVZKb2dVR3BoSnBrNEVKUG1QYkZGcVBIY2NSM2RTTlY5c1dXaXQtNWY0eEtF?oc=5"" target=""_blank"">VIEW India's GDP grows better-than-expected at 7.8% in April-June</a>&nbsp;&nbsp;<font color=""#6f6f6f"">Reuters</font>",https://news.google.com/rss/articles/CBMiiwFBVV95cUxNd3pJY2JhQ3prT1M1ZnJkQ3RXa21UMHQ5N2VMV2JKbzRId0t4bkttRUY2ZmZfbmJ0UENmd21nUVBqallrN2VpQ3BEcnNHNXhWWmdaWEhLbXdBNlNfbkZWSVZKb2dVR3BoSnBrNEVKUG1QYkZGcVBIY2NSM2RTTlY5c1dXaXQtNWY0eEtF?oc=5,"Mon, 31 Aug 2026 11:38:11 GMT",Indian economy,"VIEW India's GDP grows better-than-expected at 7.8% in April-June - Reuters <a href=""https://news.google.com/rss/articles/CBMiiwFBVV95cUxNd3pJY2JhQ3prT1M1ZnJkQ3RXa21UMHQ5N2VMV2JKbzRId0t4bkttRUY2ZmZfbmJ0UENmd21nUVBqallrN2VpQ3BEcnNHNXhWWmdaWEhLbXdBNlNfbkZWSVZKb2dVR3BoSnBrNEVKUG1QYkZGcVBIY2NSM2RTTlY5c1dXaXQtNWY0eEtF?oc=5"" target=""_blank"">VIEW India's GDP grows better-than-expected at 7.8% in April-June</a>&nbsp;&nbsp;<font color=""#6f6f6f"">Reuters</font>",view india s gdp grows better than expected at 7 8 in april june reuters view india s gdp grows better than expected at 7 8 in april june nbsp nbsp reuters
Why India’s 7.8% GDP growth in Q1 stands out: 5 reasons - Firstpost,"<a href=""https://news.google.com/rss/articles/CBMihAFBVV95cUxOenRFMUlRMFpzRDk1VGN2bkd2UzJ4UXhyRUk1UzJJZWJZLUVnNld5cEkwSDZQakxpUXlaZ0NiT3IyV0IyRDZIWGljakJfMmF4QWQ3aTJUS0VEaHhNSjZ6OHhjcDNwQ3dYblh6azdSMVFkVHJqSm5UYjVFSUVCekk2OC03YXg?oc=5"" target=""_blank"">Why India’s 7.8% GDP growth in Q1 stands out: 5 reasons</a>&nbsp;&nbsp;<font color=""#6f6f6f"">Firstpost</font>",https://news.google.com/rss/articles/CBMihAFBVV95cUxOenRFMUlRMFpzRDk1VGN2bkd2UzJ4UXhyRUk1UzJJZWJZLUVnNld5cEkwSDZQakxpUXlaZ0NiT3IyV0IyRDZIWGljakJfMmF4QWQ3aTJUS0VEaHhNSjZ6OHhjcDNwQ3dYblh6azdSMVFkVHJqSm5UYjVFSUVCekk2OC03YXg?oc=5,"Wed, 02 Sep 2026 06:28:12 GMT",Indian economy,"Why India’s 7.8% GDP growth in Q1 stands out: 5 reasons - Firstpost <a href=""https://news.google.com/rss/articles/CBMihAFBVV95cUxOenRFMUlRMFpzRDk1VGN2bkd2UzJ4UXhyRUk1UzJJZWJZLUVnNld5cEkwSDZQakxpUXlaZ0NiT3IyV0IyRDZIWGljakJfMmF4QWQ3aTJUS0VEaHhNSjZ6OHhjcDNwQ3dYblh6azdSMVFkVHJqSm5UYjVFSUVCekk2OC03YXg?oc=5"" target=""_blank"">Why India’s 7.8% GDP growth in Q1 stands out: 5 reasons</a>&nbsp;&nbsp;<font color=""#6f6f6f"">Firstpost</font>",why india s 7 8 gdp growth in q1 stands out 5 reasons firstpost why india s 7 8 gdp growth in q1 stands out 5 reasons nbsp nbsp firstpost
"Kharge dismisses Modi’s GDP video as ‘PR on economy’, flags rise in prices - Nagaland Post","<a href=""https://news.google.com/rss/articles/CBMinAFBVV95cUxQcHFZZVNjUmFZS1E0bTV2X1ZEellCRkRTSjktd2dHQnBadm5NM09kN1lzV05aZzdrLWJEVERDVGp5cDVBVnZPNUFKaXlzQS1FTFlHSnBDRFc0X1hOWTl2WXNvbExDaWR3ZDdndUhYUTktMTRpRlZNVkxibzhuNGs3WDZrcWlQODY4M1I0ZnVNYnRJM09PQ1BOYV9Ua2g?oc=5"" target=""_blank"">Kharge dismisses Modi’s GDP video as ‘PR on economy’, flags rise in prices</a>&nbsp;&nbsp;<font color=""#6f6f6f"">Nagaland Post</font>",https://news.google.com/rss/articles/CBMinAFBVV95cUxQcHFZZVNjUmFZS1E0bTV2X1ZEellCRkRTSjktd2dHQnBadm5NM09kN1lzV05aZzdrLWJEVERDVGp5cDVBVnZPNUFKaXlzQS1FTFlHSnBDRFc0X1hOWTl2WXNvbExDaWR3ZDdndUhYUTktMTRpRlZNVkxibzhuNGs3WDZrcWlQODY4M1I0ZnVNYnRJM09PQ1BOYV9Ua2g?oc=5,"Wed, 02 Sep 2026 06:40:57 GMT",Indian economy,"Kharge dismisses Modi’s GDP video as ‘PR on economy’, flags rise in prices - Nagaland Post <a href=""https://news.google.com/rss/articles/CBMinAFBVV95cUxQcHFZZVNjUmFZS1E0bTV2X1ZEellCRkRTSjktd2dHQnBadm5NM09kN1lzV05aZzdrLWJEVERDVGp5cDVBVnZPNUFKaXlzQS1FTFlHSnBDRFc0X1hOWTl2WXNvbExDaWR3ZDdndUhYUTktMTRpRlZNVkxibzhuNGs3WDZrcWlQODY4M1I0ZnVNYnRJM09PQ1BOYV9Ua2g?oc=5"" target=""_blank"">Kharge dismisses Modi’s GDP video as ‘PR on economy’, flags rise in prices</a>&nbsp;&nbsp;<font color=""#6f6f6f"">Nagaland Post</font>",kharge dismisses modi s gdp video as pr on economy flags rise in prices nagaland post kharge dismisses modi s gdp video as pr on economy flags rise in prices nbsp nbsp nagaland post
7.8% GDP growth exposes ‘dead economy’ narrative: Gaurav - Daily Excelsior,"<a href=""https://news.google.com/rss/articles/CBMikgFBVV95cUxQUlc3YUxzQ3RmdzZZNG9GS2k4T0NuZVNvUk50UUFsN1VnN3pabTVGZDJ0STFncEhlNHVPQUMtTmtDYlRybDNJY3Z2bWt1UGFYNHNwM2R3SzZreUE0RGlMay05bjhZaFdjY0EzdmNRVjk3YkNOaDdEXzJEai1Id1RLc2NVQmdqZXkyNExUXzB0ME02d9IBkgFBVV95cUxQUlc3YUxzQ3RmdzZZNG9GS2k4T0NuZVNvUk50UUFsN1VnN3pabTVGZDJ0STFncEhlNHVPQUMtTmtDYlRybDNJY3Z2bWt1UGFYNHNwM2R3SzZreUE0RGlMay05bjhZaFdjY0EzdmNRVjk3YkNOaDdEXzJEai1Id1RLc2NVQmdqZXkyNExUXzB0ME02dw?oc=5"" target=""_blank"">7.8% GDP growth exposes ‘dead economy’ narrative: Gaurav</a>&nbsp;&nbsp;<font color=""#6f6f6f"">Daily Excelsior</font>",https://news.google.com/rss/articles/CBMikgFBVV95cUxQUlc3YUxzQ3RmdzZZNG9GS2k4T0NuZVNvUk50UUFsN1VnN3pabTVGZDJ0STFncEhlNHVPQUMtTmtDYlRybDNJY3Z2bWt1UGFYNHNwM2R3SzZreUE0RGlMay05bjhZaFdjY0EzdmNRVjk3YkNOaDdEXzJEai1Id1RLc2NVQmdqZXkyNExUXzB0ME02d9IBkgFBVV95cUxQUlc3YUxzQ3RmdzZZNG9GS2k4T0NuZVNvUk50UUFsN1VnN3pabTVGZDJ0STFncEhlNHVPQUMtTmtDYlRybDNJY3Z2bWt1UGFYNHNwM2R3SzZreUE0RGlMay05bjhZaFdjY0EzdmNRVjk3YkNOaDdEXzJEai1Id1RLc2NVQmdqZXkyNExUXzB0ME02dw?oc=5,"Tue, 01 Sep 2026 23:58:46 GMT",Indian economy,"7.8% GDP growth exposes ‘dead economy’ narrative: Gaurav - Daily Excelsior <a href=""https://news.google.com/rss/articles/CBMikgFBVV95cUxQUlc3YUxzQ3RmdzZZNG9GS2k4T0NuZVNvUk50UUFsN1VnN3pabTVGZDJ0STFncEhlNHVPQUMtTmtDYlRybDNJY3Z2bWt1UGFYNHNwM2R3SzZreUE0RGlMay05bjhZaFdjY0EzdmNRVjk3YkNOaDdEXzJEai1Id1RLc2NVQmdqZXkyNExUXzB0ME02d9IBkgFBVV95cUxQUlc3YUxzQ3RmdzZZNG9GS2k4T0NuZVNvUk50UUFsN1VnN3pabTVGZDJ0STFncEhlNHVPQUMtTmtDYlRybDNJY3Z2bWt1UGFYNHNwM2R3SzZreUE0RGlMay05bjhZaFdjY0EzdmNRVjk3YkNOaDdEXzJEai1Id1RLc2NVQmdqZXkyNExUXzB0ME02dw?oc=5"" target=""_blank"">7.8% GDP growth exposes ‘dead economy’ narrative: Gaurav</a>&nbsp;&nbsp;<font color=""#6f6f6f"">Daily Excelsior</font>",7 8 gdp growth exposes dead economy narrative gaurav daily excelsior 7 8 gdp growth exposes dead economy narrative gaurav nbsp nbsp daily excelsior
7.8% Q1 growth shows Indian economy has absorbed oil shock as domestic demand cushions global headwinds - ThePrint,"<a href=""https://news.google.com/rss/articles/CBMi1gFBVV95cUxPWndxMUNHb2xncjVaZ0xNRDJLU29GbDRPR1MzenFIU2tXdmVDYlFCV0lXbkItaVBhcmR5NExvQXBFRHJZUlV1YzFTd21hMnNYV2F3dHROMDRVMWl6MUpqaDlWbWR6MkxsajgtUVJ6eV9uQ2J3cEd5Y2FHWUJOUzVhMmZYRGZ5ekk3TkJpdHVtc19jUFczQzBZZGM4RTcwaGQ2eDBJOE04a1NET0hpdjAyVG5NSHdGLUxqWjhPZTl6TEF6dEJSSGZDX3JhVHhINGQzZ0xjQmR30gHbAUFVX3lxTE13M0lYUUoyZVM3QTFRN1dsLVA4UXhjbkd3NVFTVmJBLXIwcnd3U19PODJONElET2FXWWc5d3dGY0MtVWtqZFNIYjhSTHRQMmdYWUZMeUs1eXBydnc1ZEFkbDVSbExzMXRTWFB6d2lmUjhhRXNvX0NoMlRZOF9RdDNRS2ZOaW45dDNBb0RRS1JodW11Vms3ekFiM3Zyc0RUN1gxcDZCLVFlakpwM3NCVjBkb3kwTlloUWpPallWRy1TU3o3Rmtwa2JhbnB6ek5pc3lCblJsdVl4RTEzMA?oc=5"" target=""_blank"">7.8% Q1 growth shows Indian economy has absorbed oil shock as domestic demand cushions global headwinds</a>&nbsp;&nbsp;<font color=""#6f6f6f"">ThePrint</font>",https://news.google.com/rss/articles/CBMi1gFBVV95cUxPWndxMUNHb2xncjVaZ0xNRDJLU29GbDRPR1MzenFIU2tXdmVDYlFCV0lXbkItaVBhcmR5NExvQXBFRHJZUlV1YzFTd21hMnNYV2F3dHROMDRVMWl6MUpqaDlWbWR6MkxsajgtUVJ6eV9uQ2J3cEd5Y2FHWUJOUzVhMmZYRGZ5ekk3TkJpdHVtc19jUFczQzBZZGM4RTcwaGQ2eDBJOE04a1NET0hpdjAyVG5NSHdGLUxqWjhPZTl6TEF6dEJSSGZDX3JhVHhINGQzZ0xjQmR30gHbAUFVX3lxTE13M0lYUUoyZVM3QTFRN1dsLVA4UXhjbkd3NVFTVmJBLXIwcnd3U19PODJONElET2FXWWc5d3dGY0MtVWtqZFNIYjhSTHRQMmdYWUZMeUs1eXBydnc1ZEFkbDVSbExzMXRTWFB6d2lmUjhhRXNvX0NoMlRZOF9RdDNRS2ZOaW45dDNBb0RRS1JodW11Vms3ekFiM3Zyc0RUN1gxcDZCLVFlakpwM3NCVjBkb3kwTlloUWpPallWRy1TU3o3Rmtwa2JhbnB6ek5pc3lCblJsdVl4RTEzMA?oc=5,"Mon, 31 Aug 2026 14:28:37 GMT",Indian economy,"7.8% Q1 growth shows Indian economy has absorbed oil shock as domestic demand cushions global headwinds - ThePrint <a href=""https://news.google.com/rss/articles/CBMi1gFBVV95cUxPWndxMUNHb2xncjVaZ0xNRDJLU29GbDRPR1MzenFIU2tXdmVDYlFCV0lXbkItaVBhcmR5NExvQXBFRHJZUlV1YzFTd21hMnNYV2F3dHROMDRVMWl6MUpqaDlWbWR6MkxsajgtUVJ6eV9uQ2J3cEd5Y2FHWUJOUzVhMmZYRGZ5ekk3TkJpdHVtc19jUFczQzBZZGM4RTcwaGQ2eDBJOE04a1NET0hpdjAyVG5NSHdGLUxqWjhPZTl6TEF6dEJSSGZDX3JhVHhINGQzZ0xjQmR30gHbAUFVX3lxTE13M0lYUUoyZVM3QTFRN1dsLVA4UXhjbkd3NVFTVmJBLXIwcnd3U19PODJONElET2FXWWc5d3dGY0MtVWtqZFNIYjhSTHRQMmdYWUZMeUs1eXBydnc1ZEFkbDVSbExzMXRTWFB6d2lmUjhhRXNvX0NoMlRZOF9RdDNRS2ZOaW45dDNBb0RRS1JodW11Vms3ekFiM3Zyc0RUN1gxcDZCLVFlakpwM3NCVjBkb3kwTlloUWpPallWRy1TU3o3Rmtwa2JhbnB6ek5pc3lCblJsdVl4RTEzMA?oc=5"" target=""_blank"">7.8% Q1 growth shows Indian economy has absorbed oil shock as domestic demand cushions global headwinds</a>&nbsp;&nbsp;<font color=""#6f6f6f"">ThePrint</font>",7 8 q1 growth shows indian economy has absorbed oil shock as domestic demand cushions global headwinds theprint 7 8 q1 growth shows indian economy has absorbed oil shock as domestic demand cushions global headwinds nbsp nbsp theprint
Finance Minister Nirmala Sitharaman meets IMF chief Georgieva - ET BFSI,"<a href=""https://news.google.com/rss/articles/CBMivwFBVV95cUxQclpfMEZ0cnFxaUVjTTNIZTJmX1FXeTl4ZjIzVzVjZWRwcjdkdExqdDlOeWg2MnkyREJNYXdjQUN5dWRkYnlBREdxNHotejFWWVVuaTVYbC1xY0owVG1qZnVMMFFVcDRPWE51ZXJSb1hUaU5JRTl2OXIzUUNLR19jREpuT1ZrM0tMVDdUR1RSWFlrd0NJRGE3VXlFTVNRenZYMmg3Y01nSHpIaVRycDB5OEZvSER1Q3V5b3lLWE1UWQ?oc=5"" target=""_blank"">Finance Minister Nirmala Sitharaman meets IMF chief Georgieva</a>&nbsp;&nbsp;<font color=""#6f6f6f"">ET BFSI</font>",https://news.google.com/rss/articles/CBMivwFBVV95cUxQclpfMEZ0cnFxaUVjTTNIZTJmX1FXeTl4ZjIzVzVjZWRwcjdkdExqdDlOeWg2MnkyREJNYXdjQUN5dWRkYnlBREdxNHotejFWWVVuaTVYbC1xY0owVG1qZnVMMFFVcDRPWE51ZXJSb1hUaU5JRTl2OXIzUUNLR19jREpuT1ZrM0tMVDdUR1RSWFlrd0NJRGE3VXlFTVNRenZYMmg3Y01nSHpIaVRycDB5OEZvSER1Q3V5b3lLWE1UWQ?oc=5,"Wed, 02 Sep 2026 03:54:36 GMT",Indian economy,"Finance Minister Nirmala Sitharaman meets IMF chief Georgieva - ET BFSI <a href=""https://news.google.com/rss/articles/CBMivwFBVV95cUxQclpfMEZ0cnFxaUVjTTNIZTJmX1FXeTl4ZjIzVzVjZWRwcjdkdExqdDlOeWg2MnkyREJNYXdjQUN5dWRkYnlBREdxNHotejFWWVVuaTVYbC1xY0owVG1qZnVMMFFVcDRPWE51ZXJSb1hUaU5JRTl2OXIzUUNLR19jREpuT1ZrM0tMVDdUR1RSWFlrd0NJRGE3VXlFTVNRenZYMmg3Y01nSHpIaVRycDB5OEZvSER1Q3V5b3lLWE1UWQ?oc=5"" target=""_blank"">Finance Minister Nirmala Sitharaman meets IMF chief Georgieva</a>&nbsp;&nbsp;<font color=""#6f6f6f"">ET BFSI</font>",finance minister nirmala sitharaman meets imf chief georgieva et bfsi finance minister nirmala sitharaman meets imf chief georgieva nbsp nbsp et bfsi
India’s economy set for 7-7.2% growth in FY27 despite global headwinds: EY - The Times of India,"<a href=""https://news.google.com/rss/articles/CBMi7gFBVV95cUxOYzROaUFfNVRHT0Jyd2JYRUlLSlZYREFzcUVWV0dZTEl5VHNDM0dsaEtRSDFWVmNReTFVSExMWnJhSDJ5cktERlZ5d0c4SUlkdHNBM1NUUTZkTGtyREl1QVJtTlJIbl9faTNnd1hhVTRoZld0cUdHTUlmRzNQdFRKUXhmdjg4THpLV1FsRG1VOW5nY09TdFR6LVNWU3NwNkFaXzNEYlEydFpCWnA0LVF3Njg3VUxpbmw4cWhfbHJVbUZlSVk5TnZod3hJaVlMTDRIUjI1RGd2ZUlaX3VkdFhLR2xkWXdEaHdwV2VWVDZB0gHzAUFVX3lxTFBpaDFGUG04VlJlSy1mck96YmV6d0tCWFdMV0JvR3lvX3YxQ0dSUWhsRVB0QmJRWHQ2MGhVd3FDbDR0RUIyUVNqMWwxckUyeUdaa0dkY3VBenhCZV9Jb0FGZ3dSUXdRQ2NtTVI5eVloZkhPQlFmdkMzMzJEbDJzNHdBWFRfbDRyazRxdUE3Ym8weVk4X0R5ZXN2WEo3dzU3NWxQVjYxMmI2aFpZQk5jb2E5bFEyYTFvWmRid3FzeHV6Q2lOQmk5NExEQWM2cHFYQW92T25jaDVxTmRDMjBVN2wwM0hYWkZpNnBDQ2lScjV6dHNXNA?oc=5"" target=""_blank"">India’s economy set for 7-7.2% growth in FY27 despite global headwinds: EY</a>&nbsp;&nbsp;<font color=""#6f6f6f"">The Times of India</font>",https://news.google.com/rss/articles/CBMi7gFBVV95cUxOYzROaUFfNVRHT0Jyd2JYRUlLSlZYREFzcUVWV0dZTEl5VHNDM0dsaEtRSDFWVmNReTFVSExMWnJhSDJ5cktERlZ5d0c4SUlkdHNBM1NUUTZkTGtyREl1QVJtTlJIbl9faTNnd1hhVTRoZld0cUdHTUlmRzNQdFRKUXhmdjg4THpLV1FsRG1VOW5nY09TdFR6LVNWU3NwNkFaXzNEYlEydFpCWnA0LVF3Njg3VUxpbmw4cWhfbHJVbUZlSVk5TnZod3hJaVlMTDRIUjI1RGd2ZUlaX3VkdFhLR2xkWXdEaHdwV2VWVDZB0gHzAUFVX3lxTFBpaDFGUG04VlJlSy1mck96YmV6d0tCWFdMV0JvR3lvX3YxQ0dSUWhsRVB0QmJRWHQ2MGhVd3FDbDR0RUIyUVNqMWwxckUyeUdaa0dkY3VBenhCZV9Jb0FGZ3dSUXdRQ2NtTVI5eVloZkhPQlFmdkMzMzJEbDJzNHdBWFRfbDRyazRxdUE3Ym8weVk4X0R5ZXN2WEo3dzU3NWxQVjYxMmI2aFpZQk5jb2E5bFEyYTFvWmRid3FzeHV6Q2lOQmk5NExEQWM2cHFYQW92T25jaDVxTmRDMjBVN2wwM0hYWkZpNnBDQ2lScjV6dHNXNA?oc=5,"Sun, 30 Aug 2026 10:12:00 GMT",Indian economy,"India’s economy set for 7-7.2% growth in FY27 despite global headwinds: EY - The Times of India <a href=""https://news.google.com/rss/articles/CBMi7gFBVV95cUxOYzROaUFfNVRHT0Jyd2JYRUlLSlZYREFzcUVWV0dZTEl5VHNDM0dsaEtRSDFWVmNReTFVSExMWnJhSDJ5cktERlZ5d0c4SUlkdHNBM1NUUTZkTGtyREl1QVJtTlJIbl9faTNnd1hhVTRoZld0cUdHTUlmRzNQdFRKUXhmdjg4THpLV1FsRG1VOW5nY09TdFR6LVNWU3NwNkFaXzNEYlEydFpCWnA0LVF3Njg3VUxpbmw4cWhfbHJVbUZlSVk5TnZod3hJaVlMTDRIUjI1RGd2ZUlaX3VkdFhLR2xkWXdEaHdwV2VWVDZB0gHzAUFVX3lxTFBpaDFGUG04VlJlSy1mck96YmV6d0tCWFdMV0JvR3lvX3YxQ0dSUWhsRVB0QmJRWHQ2MGhVd3FDbDR0RUIyUVNqMWwxckUyeUdaa0dkY3VBenhCZV9Jb0FGZ3dSUXdRQ2NtTVI5eVloZkhPQlFmdkMzMzJEbDJzNHdBWFRfbDRyazRxdUE3Ym8weVk4X0R5ZXN2WEo3dzU3NWxQVjYxMmI2aFpZQk5jb2E5bFEyYTFvWmRid3FzeHV6Q2lOQmk5NExEQWM2cHFYQW92T25jaDVxTmRDMjBVN2wwM0hYWkZpNnBDQ2lScjV6dHNXNA?oc=5"" target=""_blank"">India’s economy set for 7-7.2% growth in FY27 despite global headwinds: EY</a>&nbsp;&nbsp;<font color=""#6f6f6f"">The Times of India</font>",india s economy set for 7 7 2 growth in fy27 despite global headwinds ey the times of india india s economy set for 7 7 2 growth in fy27 despite global headwinds ey nbsp nbsp the times of india
Rajiv Kumar: 'Give Credit to Where It Is Due' on Indian Economy's Growth - India Today - India Today,"<a href=""https://news.google.com/rss/articles/CBMizwFBVV95cUxQaGJoTTE1YVVpU24yUVZZUTBNWDY4UWhFRlViZnpjMS0yTlJxMzlHdXR0NGRzOGF4WllfZlByOE9xd2hYSXZ5Qm5BeWVEV1pBRC10cXNiYjRpY0RXbXlOT3h4bHgyeElXVGdYd1NJREFNOFNfdG8wVXBkeUdnMmRwUFdlWUwwTlFLbDJTYk0xMmlvMEllMWdWS09keUEtWUUxZ0t4dHNzdVoyVWRuaHRLZWtVOHdYN2EzTmFYREV3NEhydmkxVEM2UmtRYWNRUWPSAc8BQVVfeXFMUGhiaE0xNWFVaVNuMlFWWVEwTVg2OFFoRUZVYmZ6YzEtMk5ScTM5R3V0dDRkczhheFpZX2ZQcjhPcXdoWEl2eUJuQXllRFdaQUQtdHFzYmI0aWNEV215Tk94eGx4MnhJV1RnWHdTSURBTThTX3RvMFVwZHlHZzJkcFBXZVlMME5RS2wyU2JNMTJpbzBJZTFnVktPZHlBLVlFMWdLeHRzc3VaMlVkbmh0S2VrVTh3WDdhM05hWERFdzRIcnZpMVRDNlJrUWFjUVFj?oc=5"" target=""_blank"">Rajiv Kumar: 'Give Credit to Where It Is Due' on Indian Economy's Growth - India Today</a>&nbsp;&nbsp;<font color=""#6f6f6f"">India Today</font>",https://news.google.com/rss/articles/CBMizwFBVV95cUxQaGJoTTE1YVVpU24yUVZZUTBNWDY4UWhFRlViZnpjMS0yTlJxMzlHdXR0NGRzOGF4WllfZlByOE9xd2hYSXZ5Qm5BeWVEV1pBRC10cXNiYjRpY0RXbXlOT3h4bHgyeElXVGdYd1NJREFNOFNfdG8wVXBkeUdnMmRwUFdlWUwwTlFLbDJTYk0xMmlvMEllMWdWS09keUEtWUUxZ0t4dHNzdVoyVWRuaHRLZWtVOHdYN2EzTmFYREV3NEhydmkxVEM2UmtRYWNRUWPSAc8BQVVfeXFMUGhiaE0xNWFVaVNuMlFWWVEwTVg2OFFoRUZVYmZ6YzEtMk5ScTM5R3V0dDRkczhheFpZX2ZQcjhPcXdoWEl2eUJuQXllRFdaQUQtdHFzYmI0aWNEV215Tk94eGx4MnhJV1RnWHdTSURBTThTX3RvMFVwZHlHZzJkcFBXZVlMME5RS2wyU2JNMTJpbzBJZTFnVktPZHlBLVlFMWdLeHRzc3VaMlVkbmh0S2VrVTh3WDdhM05hWERFdzRIcnZpMVRDNlJrUWFjUVFj?oc=5,"Tue, 01 Sep 2026 14:38:25 GMT",Indian economy,"Rajiv Kumar: 'Give Credit to Where It Is Due' on Indian Economy's Growth - India Today - India Today <a href=""https://news.google.com/rss/articles/CBMizwFBVV95cUxQaGJoTTE1YVVpU24yUVZZUTBNWDY4UWhFRlViZnpjMS0yTlJxMzlHdXR0NGRzOGF4WllfZlByOE9xd2hYSXZ5Qm5BeWVEV1pBRC10cXNiYjRpY0RXbXlOT3h4bHgyeElXVGdYd1NJREFNOFNfdG8wVXBkeUdnMmRwUFdlWUwwTlFLbDJTYk0xMmlvMEllMWdWS09keUEtWUUxZ0t4dHNzdVoyVWRuaHRLZWtVOHdYN2EzTmFYREV3NEhydmkxVEM2UmtRYWNRUWPSAc8BQVVfeXFMUGhiaE0xNWFVaVNuMlFWWVEwTVg2OFFoRUZVYmZ6YzEtMk5ScTM5R3V0dDRkczhheFpZX2ZQcjhPcXdoWEl2eUJuQXllRFdaQUQtdHFzYmI0aWNEV215Tk94eGx4MnhJV1RnWHdTSURBTThTX3RvMFVwZHlHZzJkcFBXZVlMME5RS2wyU2JNMTJpbzBJZTFnVktPZHlBLVlFMWdLeHRzc3VaMlVkbmh0S2VrVTh3WDdhM05hWERFdzRIcnZpMVRDNlJrUWFjUVFj?oc=5"" target=""_blank"">Rajiv Kumar: 'Give Credit to Where It Is Due' on Indian Economy's Growth - India Today</a>&nbsp;&nbsp;<font color=""#6f6f6f"">India Today</font>",rajiv kumar give credit to where it is due on indian economy s growth india today india today rajiv kumar give credit to where it is due on indian economy s growth india today nbsp nbsp india today
"Dell, Palo Alto, Credo Technology, MongoDB, GitLab: Why These 5 Stocks Are on Investors' Radars Today - TradingView","<a href=""https://news.google.com/rss/articles/CBMi6gFBVV95cUxPSWUwejNyMU8xbkt6aHJpQTlELVVBaHdlMVVhdjVFNUhzSUMtMkljWFJCejVSUHRzLVZoTmRGMUJkUndmVkZSSWV3OU5RekpRUXd6WURJdmR1eXEwUTY3bDdCSjZpV2pLZEo1eWtreHBsMDc5SUR0NlRCWjNKOTRaZlBETXBwTndLazBXek5lLTVhd2t6c2F0ZmlpQzdOWndaTkZCSF9fRUE3R1h1UE5zdkFkVWRIZzlGSUVfX1E0OGFDeVpkS0pwNWp3N0xlYU5SdEpPcDl1NHhGM0JOcGN1aTVLd1IzOGg1eUE?oc=5"" target=""_blank"">Dell, Palo Alto, Credo Technology, MongoDB, GitLab: Why These 5 Stocks Are on Investors' Radars Today</a>&nbsp;&nbsp;<font color=""#6f6f6f"">TradingView</font>",https://news.google.com/rss/articles/CBMi6gFBVV95cUxPSWUwejNyMU8xbkt6aHJpQTlELVVBaHdlMVVhdjVFNUhzSUMtMkljWFJCejVSUHRzLVZoTmRGMUJkUndmVkZSSWV3OU5RekpRUXd6WURJdmR1eXEwUTY3bDdCSjZpV2pLZEo1eWtreHBsMDc5SUR0NlRCWjNKOTRaZlBETXBwTndLazBXek5lLTVhd2t6c2F0ZmlpQzdOWndaTkZCSF9fRUE3R1h1UE5zdkFkVWRIZzlGSUVfX1E0OGFDeVpkS0pwNWp3N0xlYU5SdEpPcDl1NHhGM0JOcGN1aTVLd1IzOGg1eUE?oc=5,"Wed, 02 Sep 2026 01:29:53 GMT",technology stocks,"Dell, Palo Alto, Credo Technology, MongoDB, GitLab: Why These 5 Stocks Are on Investors' Radars Today - TradingView <a href=""https://news.google.com/rss/articles/CBMi6gFBVV95cUxPSWUwejNyMU8xbkt6aHJpQTlELVVBaHdlMVVhdjVFNUhzSUMtMkljWFJCejVSUHRzLVZoTmRGMUJkUndmVkZSSWV3OU5RekpRUXd6WURJdmR1eXEwUTY3bDdCSjZpV2pLZEo1eWtreHBsMDc5SUR0NlRCWjNKOTRaZlBETXBwTndLazBXek5lLTVhd2t6c2F0ZmlpQzdOWndaTkZCSF9fRUE3R1h1UE5zdkFkVWRIZzlGSUVfX1E0OGFDeVpkS0pwNWp3N0xlYU5SdEpPcDl1NHhGM0JOcGN1aTVLd1IzOGg1eUE?oc=5"" target=""_blank"">Dell, Palo Alto, Credo Technology, MongoDB, GitLab: Why These 5 Stocks Are on Investors' Radars Today</a>&nbsp;&nbsp;<font color=""#6f6f6f"">TradingView</font>",dell palo alto credo technology mongodb gitlab why these 5 stocks are on investors radars today tradingview dell palo alto credo technology mongodb gitlab why these 5 stocks are on investors radars today nbsp nbsp tradingview
"IT Stocks In Red: Infosys, TCS, Persistent, Coforge, Others Drag Nifty IT Index Over 2% - NDTV Profit","<a href=""https://news.google.com/rss/articles/CBMiwwFBVV95cUxNZV91ZF9WMkhheTd3MEJrLXJaQ3lSNTA1NnNGWmlGZ0N1cjU3QWx1RkJMOGtwNE5ySEZ0WUJGMTdTNHpjYUdNa1pTVVNkM1VGS2p3Qy1kRnRRZUl1bWdXMldaNEpEOTFmb042UTZZTHRtcVE5cDJKcm9nVTkxMXlDanVLUk8wYVRvQm12ekstelZadmloQU9JZU5tc0lnOXhzenlCbHV4U1ZpRHJvYjFmRi01Y3JRMjFMUnJnSXIxSFlZYUnSAcsBQVVfeXFMTXRoTWhKaEdiRnN4SXdwX0Zna0xvM3FSVUxkUDhYb3VnaW1uRFBSNTFoTHpyRG45Wlgwb1BNNnFTbnBvdDZKMmxsZVl1dWFZcWNkOW1ZeE84Ym9EUmpvT2M0aUkxR1BNR1dKU0w0c3pfNXRGR0tkU3dzaG5BWnZybDc3WjlUY0s5elpuRGN3RzlMWEx6cF9nM2MtY3l3bWo2NEVhRHFsY1U1cTlkU3dUVjRpcWRjc0tBY2hpN0RBcG1Sbk53NWdPXzZEaE0?oc=5"" target=""_blank"">IT Stocks In Red: Infosys, TCS, Persistent, Coforge, Others Drag Nifty IT Index Over 2%</a>&nbsp;&nbsp;<font color=""#6f6f6f"">NDTV Profit</font>",https://news.google.com/rss/articles/CBMiwwFBVV95cUxNZV91ZF9WMkhheTd3MEJrLXJaQ3lSNTA1NnNGWmlGZ0N1cjU3QWx1RkJMOGtwNE5ySEZ0WUJGMTdTNHpjYUdNa1pTVVNkM1VGS2p3Qy1kRnRRZUl1bWdXMldaNEpEOTFmb042UTZZTHRtcVE5cDJKcm9nVTkxMXlDanVLUk8wYVRvQm12ekstelZadmloQU9JZU5tc0lnOXhzenlCbHV4U1ZpRHJvYjFmRi01Y3JRMjFMUnJnSXIxSFlZYUnSAcsBQVVfeXFMTXRoTWhKaEdiRnN4SXdwX0Zna0xvM3FSVUxkUDhYb3VnaW1uRFBSNTFoTHpyRG45Wlgwb1BNNnFTbnBvdDZKMmxsZVl1dWFZcWNkOW1ZeE84Ym9EUmpvT2M0aUkxR1BNR1dKU0w0c3pfNXRGR0tkU3dzaG5BWnZybDc3WjlUY0s5elpuRGN3RzlMWEx6cF9nM2MtY3l3bWo2NEVhRHFsY1U1cTlkU3dUVjRpcWRjc0tBY2hpN0RBcG1Sbk53NWdPXzZEaE0?oc=5,"Wed, 02 Sep 2026 05:14:27 GMT",technology stocks,"IT Stocks In Red: Infosys, TCS, Persistent, Coforge, Others Drag Nifty IT Index Over 2% - NDTV Profit <a href=""https://news.google.com/rss/articles/CBMiwwFBVV95cUxNZV91ZF9WMkhheTd3MEJrLXJaQ3lSNTA1NnNGWmlGZ0N1cjU3QWx1RkJMOGtwNE5ySEZ0WUJGMTdTNHpjYUdNa1pTVVNkM1VGS2p3Qy1kRnRRZUl1bWdXMldaNEpEOTFmb042UTZZTHRtcVE5cDJKcm9nVTkxMXlDanVLUk8wYVRvQm12ekstelZadmloQU9JZU5tc0lnOXhzenlCbHV4U1ZpRHJvYjFmRi01Y3JRMjFMUnJnSXIxSFlZYUnSAcsBQVVfeXFMTXRoTWhKaEdiRnN4SXdwX0Zna0xvM3FSVUxkUDhYb3VnaW1uRFBSNTFoTHpyRG45Wlgwb1BNNnFTbnBvdDZKMmxsZVl1dWFZcWNkOW1ZeE84Ym9EUmpvT2M0aUkxR1BNR1dKU0w0c3pfNXRGR0tkU3dzaG5BWnZybDc3WjlUY0s5elpuRGN3RzlMWEx6cF9nM2MtY3l3bWo2NEVhRHFsY1U1cTlkU3dUVjRpcWRjc0tBY2hpN0RBcG1Sbk53NWdPXzZEaE0?oc=5"" target=""_blank"">IT Stocks In Red: Infosys, TCS, Persistent, Coforge, Others Drag Nifty IT Index Over 2%</a>&nbsp;&nbsp;<font color=""#6f6f6f"">NDTV Profit</font>",it stocks in red infosys tcs persistent coforge others drag nifty it index over 2 ndtv profit it stocks in red infosys tcs persistent coforge others drag nifty it index over 2 nbsp nbsp ndtv profit
Large Cap Stocks At 52-Week Highs: Monday’s Full List - Trefis,"<a href=""https://news.google.com/rss/articles/CBMisAFBVV95cUxOU1VJOHdjcmpTcWdmNHVLakpDRG44U2dUN01jeFZ4ZC15Q0RCamhCQVdHRFQ0eHBDcWZ6OVBCeTItV2t4RVFBdklPNHBJUF9CQk52V0wwOGotWDdqTXhKTndicWprTXotYVNYcWl3aTlIQXBtV0xXNWlJa2ZZOEdJNU1pUHN1UFlzdnV4bW0wd3F1SW1KbVVuQnR5cGZnOGJOX3laN3BxZ0hOU3lBTkxwRg?oc=5"" target=""_blank"">Large Cap Stocks At 52-Week Highs: Monday’s Full List</a>&nbsp;&nbsp;<font color=""#6f6f6f"">Trefis</font>",https://news.google.com/rss/articles/CBMisAFBVV95cUxOU1VJOHdjcmpTcWdmNHVLakpDRG44U2dUN01jeFZ4ZC15Q0RCamhCQVdHRFQ0eHBDcWZ6OVBCeTItV2t4RVFBdklPNHBJUF9CQk52V0wwOGotWDdqTXhKTndicWprTXotYVNYcWl3aTlIQXBtV0xXNWlJa2ZZOEdJNU1pUHN1UFlzdnV4bW0wd3F1SW1KbVVuQnR5cGZnOGJOX3laN3BxZ0hOU3lBTkxwRg?oc=5,"Wed, 02 Sep 2026 05:23:48 GMT",technology stocks,"Large Cap Stocks At 52-Week Highs: Monday’s Full List - Trefis <a href=""https://news.google.com/rss/articles/CBMisAFBVV95cUxOU1VJOHdjcmpTcWdmNHVLakpDRG44U2dUN01jeFZ4ZC15Q0RCamhCQVdHRFQ0eHBDcWZ6OVBCeTItV2t4RVFBdklPNHBJUF9CQk52V0wwOGotWDdqTXhKTndicWprTXotYVNYcWl3aTlIQXBtV0xXNWlJa2ZZOEdJNU1pUHN1UFlzdnV4bW0wd3F1SW1KbVVuQnR5cGZnOGJOX3laN3BxZ0hOU3lBTkxwRg?oc=5"" target=""_blank"">Large Cap Stocks At 52-Week Highs: Monday’s Full List</a>&nbsp;&nbsp;<font color=""#6f6f6f"">Trefis</font>",large cap stocks at 52 week highs monday s full list trefis large cap stocks at 52 week highs monday s full list nbsp nbsp trefis
Uber Technologies Stock: Is UBER Underperforming the Technology Sector? - Yahoo Finance,"<a href=""https://news.google.com/rss/articles/CBMirgFBVV95cUxOWDZCczhSY0JESzVrVTFCc2hpM1dCM0hwR0pLZi03TVAxa0FJNXl2SDZ2NHh4Q29ZeFhVY1Frd2dvNUhTYlRxeGtCbHI5aDFWaW5ZQlpzdEhtV2pQNzRkNVF1SE5jMlpYLWNwUmhhODcwcTBuV3pJN1dfakhzZUplOXFKMnRwZEN0VDJUR3hGVV9ibzRLYmJQQzA5ZkF1UUdBTjFuOW9TbmxFdUhRTUE?oc=5"" target=""_blank"">Uber Technologies Stock: Is UBER Underperforming the Technology Sector?</a>&nbsp;&nbsp;<font color=""#6f6f6f"">Yahoo Finance</font>",https://news.google.com/rss/articles/CBMirgFBVV95cUxOWDZCczhSY0JESzVrVTFCc2hpM1dCM0hwR0pLZi03TVAxa0FJNXl2SDZ2NHh4Q29ZeFhVY1Frd2dvNUhTYlRxeGtCbHI5aDFWaW5ZQlpzdEhtV2pQNzRkNVF1SE5jMlpYLWNwUmhhODcwcTBuV3pJN1dfakhzZUplOXFKMnRwZEN0VDJUR3hGVV9ibzRLYmJQQzA5ZkF1UUdBTjFuOW9TbmxFdUhRTUE?oc=5,"Tue, 01 Sep 2026 15:52:44 GMT",technology stocks,"Uber Technologies Stock: Is UBER Underperforming the Technology Sector? - Yahoo Finance <a href=""https://news.google.com/rss/articles/CBMirgFBVV95cUxOWDZCczhSY0JESzVrVTFCc2hpM1dCM0hwR0pLZi03TVAxa0FJNXl2SDZ2NHh4Q29ZeFhVY1Frd2dvNUhTYlRxeGtCbHI5aDFWaW5ZQlpzdEhtV2pQNzRkNVF1SE5jMlpYLWNwUmhhODcwcTBuV3pJN1dfakhzZUplOXFKMnRwZEN0VDJUR3hGVV9ibzRLYmJQQzA5ZkF1UUdBTjFuOW9TbmxFdUhRTUE?oc=5"" target=""_blank"">Uber Technologies Stock: Is UBER Underperforming the Technology Sector?</a>&nbsp;&nbsp;<font color=""#6f6f6f"">Yahoo Finance</font>",uber technologies stock is uber underperforming the technology sector yahoo finance uber technologies stock is uber underperforming the technology sector nbsp nbsp yahoo finance
"ASX Midday Sector Update: Communication Services Stocks Advance, Information Technology Sector Struggles - marketscreener.com","<a href=""https://news.google.com/rss/articles/CBMi5gFBVV95cUxObzk3bVZGeXVpTUNwd3RaeUxTaWRZWGloWFBtLWI4b1diVkZCenJmWGNCU3B1dGdFa2FVSU4tZEloOW40dUJyMjB3NHZwUEFsaWRxbnJpc1RyRUxodDRPQ1hOY1owa1YxaFZNQ0ZybU1RX2hpUG96UVdlcUxXU0E0YTVSYUI4WjhEQTAtcmRRZ3Rnd3VyajRZdDEzNzA0OTdieUp2cklpSDJjWGlRRjNpdVlkTi00MTFQUFI5TEVpX2FiX0IybjluQV9zQWpQLXQ2VEZROGVDSjRkUGRHV2xXQzBwLW1KQQ?oc=5"" target=""_blank"">ASX Midday Sector Update: Communication Services Stocks Advance, Information Technology Sector Struggles</a>&nbsp;&nbsp;<font color=""#6f6f6f"">marketscreener.com</font>",https://news.google.com/rss/articles/CBMi5gFBVV95cUxObzk3bVZGeXVpTUNwd3RaeUxTaWRZWGloWFBtLWI4b1diVkZCenJmWGNCU3B1dGdFa2FVSU4tZEloOW40dUJyMjB3NHZwUEFsaWRxbnJpc1RyRUxodDRPQ1hOY1owa1YxaFZNQ0ZybU1RX2hpUG96UVdlcUxXU0E0YTVSYUI4WjhEQTAtcmRRZ3Rnd3VyajRZdDEzNzA0OTdieUp2cklpSDJjWGlRRjNpdVlkTi00MTFQUFI5TEVpX2FiX0IybjluQV9zQWpQLXQ2VEZROGVDSjRkUGRHV2xXQzBwLW1KQQ?oc=5,"Wed, 02 Sep 2026 02:52:14 GMT",technology stocks,"ASX Midday Sector Update: Communication Services Stocks Advance, Information Technology Sector Struggles - marketscreener.com <a href=""https://news.google.com/rss/articles/CBMi5gFBVV95cUxObzk3bVZGeXVpTUNwd3RaeUxTaWRZWGloWFBtLWI4b1diVkZCenJmWGNCU3B1dGdFa2FVSU4tZEloOW40dUJyMjB3NHZwUEFsaWRxbnJpc1RyRUxodDRPQ1hOY1owa1YxaFZNQ0ZybU1RX2hpUG96UVdlcUxXU0E0YTVSYUI4WjhEQTAtcmRRZ3Rnd3VyajRZdDEzNzA0OTdieUp2cklpSDJjWGlRRjNpdVlkTi00MTFQUFI5TEVpX2FiX0IybjluQV9zQWpQLXQ2VEZROGVDSjRkUGRHV2xXQzBwLW1KQQ?oc=5"" target=""_blank"">ASX Midday Sector Update: Communication Services Stocks Advance, Information Technology Sector Struggles</a>&nbsp;&nbsp;<font color=""#6f6f6f"">marketscreener.com</font>",asx midday sector update communication services stocks advance information technology sector struggles marketscreener com asx midday sector update communication services stocks advance information technology sector struggles nbsp nbsp marketscreener com
"Stocks slip on Wall Street under pressure from rising oil prices, bond sell-off - PBS","<a href=""https://news.google.com/rss/articles/CBMitgFBVV95cUxNVUpDbXlNdGxqU3l1LVBFQ1drbmNpcU40UmxDTldlNlBiOE9aazU2bVg1VE1qOXAtM1Z3VlBIUHNpN1NMWlZlSm9DY3cxLVdjTVNDcFZPUTAxUHhkNFMwUW9WQWVPUnlKZ2Fqc3dBRUV3aTNfU3JVWlVCYk56cC12clA4dGFRN2hoYWg2cUMybmh4ZkEtV0d0VTdZTDQwYUVBV01oRmxPMmxnMENCc3BkY0xpWU5mZ9IBuwFBVV95cUxPbVR0dUcteGhCV0s5UmFidkNta0didWVNOVk1WTRkUTJYbDZnTjhBOTJsNFNZMWUwdm00S0g4WmNLbm9vS3d0UkVoc3FWZXZOcmNBRjNqSGtCd0JFa3RxTVY1Wks1OW1hVDdlMFp6eUFMUFNMWkprcjB5eFlqdldxT3BCaDJLczJkdDhSREN2Y29QX0tUOWROZk4xd2M3bEZiVGRrTDZDeXZXV3RydTZ0bl9aV0JFWVJXc2U4?oc=5"" target=""_blank"">Stocks slip on Wall Street under pressure from rising oil prices, bond sell-off</a>&nbsp;&nbsp;<font color=""#6f6f6f"">PBS</font>",https://news.google.com/rss/articles/CBMitgFBVV95cUxNVUpDbXlNdGxqU3l1LVBFQ1drbmNpcU40UmxDTldlNlBiOE9aazU2bVg1VE1qOXAtM1Z3VlBIUHNpN1NMWlZlSm9DY3cxLVdjTVNDcFZPUTAxUHhkNFMwUW9WQWVPUnlKZ2Fqc3dBRUV3aTNfU3JVWlVCYk56cC12clA4dGFRN2hoYWg2cUMybmh4ZkEtV0d0VTdZTDQwYUVBV01oRmxPMmxnMENCc3BkY0xpWU5mZ9IBuwFBVV95cUxPbVR0dUcteGhCV0s5UmFidkNta0didWVNOVk1WTRkUTJYbDZnTjhBOTJsNFNZMWUwdm00S0g4WmNLbm9vS3d0UkVoc3FWZXZOcmNBRjNqSGtCd0JFa3RxTVY1Wks1OW1hVDdlMFp6eUFMUFNMWkprcjB5eFlqdldxT3BCaDJLczJkdDhSREN2Y29QX0tUOWROZk4xd2M3bEZiVGRrTDZDeXZXV3RydTZ0bl9aV0JFWVJXc2U4?oc=5,"Tue, 01 Sep 2026 17:48:23 GMT",technology stocks,"Stocks slip on Wall Street under pressure from rising oil prices, bond sell-off - PBS <a href=""https://news.google.com/rss/articles/CBMitgFBVV95cUxNVUpDbXlNdGxqU3l1LVBFQ1drbmNpcU40UmxDTldlNlBiOE9aazU2bVg1VE1qOXAtM1Z3VlBIUHNpN1NMWlZlSm9DY3cxLVdjTVNDcFZPUTAxUHhkNFMwUW9WQWVPUnlKZ2Fqc3dBRUV3aTNfU3JVWlVCYk56cC12clA4dGFRN2hoYWg2cUMybmh4ZkEtV0d0VTdZTDQwYUVBV01oRmxPMmxnMENCc3BkY0xpWU5mZ9IBuwFBVV95cUxPbVR0dUcteGhCV0s5UmFidkNta0didWVNOVk1WTRkUTJYbDZnTjhBOTJsNFNZMWUwdm00S0g4WmNLbm9vS3d0UkVoc3FWZXZOcmNBRjNqSGtCd0JFa3RxTVY1Wks1OW1hVDdlMFp6eUFMUFNMWkprcjB5eFlqdldxT3BCaDJLczJkdDhSREN2Y29QX0tUOWROZk4xd2M3bEZiVGRrTDZDeXZXV3RydTZ0bl9aV0JFWVJXc2U4?oc=5"" target=""_blank"">Stocks slip on Wall Street under pressure from rising oil prices, bond sell-off</a>&nbsp;&nbsp;<font color=""#6f6f6f"">PBS</font>",stocks slip on wall street under pressure from rising oil prices bond sell off pbs stocks slip on wall street under pressure from rising oil prices bond sell off nbsp nbsp pbs
"Prediction: If a September Sell-Off Hits Speculative AI Stocks, Quantum Computing Falls First - The Motley Fool","<a href=""https://news.google.com/rss/articles/CBMimAFBVV95cUxOYXIwY3ltdEEwN0RNZ0t6cmFEV0lhTG5kS0NnenU3QjdCMGRYeFljZDkwcGpyWW11b1IySDhwSERBbmljOWJCUWNtcFBvRC00djBHd3VNV0J0TlpvVTd0NWxPVzhfQ1ZQMU45clMwSDBwZWt6dkpfUHJfZy1SSklHRjlGTkZreXA3eVQzUXBHMHdqcFJXX2FRNA?oc=5"" target=""_blank"">Prediction: If a September Sell-Off Hits Speculative AI Stocks, Quantum Computing Falls First</a>&nbsp;&nbsp;<font color=""#6f6f6f"">The Motley Fool</font>",https://news.google.com/rss/articles/CBMimAFBVV95cUxOYXIwY3ltdEEwN0RNZ0t6cmFEV0lhTG5kS0NnenU3QjdCMGRYeFljZDkwcGpyWW11b1IySDhwSERBbmljOWJCUWNtcFBvRC00djBHd3VNV0J0TlpvVTd0NWxPVzhfQ1ZQMU45clMwSDBwZWt6dkpfUHJfZy1SSklHRjlGTkZreXA3eVQzUXBHMHdqcFJXX2FRNA?oc=5,"Tue, 01 Sep 2026 21:50:00 GMT",technology stocks,"Prediction: If a September Sell-Off Hits Speculative AI Stocks, Quantum Computing Falls First - The Motley Fool <a href=""https://news.google.com/rss/articles/CBMimAFBVV95cUxOYXIwY3ltdEEwN0RNZ0t6cmFEV0lhTG5kS0NnenU3QjdCMGRYeFljZDkwcGpyWW11b1IySDhwSERBbmljOWJCUWNtcFBvRC00djBHd3VNV0J0TlpvVTd0NWxPVzhfQ1ZQMU45clMwSDBwZWt6dkpfUHJfZy1SSklHRjlGTkZreXA3eVQzUXBHMHdqcFJXX2FRNA?oc=5"" target=""_blank"">Prediction: If a September Sell-Off Hits Speculative AI Stocks, Quantum Computing Falls First</a>&nbsp;&nbsp;<font color=""#6f6f6f"">The Motley Fool</font>",prediction if a september sell off hits speculative ai stocks quantum computing falls first the motley fool prediction if a september sell off hits speculative ai stocks quantum computing falls first nbsp nbsp the motley fool
3 US Growth Stocks With Long Duration Tech Exposure Retail Investors Should Screen - simplywall.st,"<a href=""https://news.google.com/rss/articles/CBMiywFBVV95cUxNdXJXdUx3SGt5UDYzbTBNNnNaR3I1Q2luamtYVzIxMXZWdDVBRUhHSG5PVVFXNnI1bkxxQ2RoSl9oR1hJSUpidW5FVGUtY2ZLWXJEZm9qSFE2VmFlbExvVXltcmdCN1I1dzBXN2FUV05XMENXYXJwRlB2VUlLRHBVbUxUZDhlZFBiNHU0SVU0T0l4R19sRms3bHA4UGtub3pNbFNlSWc3dEY1UVZCMEUwaEZPSUhhX19ySE9aUFVrSHZwbi10M29yWTJBTdIB0AFBVV95cUxNOHRfdGIwVmhmamFRdHNHMDhjMWFQakNZY1liRE1OS1JiUXR1NEhCWU0xSkNJMVo0VlFLQ0RwZ2dDRktkM25Pb2tMNDQzSjVwWXpTT1Z6Mmo1NkxEYmJUUDZnU2l3aVFzN2xZYThPNksyQl9CQWpmeHk1VXRHUFhZcm1SaEQtNTFfbUJzekpSOUpwMW1hdk9Hc2hOZ3VtYVlINE02dkc0N0Foa1BKSDZKOXJLSTNCWF9sSEwxN1NGbnNuOFR2Zkppd1NfTEo0Z0tj?oc=5"" target=""_blank"">3 US Growth Stocks With Long Duration Tech Exposure Retail Investors Should Screen</a>&nbsp;&nbsp;<font color=""#6f6f6f"">simplywall.st</font>",https://news.google.com/rss/articles/CBMiywFBVV95cUxNdXJXdUx3SGt5UDYzbTBNNnNaR3I1Q2luamtYVzIxMXZWdDVBRUhHSG5PVVFXNnI1bkxxQ2RoSl9oR1hJSUpidW5FVGUtY2ZLWXJEZm9qSFE2VmFlbExvVXltcmdCN1I1dzBXN2FUV05XMENXYXJwRlB2VUlLRHBVbUxUZDhlZFBiNHU0SVU0T0l4R19sRms3bHA4UGtub3pNbFNlSWc3dEY1UVZCMEUwaEZPSUhhX19ySE9aUFVrSHZwbi10M29yWTJBTdIB0AFBVV95cUxNOHRfdGIwVmhmamFRdHNHMDhjMWFQakNZY1liRE1OS1JiUXR1NEhCWU0xSkNJMVo0VlFLQ0RwZ2dDRktkM25Pb2tMNDQzSjVwWXpTT1Z6Mmo1NkxEYmJUUDZnU2l3aVFzN2xZYThPNksyQl9CQWpmeHk1VXRHUFhZcm1SaEQtNTFfbUJzekpSOUpwMW1hdk9Hc2hOZ3VtYVlINE02dkc0N0Foa1BKSDZKOXJLSTNCWF9sSEwxN1NGbnNuOFR2Zkppd1NfTEo0Z0tj?oc=5,"Tue, 01 Sep 2026 18:42:36 GMT",technology stocks,"3 US Growth Stocks With Long Duration Tech Exposure Retail Investors Should Screen - simplywall.st <a href=""https://news.google.com/rss/articles/CBMiywFBVV95cUxNdXJXdUx3SGt5UDYzbTBNNnNaR3I1Q2luamtYVzIxMXZWdDVBRUhHSG5PVVFXNnI1bkxxQ2RoSl9oR1hJSUpidW5FVGUtY2ZLWXJEZm9qSFE2VmFlbExvVXltcmdCN1I1dzBXN2FUV05XMENXYXJwRlB2VUlLRHBVbUxUZDhlZFBiNHU0SVU0T0l4R19sRms3bHA4UGtub3pNbFNlSWc3dEY1UVZCMEUwaEZPSUhhX19ySE9aUFVrSHZwbi10M29yWTJBTdIB0AFBVV95cUxNOHRfdGIwVmhmamFRdHNHMDhjMWFQakNZY1liRE1OS1JiUXR1NEhCWU0xSkNJMVo0VlFLQ0RwZ2dDRktkM25Pb2tMNDQzSjVwWXpTT1Z6Mmo1NkxEYmJUUDZnU2l3aVFzN2xZYThPNksyQl9CQWpmeHk1VXRHUFhZcm1SaEQtNTFfbUJzekpSOUpwMW1hdk9Hc2hOZ3VtYVlINE02dkc0N0Foa1BKSDZKOXJLSTNCWF9sSEwxN1NGbnNuOFR2Zkppd1NfTEo0Z0tj?oc=5"" target=""_blank"">3 US Growth Stocks With Long Duration Tech Exposure Retail Investors Should Screen</a>&nbsp;&nbsp;<font color=""#6f6f6f"">simplywall.st</font>",3 us growth stocks with long duration tech exposure retail investors should screen simplywall st 3 us growth stocks with long duration tech exposure retail investors should screen nbsp nbsp simplywall st
What are Tech Stocks? Understanding IT Sector Companies and Their Stocks - Analytics Insight,"<a href=""https://news.google.com/rss/articles/CBMisAFBVV95cUxPWjB0R08wQXc5TnYtR2M0MmxHaFVXNWFCVUNvS003eDFDc1RZMDBTMnVHZDcxTnJzWmlRV0dobXc2a2xtdDVnWmc2MjU5RjRwZVJ3alJiTkpxc2V1X0YyRVRCWjg1U0tIZHBnbzNxU0cteHZTVGd1RmlMcW5SZnJEZksxY3hmTUxaSU9Bc1RGamwyVDhCQ0c2SnYxb19JYVNXSDRkZFNqaGM2ZzhseDlMTtIBvgFBVV95cUxPVUZxd0h5SElVazlEbDZqRmpxZHhkaW9WT1hueDlnaFdNdkx3TmlKcmlzVlRrUXNmSW9oNUY4Y1JZQU9iT2t6ZUhNTXlMX3Q4QklNZnVhbGJDaEdPMUdYS3BHeTZQNjZQWXItYXJfdHhZU2VlWUIwVVM0cXpzQmxKYkFxeEdrTVBwcW01MXdYWEtrMDRBUUtIVmhNYi1FTUswNkQ5aVprekVra09EYWdJUTFfOU5ySFhucUlCMFVn?oc=5"" target=""_blank"">What are Tech Stocks? Understanding IT Sector Companies and Their Stocks</a>&nbsp;&nbsp;<font color=""#6f6f6f"">Analytics Insight</font>",https://news.google.com/rss/articles/CBMisAFBVV95cUxPWjB0R08wQXc5TnYtR2M0MmxHaFVXNWFCVUNvS003eDFDc1RZMDBTMnVHZDcxTnJzWmlRV0dobXc2a2xtdDVnWmc2MjU5RjRwZVJ3alJiTkpxc2V1X0YyRVRCWjg1U0tIZHBnbzNxU0cteHZTVGd1RmlMcW5SZnJEZksxY3hmTUxaSU9Bc1RGamwyVDhCQ0c2SnYxb19JYVNXSDRkZFNqaGM2ZzhseDlMTtIBvgFBVV95cUxPVUZxd0h5SElVazlEbDZqRmpxZHhkaW9WT1hueDlnaFdNdkx3TmlKcmlzVlRrUXNmSW9oNUY4Y1JZQU9iT2t6ZUhNTXlMX3Q4QklNZnVhbGJDaEdPMUdYS3BHeTZQNjZQWXItYXJfdHhZU2VlWUIwVVM0cXpzQmxKYkFxeEdrTVBwcW01MXdYWEtrMDRBUUtIVmhNYi1FTUswNkQ5aVprekVra09EYWdJUTFfOU5ySFhucUlCMFVn?oc=5,"Tue, 01 Sep 2026 15:30:00 GMT",technology stocks,"What are Tech Stocks? Understanding IT Sector Companies and Their Stocks - Analytics Insight <a href=""https://news.google.com/rss/articles/CBMisAFBVV95cUxPWjB0R08wQXc5TnYtR2M0MmxHaFVXNWFCVUNvS003eDFDc1RZMDBTMnVHZDcxTnJzWmlRV0dobXc2a2xtdDVnWmc2MjU5RjRwZVJ3alJiTkpxc2V1X0YyRVRCWjg1U0tIZHBnbzNxU0cteHZTVGd1RmlMcW5SZnJEZksxY3hmTUxaSU9Bc1RGamwyVDhCQ0c2SnYxb19JYVNXSDRkZFNqaGM2ZzhseDlMTtIBvgFBVV95cUxPVUZxd0h5SElVazlEbDZqRmpxZHhkaW9WT1hueDlnaFdNdkx3TmlKcmlzVlRrUXNmSW9oNUY4Y1JZQU9iT2t6ZUhNTXlMX3Q4QklNZnVhbGJDaEdPMUdYS3BHeTZQNjZQWXItYXJfdHhZU2VlWUIwVVM0cXpzQmxKYkFxeEdrTVBwcW01MXdYWEtrMDRBUUtIVmhNYi1FTUswNkQ5aVprekVra09EYWdJUTFfOU5ySFhucUlCMFVn?oc=5"" target=""_blank"">What are Tech Stocks? Understanding IT Sector Companies and Their Stocks</a>&nbsp;&nbsp;<font color=""#6f6f6f"">Analytics Insight</font>",what are tech stocks understanding it sector companies and their stocks analytics insight what are tech stocks understanding it sector companies and their stocks nbsp nbsp analytics insight
"OGIG Gains 10% in August as Cloud, AI Stocks Rally - ETF Trends","<a href=""https://news.google.com/rss/articles/CBMiogFBVV95cUxNSGNxblN0SzVFTmxySWstMnBLOTlzbVlMNGtTOG13UTFiRGVPZnVNR1FDWHRqRVpIVTFOVm9VSTZzaVh2UkdMOXIzXzNQamJRR1EzbXRCczVfTy14QkVTbzllOWxFTlZPY2lNTXlzU1hERnRmdVBDVUJjMVRBZjNTUWwxcGYwMURwaktteWk0a1R2Qk1wZEVXaW1wMjJRWjJpZ1HSAacBQVVfeXFMTTE3eXlPd2VVeEh5TXlySlRMZmFLd0RoN3RaZGNXbldRdTVzc05xV3BpSE9PT0t5SFVPb2VUR1FJN3NlcHBOZGdmaFBLNWJUTHhBSUNPNnJlQmlHTFZseGFQTFRMTGlsWnEwVUFRVkRselZYT1BXNEVKLVdmcURmeFBtUTlJcXdMNHRRU2MzOXdzOElmdFBzLUc5WHVOTGhKTGEwSG9HUEk?oc=5"" target=""_blank"">OGIG Gains 10% in August as Cloud, AI Stocks Rally</a>&nbsp;&nbsp;<font color=""#6f6f6f"">ETF Trends</font>",https://news.google.com/rss/articles/CBMiogFBVV95cUxNSGNxblN0SzVFTmxySWstMnBLOTlzbVlMNGtTOG13UTFiRGVPZnVNR1FDWHRqRVpIVTFOVm9VSTZzaVh2UkdMOXIzXzNQamJRR1EzbXRCczVfTy14QkVTbzllOWxFTlZPY2lNTXlzU1hERnRmdVBDVUJjMVRBZjNTUWwxcGYwMURwaktteWk0a1R2Qk1wZEVXaW1wMjJRWjJpZ1HSAacBQVVfeXFMTTE3eXlPd2VVeEh5TXlySlRMZmFLd0RoN3RaZGNXbldRdTVzc05xV3BpSE9PT0t5SFVPb2VUR1FJN3NlcHBOZGdmaFBLNWJUTHhBSUNPNnJlQmlHTFZseGFQTFRMTGlsWnEwVUFRVkRselZYT1BXNEVKLVdmcURmeFBtUTlJcXdMNHRRU2MzOXdzOElmdFBzLUc5WHVOTGhKTGEwSG9HUEk?oc=5,"Tue, 01 Sep 2026 18:59:38 GMT",technology stocks,"OGIG Gains 10% in August as Cloud, AI Stocks Rally - ETF Trends <a href=""https://news.google.com/rss/articles/CBMiogFBVV95cUxNSGNxblN0SzVFTmxySWstMnBLOTlzbVlMNGtTOG13UTFiRGVPZnVNR1FDWHRqRVpIVTFOVm9VSTZzaVh2UkdMOXIzXzNQamJRR1EzbXRCczVfTy14QkVTbzllOWxFTlZPY2lNTXlzU1hERnRmdVBDVUJjMVRBZjNTUWwxcGYwMURwaktteWk0a1R2Qk1wZEVXaW1wMjJRWjJpZ1HSAacBQVVfeXFMTTE3eXlPd2VVeEh5TXlySlRMZmFLd0RoN3RaZGNXbldRdTVzc05xV3BpSE9PT0t5SFVPb2VUR1FJN3NlcHBOZGdmaFBLNWJUTHhBSUNPNnJlQmlHTFZseGFQTFRMTGlsWnEwVUFRVkRselZYT1BXNEVKLVdmcURmeFBtUTlJcXdMNHRRU2MzOXdzOElmdFBzLUc5WHVOTGhKTGEwSG9HUEk?oc=5"" target=""_blank"">OGIG Gains 10% in August as Cloud, AI Stocks Rally</a>&nbsp;&nbsp;<font color=""#6f6f6f"">ETF Trends</font>",ogig gains 10 in august as cloud ai stocks rally etf trends ogig gains 10 in august as cloud ai stocks rally nbsp nbsp etf trends
Dell rises 8.7% after earnings as tech stocks diverge post-selloff - TechStock²,"<a href=""https://news.google.com/rss/articles/CBMijgFBVV95cUxOWXpFY2lJTXVKdWJYVVlZOGlRNy1DR1M0aTBYWFZHVjRKSXdxYlh1TFBKNUlQanB4bVRqOU9sMndJWk5tTFRyN3JOUFluM0VFOWtTUVRzaEIzZEVsa1l0dVlRM2ZvQlhndHlDZFNqbmdXMU5ySjlzNVR2OUxYdmFzaHAzTWs3THpnNEZab0NB?oc=5"" target=""_blank"">Dell rises 8.7% after earnings as tech stocks diverge post-selloff</a>&nbsp;&nbsp;<font color=""#6f6f6f"">TechStock²</font>",https://news.google.com/rss/articles/CBMijgFBVV95cUxOWXpFY2lJTXVKdWJYVVlZOGlRNy1DR1M0aTBYWFZHVjRKSXdxYlh1TFBKNUlQanB4bVRqOU9sMndJWk5tTFRyN3JOUFluM0VFOWtTUVRzaEIzZEVsa1l0dVlRM2ZvQlhndHlDZFNqbmdXMU5ySjlzNVR2OUxYdmFzaHAzTWs3THpnNEZab0NB?oc=5,"Tue, 01 Sep 2026 21:11:38 GMT",technology stocks,"Dell rises 8.7% after earnings as tech stocks diverge post-selloff - TechStock² <a href=""https://news.google.com/rss/articles/CBMijgFBVV95cUxOWXpFY2lJTXVKdWJYVVlZOGlRNy1DR1M0aTBYWFZHVjRKSXdxYlh1TFBKNUlQanB4bVRqOU9sMndJWk5tTFRyN3JOUFluM0VFOWtTUVRzaEIzZEVsa1l0dVlRM2ZvQlhndHlDZFNqbmdXMU5ySjlzNVR2OUxYdmFzaHAzTWs3THpnNEZab0NB?oc=5"" target=""_blank"">Dell rises 8.7% after earnings as tech stocks diverge post-selloff</a>&nbsp;&nbsp;<font color=""#6f6f6f"">TechStock²</font>",dell rises 8 7 after earnings as tech stocks diverge post selloff techstock dell rises 8 7 after earnings as tech stocks diverge post selloff nbsp nbsp techstock
Technology stocks drag Sri Lankan shares lower - TradingView,"<a href=""https://news.google.com/rss/articles/CBMitwFBVV95cUxQWTRndnBKZmFSb1YtNnVaUGVnU1hQWVlzSG9lbzBJdWhpeXktMEtJT2VSSkZiVWNkenJsMDFtUVdVV25USnlhUjltS040cTJnNS1CMHY1S2lrUXUzOHZxdXFWcVlwMGtTR3VsZ25HWEExSXRsN1BBakVVNHF1VGpQTklSV01vRzI3UnpoY0RHYTJvejhMQURnYkp6UlRTZTBPWkpjN293SktIZlhSV0oycHB3cHMyejQ?oc=5"" target=""_blank"">Technology stocks drag Sri Lankan shares lower</a>&nbsp;&nbsp;<font color=""#6f6f6f"">TradingView</font>",https://news.google.com/rss/articles/CBMitwFBVV95cUxQWTRndnBKZmFSb1YtNnVaUGVnU1hQWVlzSG9lbzBJdWhpeXktMEtJT2VSSkZiVWNkenJsMDFtUVdVV25USnlhUjltS040cTJnNS1CMHY1S2lrUXUzOHZxdXFWcVlwMGtTR3VsZ25HWEExSXRsN1BBakVVNHF1VGpQTklSV01vRzI3UnpoY0RHYTJvejhMQURnYkp6UlRTZTBPWkpjN293SktIZlhSV0oycHB3cHMyejQ?oc=5,"Tue, 01 Sep 2026 12:12:05 GMT",technology stocks,"Technology stocks drag Sri Lankan shares lower - TradingView <a href=""https://news.google.com/rss/articles/CBMitwFBVV95cUxQWTRndnBKZmFSb1YtNnVaUGVnU1hQWVlzSG9lbzBJdWhpeXktMEtJT2VSSkZiVWNkenJsMDFtUVdVV25USnlhUjltS040cTJnNS1CMHY1S2lrUXUzOHZxdXFWcVlwMGtTR3VsZ25HWEExSXRsN1BBakVVNHF1VGpQTklSV01vRzI3UnpoY0RHYTJvejhMQURnYkp6UlRTZTBPWkpjN293SktIZlhSV0oycHB3cHMyejQ?oc=5"" target=""_blank"">Technology stocks drag Sri Lankan shares lower</a>&nbsp;&nbsp;<font color=""#6f6f6f"">TradingView</font>",technology stocks drag sri lankan shares lower tradingview technology stocks drag sri lankan shares lower nbsp nbsp tradingview
Is Micron Technology Stock Outperforming the Nasdaq? - Yahoo Finance,"<a href=""https://news.google.com/rss/articles/CBMirgFBVV95cUxQaTM5ZDVlZmYzZ1RFcm9lREFZS29zTmtwSG1aNi0wSlFhU05XN2N2MDhfVXhjWG45NXVEcmhMcXo2STJjMnN6SVZBbFhMMmZZc0RsR3h6YzNqaFJ6RG0tRXd4QlFqX3NKekRHTXM3ZEtGNTBxVGMyelp6d1JrVDVUV1FLeHZmVS1JQl9HSC1GUDZPQ1R4elpIOEJVV0ZSWVZXQVU5aldXYUNzTEtLVEE?oc=5"" target=""_blank"">Is Micron Technology Stock Outperforming the Nasdaq?</a>&nbsp;&nbsp;<font color=""#6f6f6f"">Yahoo Finance</font>",https://news.google.com/rss/articles/CBMirgFBVV95cUxQaTM5ZDVlZmYzZ1RFcm9lREFZS29zTmtwSG1aNi0wSlFhU05XN2N2MDhfVXhjWG45NXVEcmhMcXo2STJjMnN6SVZBbFhMMmZZc0RsR3h6YzNqaFJ6RG0tRXd4QlFqX3NKekRHTXM3ZEtGNTBxVGMyelp6d1JrVDVUV1FLeHZmVS1JQl9HSC1GUDZPQ1R4elpIOEJVV0ZSWVZXQVU5aldXYUNzTEtLVEE?oc=5,"Tue, 01 Sep 2026 13:39:13 GMT",technology stocks,"Is Micron Technology Stock Outperforming the Nasdaq? - Yahoo Finance <a href=""https://news.google.com/rss/articles/CBMirgFBVV95cUxQaTM5ZDVlZmYzZ1RFcm9lREFZS29zTmtwSG1aNi0wSlFhU05XN2N2MDhfVXhjWG45NXVEcmhMcXo2STJjMnN6SVZBbFhMMmZZc0RsR3h6YzNqaFJ6RG0tRXd4QlFqX3NKekRHTXM3ZEtGNTBxVGMyelp6d1JrVDVUV1FLeHZmVS1JQl9HSC1GUDZPQ1R4elpIOEJVV0ZSWVZXQVU5aldXYUNzTEtLVEE?oc=5"" target=""_blank"">Is Micron Technology Stock Outperforming the Nasdaq?</a>&nbsp;&nbsp;<font color=""#6f6f6f"">Yahoo Finance</font>",is micron technology stock outperforming the nasdaq yahoo finance is micron technology stock outperforming the nasdaq nbsp nbsp yahoo finance
Wall Street Braces For Red Start: Spike In Yields Among Three Reasons Pushing US Stock Futures Lower - NDTV Profit,"<a href=""https://news.google.com/rss/articles/CBMi2wFBVV95cUxNOUV1YWUtSjRMeXJTWU84eXJvVF85SlMwUVJiWDZRd0V0dmtxU0R2c2VYSUowZ2dwS3ZkRGlTV1UwcW9Lb0twU0l4UnJSM3RSZmRjcElyUzkySUQzM3lfZzRUYVJaTTBfWWxsb3FhQmQ3Tk8yN3hCZFBtVVg2d0oxbHlZM09IUDVKaUlGcUlZOVktRWlWeTdqczFNV2JBRnE4ZUpURmZibEktSjJnMkZleDRoT1pNcUtOU3pCXzRzN0YzTDgxWmdmWlBZd1VBbGhVdDhsUDlKOEVyNmPSAeMBQVVfeXFMTWg1Y3hBVEwycTRpeDFVdUFHMVpPYWxmRnNMOW9EdVp2c1V0ZkpVNU4tcXAxNVM3TE96YVVwOUctNzNSaE4wMlpTYXMtb0FLc1dxOEIzYlZBelVGdXhlRl9aVlZKYnR1elY1a3RIOVBjTGNQd3NkSnhubUswM2hzbXZhNjNULXlkT2hyUVdyYjQ0aUhKbUUwaVRpeTl3dVFvNnY1QTF4eXhPSGczR1ZRZEdzRHl4ZjJXN3h6cFpCVVdNQ2lPWlhaWVVrT0Q4RTNsakw2QmJHbmxyLUJIamhVRlFmMVU?oc=5"" target=""_blank"">Wall Street Braces For Red Start: Spike In Yields Among Three Reasons Pushing US Stock Futures Lower</a>&nbsp;&nbsp;<font color=""#6f6f6f"">NDTV Profit</font>",https://news.google.com/rss/articles/CBMi2wFBVV95cUxNOUV1YWUtSjRMeXJTWU84eXJvVF85SlMwUVJiWDZRd0V0dmtxU0R2c2VYSUowZ2dwS3ZkRGlTV1UwcW9Lb0twU0l4UnJSM3RSZmRjcElyUzkySUQzM3lfZzRUYVJaTTBfWWxsb3FhQmQ3Tk8yN3hCZFBtVVg2d0oxbHlZM09IUDVKaUlGcUlZOVktRWlWeTdqczFNV2JBRnE4ZUpURmZibEktSjJnMkZleDRoT1pNcUtOU3pCXzRzN0YzTDgxWmdmWlBZd1VBbGhVdDhsUDlKOEVyNmPSAeMBQVVfeXFMTWg1Y3hBVEwycTRpeDFVdUFHMVpPYWxmRnNMOW9EdVp2c1V0ZkpVNU4tcXAxNVM3TE96YVVwOUctNzNSaE4wMlpTYXMtb0FLc1dxOEIzYlZBelVGdXhlRl9aVlZKYnR1elY1a3RIOVBjTGNQd3NkSnhubUswM2hzbXZhNjNULXlkT2hyUVdyYjQ0aUhKbUUwaVRpeTl3dVFvNnY1QTF4eXhPSGczR1ZRZEdzRHl4ZjJXN3h6cFpCVVdNQ2lPWlhaWVVrT0Q4RTNsakw2QmJHbmxyLUJIamhVRlFmMVU?oc=5,"Tue, 01 Sep 2026 11:19:00 GMT",technology stocks,"Wall Street Braces For Red Start: Spike In Yields Among Three Reasons Pushing US Stock Futures Lower - NDTV Profit <a href=""https://news.google.com/rss/articles/CBMi2wFBVV95cUxNOUV1YWUtSjRMeXJTWU84eXJvVF85SlMwUVJiWDZRd0V0dmtxU0R2c2VYSUowZ2dwS3ZkRGlTV1UwcW9Lb0twU0l4UnJSM3RSZmRjcElyUzkySUQzM3lfZzRUYVJaTTBfWWxsb3FhQmQ3Tk8yN3hCZFBtVVg2d0oxbHlZM09IUDVKaUlGcUlZOVktRWlWeTdqczFNV2JBRnE4ZUpURmZibEktSjJnMkZleDRoT1pNcUtOU3pCXzRzN0YzTDgxWmdmWlBZd1VBbGhVdDhsUDlKOEVyNmPSAeMBQVVfeXFMTWg1Y3hBVEwycTRpeDFVdUFHMVpPYWxmRnNMOW9EdVp2c1V0ZkpVNU4tcXAxNVM3TE96YVVwOUctNzNSaE4wMlpTYXMtb0FLc1dxOEIzYlZBelVGdXhlRl9aVlZKYnR1elY1a3RIOVBjTGNQd3NkSnhubUswM2hzbXZhNjNULXlkT2hyUVdyYjQ0aUhKbUUwaVRpeTl3dVFvNnY1QTF4eXhPSGczR1ZRZEdzRHl4ZjJXN3h6cFpCVVdNQ2lPWlhaWVVrT0Q4RTNsakw2QmJHbmxyLUJIamhVRlFmMVU?oc=5"" target=""_blank"">Wall Street Braces For Red Start: Spike In Yields Among Three Reasons Pushing US Stock Futures Lower</a>&nbsp;&nbsp;<font color=""#6f6f6f"">NDTV Profit</font>",wall street braces for red start spike in yields among three reasons pushing us stock futures lower ndtv profit wall street braces for red start spike in yields among three reasons pushing us stock futures lower nbsp nbsp ndtv profit
Only Two Days Left To Cash In On PAX Global Technology's (HKG:327) Dividend - simplywall.st,"<a href=""https://news.google.com/rss/articles/CBMi1gFBVV95cUxQbUlSV1BWSFdNelk2MHFPNUM2UEFYSlZjQm9Bb2ZRTDR2UUc0NkRGZjA1OTFiNW9vSFlRVHg1VHVEX3hiTXctXzhZeHJjaGltMktSNHFpWkZZSGQ0cEduZDZJUjd5WVp6eXBnUXJwZDN1ZUNGdXNJdnNRNTBrdnkwN1NSYVVLYzZDT3djNUV2TWU2REoyZkM2SGw0U3h0S3B3U0hCZWdFMWg2UDI4MlVOWE1TYlh1QVVwTzNJbV9WbTg1ZThkNkYwaXBZd0s2SlM3aGJQQ19R0gHbAUFVX3lxTE9WdEtoamZnRERPdDMxU0hfMEFGVFVZSlBBZm5pS25YT19ZZEc5X3NWZzFHYzZ5MzlQaExGTnBHcUk4Z2FzT3NCZ0J0WV9QaV9xdHp3ZjVsZEpzN0VKLUVZc3BVLVhqUElPY0N3YzFkdVlibVdkRTFvTURVanpYcGxQTmFTSjlheUFrdXlnbFZXUGdtdUVqeGFnb3pWUHoybTE5WUVRaG1FcmR0d2ctNGN2OFNTN281MFlpX0wwc0RQY1FSaUt5WGViNDFOUTBISDdyX2NwWXJRZ25HQQ?oc=5"" target=""_blank"">Only Two Days Left To Cash In On PAX Global Technology's (HKG:327) Dividend</a>&nbsp;&nbsp;<font color=""#6f6f6f"">simplywall.st</font>",https://news.google.com/rss/articles/CBMi1gFBVV95cUxQbUlSV1BWSFdNelk2MHFPNUM2UEFYSlZjQm9Bb2ZRTDR2UUc0NkRGZjA1OTFiNW9vSFlRVHg1VHVEX3hiTXctXzhZeHJjaGltMktSNHFpWkZZSGQ0cEduZDZJUjd5WVp6eXBnUXJwZDN1ZUNGdXNJdnNRNTBrdnkwN1NSYVVLYzZDT3djNUV2TWU2REoyZkM2SGw0U3h0S3B3U0hCZWdFMWg2UDI4MlVOWE1TYlh1QVVwTzNJbV9WbTg1ZThkNkYwaXBZd0s2SlM3aGJQQ19R0gHbAUFVX3lxTE9WdEtoamZnRERPdDMxU0hfMEFGVFVZSlBBZm5pS25YT19ZZEc5X3NWZzFHYzZ5MzlQaExGTnBHcUk4Z2FzT3NCZ0J0WV9QaV9xdHp3ZjVsZEpzN0VKLUVZc3BVLVhqUElPY0N3YzFkdVlibVdkRTFvTURVanpYcGxQTmFTSjlheUFrdXlnbFZXUGdtdUVqeGFnb3pWUHoybTE5WUVRaG1FcmR0d2ctNGN2OFNTN281MFlpX0wwc0RQY1FSaUt5WGViNDFOUTBISDdyX2NwWXJRZ25HQQ?oc=5,"Tue, 01 Sep 2026 23:29:41 GMT",technology stocks,"Only Two Days Left To Cash In On PAX Global Technology's (HKG:327) Dividend - simplywall.st <a href=""https://news.google.com/rss/articles/CBMi1gFBVV95cUxQbUlSV1BWSFdNelk2MHFPNUM2UEFYSlZjQm9Bb2ZRTDR2UUc0NkRGZjA1OTFiNW9vSFlRVHg1VHVEX3hiTXctXzhZeHJjaGltMktSNHFpWkZZSGQ0cEduZDZJUjd5WVp6eXBnUXJwZDN1ZUNGdXNJdnNRNTBrdnkwN1NSYVVLYzZDT3djNUV2TWU2REoyZkM2SGw0U3h0S3B3U0hCZWdFMWg2UDI4MlVOWE1TYlh1QVVwTzNJbV9WbTg1ZThkNkYwaXBZd0s2SlM3aGJQQ19R0gHbAUFVX3lxTE9WdEtoamZnRERPdDMxU0hfMEFGVFVZSlBBZm5pS25YT19ZZEc5X3NWZzFHYzZ5MzlQaExGTnBHcUk4Z2FzT3NCZ0J0WV9QaV9xdHp3ZjVsZEpzN0VKLUVZc3BVLVhqUElPY0N3YzFkdVlibVdkRTFvTURVanpYcGxQTmFTSjlheUFrdXlnbFZXUGdtdUVqeGFnb3pWUHoybTE5WUVRaG1FcmR0d2ctNGN2OFNTN281MFlpX0wwc0RQY1FSaUt5WGViNDFOUTBISDdyX2NwWXJRZ25HQQ?oc=5"" target=""_blank"">Only Two Days Left To Cash In On PAX Global Technology's (HKG:327) Dividend</a>&nbsp;&nbsp;<font color=""#6f6f6f"">simplywall.st</font>",only two days left to cash in on pax global technology s hkg 327 dividend simplywall st only two days left to cash in on pax global technology s hkg 327 dividend nbsp nbsp simplywall st
Intel Stock: Is INTC Outperforming the Technology Sector? - Yahoo Finance,"<a href=""https://news.google.com/rss/articles/CBMiqgFBVV95cUxNbmV1eDdOSjd6UFlWcjBDZUxCeWJxOXNYbkItNkRjYUdOOUVqOEFSZjNxVUNmZk16ZnBYWmdSZ2pXdi1IdndzZUtfTkxUcTgxWW9lbXA0blFzVjF5Qkg5Z1BMb2N5TFFLV053akh0VGExMWUxMlhqTXEyeXV0WmQwWDRnVm94Ty0wMGpaSjJFR3hnNnRTaldPQU4wN1FlZTNqaDBhX3k1X2c3UQ?oc=5"" target=""_blank"">Intel Stock: Is INTC Outperforming the Technology Sector?</a>&nbsp;&nbsp;<font color=""#6f6f6f"">Yahoo Finance</font>",https://news.google.com/rss/articles/CBMiqgFBVV95cUxNbmV1eDdOSjd6UFlWcjBDZUxCeWJxOXNYbkItNkRjYUdOOUVqOEFSZjNxVUNmZk16ZnBYWmdSZ2pXdi1IdndzZUtfTkxUcTgxWW9lbXA0blFzVjF5Qkg5Z1BMb2N5TFFLV053akh0VGExMWUxMlhqTXEyeXV0WmQwWDRnVm94Ty0wMGpaSjJFR3hnNnRTaldPQU4wN1FlZTNqaDBhX3k1X2c3UQ?oc=5,"Tue, 01 Sep 2026 11:12:40 GMT",technology stocks,"Intel Stock: Is INTC Outperforming the Technology Sector? - Yahoo Finance <a href=""https://news.google.com/rss/articles/CBMiqgFBVV95cUxNbmV1eDdOSjd6UFlWcjBDZUxCeWJxOXNYbkItNkRjYUdOOUVqOEFSZjNxVUNmZk16ZnBYWmdSZ2pXdi1IdndzZUtfTkxUcTgxWW9lbXA0blFzVjF5Qkg5Z1BMb2N5TFFLV053akh0VGExMWUxMlhqTXEyeXV0WmQwWDRnVm94Ty0wMGpaSjJFR3hnNnRTaldPQU4wN1FlZTNqaDBhX3k1X2c3UQ?oc=5"" target=""_blank"">Intel Stock: Is INTC Outperforming the Technology Sector?</a>&nbsp;&nbsp;<font color=""#6f6f6f"">Yahoo Finance</font>",intel stock is intc outperforming the technology sector yahoo finance intel stock is intc outperforming the technology sector nbsp nbsp yahoo finance
Credo Technology Group Holding Ltd. (CRDO) Q1 Earnings and Revenues Beat Estimates - Yahoo Finance,"<a href=""https://news.google.com/rss/articles/CBMioAFBVV95cUxOSFVhMUJsZHlZU2Y1d2xuWUVmTEFadDhsSS1ISzNyNHhEUmRQV0JHdS05cTR3cDV2bkRnUFJMckd5NGdMaEJ1OFVlLTlUUmZPM2NZb0hObU8tejQxUkNCYzFpeFppbGw5bTBnY043MnNMQTFWZzJuZEZOb2tCWWgzU3BFR1lMV3pUNHRMOG9DSl8xRWYxTVAxdkdpWlRKWlVH?oc=5"" target=""_blank"">Credo Technology Group Holding Ltd. (CRDO) Q1 Earnings and Revenues Beat Estimates</a>&nbsp;&nbsp;<font color=""#6f6f6f"">Yahoo Finance</font>",https://news.google.com/rss/articles/CBMioAFBVV95cUxOSFVhMUJsZHlZU2Y1d2xuWUVmTEFadDhsSS1ISzNyNHhEUmRQV0JHdS05cTR3cDV2bkRnUFJMckd5NGdMaEJ1OFVlLTlUUmZPM2NZb0hObU8tejQxUkNCYzFpeFppbGw5bTBnY043MnNMQTFWZzJuZEZOb2tCWWgzU3BFR1lMV3pUNHRMOG9DSl8xRWYxTVAxdkdpWlRKWlVH?oc=5,"Tue, 01 Sep 2026 21:15:02 GMT",technology stocks,"Credo Technology Group Holding Ltd. (CRDO) Q1 Earnings and Revenues Beat Estimates - Yahoo Finance <a href=""https://news.google.com/rss/articles/CBMioAFBVV95cUxOSFVhMUJsZHlZU2Y1d2xuWUVmTEFadDhsSS1ISzNyNHhEUmRQV0JHdS05cTR3cDV2bkRnUFJMckd5NGdMaEJ1OFVlLTlUUmZPM2NZb0hObU8tejQxUkNCYzFpeFppbGw5bTBnY043MnNMQTFWZzJuZEZOb2tCWWgzU3BFR1lMV3pUNHRMOG9DSl8xRWYxTVAxdkdpWlRKWlVH?oc=5"" target=""_blank"">Credo Technology Group Holding Ltd. (CRDO) Q1 Earnings and Revenues Beat Estimates</a>&nbsp;&nbsp;<font color=""#6f6f6f"">Yahoo Finance</font>",credo technology group holding ltd crdo q1 earnings and revenues beat estimates yahoo finance credo technology group holding ltd crdo q1 earnings and revenues beat estimates nbsp nbsp yahoo finance
Accenture Stock: Is ACN Underperforming the Technology Sector? - Yahoo Finance,"<a href=""https://news.google.com/rss/articles/CBMisAFBVV95cUxNSUgzNlRnbm13bDV6blRtcXlkM09ucWpvRWVSVEsyeXVEWHM5TXM1U1JYd2dvTXo0bWFFeUg0Q3UzaFE2UFg5THdjZXFqdUZCQ0wzS2pOaW5MMlk2WTR6S3F1WTRZVWpGMkl2Y2Q3ekFkZG41aXZLUjZWMkliemtoclhxN280WmdsNTRCeUJMQlBlOG1majh1QnZoaTU3VDQtMHJobmNpd3RQa0kxR2VGMA?oc=5"" target=""_blank"">Accenture Stock: Is ACN Underperforming the Technology Sector?</a>&nbsp;&nbsp;<font color=""#6f6f6f"">Yahoo Finance</font>",https://news.google.com/rss/articles/CBMisAFBVV95cUxNSUgzNlRnbm13bDV6blRtcXlkM09ucWpvRWVSVEsyeXVEWHM5TXM1U1JYd2dvTXo0bWFFeUg0Q3UzaFE2UFg5THdjZXFqdUZCQ0wzS2pOaW5MMlk2WTR6S3F1WTRZVWpGMkl2Y2Q3ekFkZG41aXZLUjZWMkliemtoclhxN280WmdsNTRCeUJMQlBlOG1majh1QnZoaTU3VDQtMHJobmNpd3RQa0kxR2VGMA?oc=5,"Mon, 31 Aug 2026 14:45:25 GMT",technology stocks,"Accenture Stock: Is ACN Underperforming the Technology Sector? - Yahoo Finance <a href=""https://news.google.com/rss/articles/CBMisAFBVV95cUxNSUgzNlRnbm13bDV6blRtcXlkM09ucWpvRWVSVEsyeXVEWHM5TXM1U1JYd2dvTXo0bWFFeUg0Q3UzaFE2UFg5THdjZXFqdUZCQ0wzS2pOaW5MMlk2WTR6S3F1WTRZVWpGMkl2Y2Q3ekFkZG41aXZLUjZWMkliemtoclhxN280WmdsNTRCeUJMQlBlOG1majh1QnZoaTU3VDQtMHJobmNpd3RQa0kxR2VGMA?oc=5"" target=""_blank"">Accenture Stock: Is ACN Underperforming the Technology Sector?</a>&nbsp;&nbsp;<font color=""#6f6f6f"">Yahoo Finance</font>",accenture stock is acn underperforming the technology sector yahoo finance accenture stock is acn underperforming the technology sector nbsp nbsp yahoo finance
KOSPI rebounds as chip stocks recover while Nikkei 225 slides on bond shock - TradingView,"<a href=""https://news.google.com/rss/articles/CBMizAFBVV95cUxPWUIyaVBuTkFFZjA1djBiRjZudFlkbUpJNzR2OWpabHFrOUJfTVNIVXFWZ2UzNWRJaWJnUkdoNFV1bTZpNE9tYkxtNldLaGozWUtDc3NwN2ZHZ0FEUEx5bzdWMUwzODJ3ZjFQNk1fTVlPSlpubnNHenhIWkt3UmJOeDlZbnVOTVpmMUxGM01FUjRlQzRlT3R0Uk9yTE9GaWg4TEhzVWN5ZDF0Zm1peUFCQ05tZFVfdkpxU3p4c2VGTFdMak93MTdkNUQ2cWw?oc=5"" target=""_blank"">KOSPI rebounds as chip stocks recover while Nikkei 225 slides on bond shock</a>&nbsp;&nbsp;<font color=""#6f6f6f"">TradingView</font>",https://news.google.com/rss/articles/CBMizAFBVV95cUxPWUIyaVBuTkFFZjA1djBiRjZudFlkbUpJNzR2OWpabHFrOUJfTVNIVXFWZ2UzNWRJaWJnUkdoNFV1bTZpNE9tYkxtNldLaGozWUtDc3NwN2ZHZ0FEUEx5bzdWMUwzODJ3ZjFQNk1fTVlPSlpubnNHenhIWkt3UmJOeDlZbnVOTVpmMUxGM01FUjRlQzRlT3R0Uk9yTE9GaWg4TEhzVWN5ZDF0Zm1peUFCQ05tZFVfdkpxU3p4c2VGTFdMak93MTdkNUQ2cWw?oc=5,"Tue, 01 Sep 2026 04:42:00 GMT",technology stocks,"KOSPI rebounds as chip stocks recover while Nikkei 225 slides on bond shock - TradingView <a href=""https://news.google.com/rss/articles/CBMizAFBVV95cUxPWUIyaVBuTkFFZjA1djBiRjZudFlkbUpJNzR2OWpabHFrOUJfTVNIVXFWZ2UzNWRJaWJnUkdoNFV1bTZpNE9tYkxtNldLaGozWUtDc3NwN2ZHZ0FEUEx5bzdWMUwzODJ3ZjFQNk1fTVlPSlpubnNHenhIWkt3UmJOeDlZbnVOTVpmMUxGM01FUjRlQzRlT3R0Uk9yTE9GaWg4TEhzVWN5ZDF0Zm1peUFCQ05tZFVfdkpxU3p4c2VGTFdMak93MTdkNUQ2cWw?oc=5"" target=""_blank"">KOSPI rebounds as chip stocks recover while Nikkei 225 slides on bond shock</a>&nbsp;&nbsp;<font color=""#6f6f6f"">TradingView</font>",kospi rebounds as chip stocks recover while nikkei 225 slides on bond shock tradingview kospi rebounds as chip stocks recover while nikkei 225 slides on bond shock nbsp nbsp tradingview
Global Market: Japan stocks see sector rotation as tech shares tumble - The Economic Times,"<a href=""https://news.google.com/rss/articles/CBMiwAJBVV95cUxPZ044YTl0eTdXYW8yVTFhNy1uOWdnSldYbW9DaUpGbWMzekQyZUZtdWM0blBacVR6TjF6amdKWmdsRzRvdEJ2TzIzQjl3T1VFQktmSFpNRHRxbGp3MmoxNy1OZ3JZNFFieTl6TDVpQUZaRHROYnZTNUtmYU1SLU5xMWpfREozQ1NzaTUzWkV5NUh4dUNMYnhqbDNuRlg2M3NnZ3BHalR0bmFjaG10NEV3SUFpTXZrb3JIUGN6dldXWUxKTC1jMnEzcW1FY1V4Zlc3bzdGS0RodE1TZnVMSWZYcmdhNGlRZzJpMFljZ0F4SV93QjR1U2g3Z1hmNjd2YUthNTBqbC1lcFIzWG9FNjVMN09OM2c5Z0kwaG9SMDRsYVpiVnM1cURCMmxfMUNQWFhWUTBuT1BSNEVoZkpqb1d1ZdIB3AFBVV95cUxPdXRqd3lONVViNmdJZ3BWMmxJX0tZWXQwMTJ4cW5KR19nZWFrTDQtNjFpRTdiUWZZVFp5MW9NQ0ttSFR6LUZvX2ZKWXI3aF9yQk9WUjhqVDNxMzk2blpjOEZfSUt1SXR2MDR4WGpDdHNGSlItVTd4TmJpNG9nNUhfTkEwV1VqQkdzeGd5UkNacEZ5b0llWWtwNGd5cWJheHZjSnZPR29Jd0F2X2lTbDRrSDRMWEQzbDZRMmJIdmh5dEpuaWZKSndXODZpaG5xWnVPUmU1cXZHMXhreFpH?oc=5"" target=""_blank"">Global Market: Japan stocks see sector rotation as tech shares tumble</a>&nbsp;&nbsp;<font color=""#6f6f6f"">The Economic Times</font>",https://news.google.com/rss/articles/CBMiwAJBVV95cUxPZ044YTl0eTdXYW8yVTFhNy1uOWdnSldYbW9DaUpGbWMzekQyZUZtdWM0blBacVR6TjF6amdKWmdsRzRvdEJ2TzIzQjl3T1VFQktmSFpNRHRxbGp3MmoxNy1OZ3JZNFFieTl6TDVpQUZaRHROYnZTNUtmYU1SLU5xMWpfREozQ1NzaTUzWkV5NUh4dUNMYnhqbDNuRlg2M3NnZ3BHalR0bmFjaG10NEV3SUFpTXZrb3JIUGN6dldXWUxKTC1jMnEzcW1FY1V4Zlc3bzdGS0RodE1TZnVMSWZYcmdhNGlRZzJpMFljZ0F4SV93QjR1U2g3Z1hmNjd2YUthNTBqbC1lcFIzWG9FNjVMN09OM2c5Z0kwaG9SMDRsYVpiVnM1cURCMmxfMUNQWFhWUTBuT1BSNEVoZkpqb1d1ZdIB3AFBVV95cUxPdXRqd3lONVViNmdJZ3BWMmxJX0tZWXQwMTJ4cW5KR19nZWFrTDQtNjFpRTdiUWZZVFp5MW9NQ0ttSFR6LUZvX2ZKWXI3aF9yQk9WUjhqVDNxMzk2blpjOEZfSUt1SXR2MDR4WGpDdHNGSlItVTd4TmJpNG9nNUhfTkEwV1VqQkdzeGd5UkNacEZ5b0llWWtwNGd5cWJheHZjSnZPR29Jd0F2X2lTbDRrSDRMWEQzbDZRMmJIdmh5dEpuaWZKSndXODZpaG5xWnVPUmU1cXZHMXhreFpH?oc=5,"Tue, 01 Sep 2026 04:37:31 GMT",technology stocks,"Global Market: Japan stocks see sector rotation as tech shares tumble - The Economic Times <a href=""https://news.google.com/rss/articles/CBMiwAJBVV95cUxPZ044YTl0eTdXYW8yVTFhNy1uOWdnSldYbW9DaUpGbWMzekQyZUZtdWM0blBacVR6TjF6amdKWmdsRzRvdEJ2TzIzQjl3T1VFQktmSFpNRHRxbGp3MmoxNy1OZ3JZNFFieTl6TDVpQUZaRHROYnZTNUtmYU1SLU5xMWpfREozQ1NzaTUzWkV5NUh4dUNMYnhqbDNuRlg2M3NnZ3BHalR0bmFjaG10NEV3SUFpTXZrb3JIUGN6dldXWUxKTC1jMnEzcW1FY1V4Zlc3bzdGS0RodE1TZnVMSWZYcmdhNGlRZzJpMFljZ0F4SV93QjR1U2g3Z1hmNjd2YUthNTBqbC1lcFIzWG9FNjVMN09OM2c5Z0kwaG9SMDRsYVpiVnM1cURCMmxfMUNQWFhWUTBuT1BSNEVoZkpqb1d1ZdIB3AFBVV95cUxPdXRqd3lONVViNmdJZ3BWMmxJX0tZWXQwMTJ4cW5KR19nZWFrTDQtNjFpRTdiUWZZVFp5MW9NQ0ttSFR6LUZvX2ZKWXI3aF9yQk9WUjhqVDNxMzk2blpjOEZfSUt1SXR2MDR4WGpDdHNGSlItVTd4TmJpNG9nNUhfTkEwV1VqQkdzeGd5UkNacEZ5b0llWWtwNGd5cWJheHZjSnZPR29Jd0F2X2lTbDRrSDRMWEQzbDZRMmJIdmh5dEpuaWZKSndXODZpaG5xWnVPUmU1cXZHMXhreFpH?oc=5"" target=""_blank"">Global Market: Japan stocks see sector rotation as tech shares tumble</a>&nbsp;&nbsp;<font color=""#6f6f6f"">The Economic Times</font>",global market japan stocks see sector rotation as tech shares tumble the economic times global market japan stocks see sector rotation as tech shares tumble nbsp nbsp the economic times
Bank of England chief warns new AI models threaten global financial stability - CNBC,"<a href=""https://news.google.com/rss/articles/CBMihwFBVV95cUxPSTRMZGtDQUtqY2t3NzFpS18yMk9NQ05FdjUyenBKNi1famRNZ3YzOFh5ajczamhSQWNoVDE4TnQ1ZGNXcGJIVmUyM1ExcHVYVldPN2FEb2JHUDFJMWtXbVlOTzhLZW1WdHljclhfRnNpUVdyM3J0Rkg4WnN2eDY2TWdrNDl6amPSAYwBQVVfeXFMUFpNdktJV2lxOU94WXlEWTVXRk1Ib0FJOFZaRnZEWE9NdzNpNHcydTRTMFR6VGFoWklfUnlaVHRwODdNbi1kVTh4cXl2NEZCdS1CanpyLVUtU0tudTltV3pDdk42al9OYmZ2U1dRTWtOemlHQzdEbzk4eGZuQXZKSUluSTE1Z2xTcjVPM1k?oc=5"" target=""_blank"">Bank of England chief warns new AI models threaten global financial stability</a>&nbsp;&nbsp;<font color=""#6f6f6f"">CNBC</font>",https://news.google.com/rss/articles/CBMihwFBVV95cUxPSTRMZGtDQUtqY2t3NzFpS18yMk9NQ05FdjUyenBKNi1famRNZ3YzOFh5ajczamhSQWNoVDE4TnQ1ZGNXcGJIVmUyM1ExcHVYVldPN2FEb2JHUDFJMWtXbVlOTzhLZW1WdHljclhfRnNpUVdyM3J0Rkg4WnN2eDY2TWdrNDl6amPSAYwBQVVfeXFMUFpNdktJV2lxOU94WXlEWTVXRk1Ib0FJOFZaRnZEWE9NdzNpNHcydTRTMFR6VGFoWklfUnlaVHRwODdNbi1kVTh4cXl2NEZCdS1CanpyLVUtU0tudTltV3pDdk42al9OYmZ2U1dRTWtOemlHQzdEbzk4eGZuQXZKSUluSTE1Z2xTcjVPM1k?oc=5,"Mon, 31 Aug 2026 10:18:59 GMT",banking finance,"Bank of England chief warns new AI models threaten global financial stability - CNBC <a href=""https://news.google.com/rss/articles/CBMihwFBVV95cUxPSTRMZGtDQUtqY2t3NzFpS18yMk9NQ05FdjUyenBKNi1famRNZ3YzOFh5ajczamhSQWNoVDE4TnQ1ZGNXcGJIVmUyM1ExcHVYVldPN2FEb2JHUDFJMWtXbVlOTzhLZW1WdHljclhfRnNpUVdyM3J0Rkg4WnN2eDY2TWdrNDl6amPSAYwBQVVfeXFMUFpNdktJV2lxOU94WXlEWTVXRk1Ib0FJOFZaRnZEWE9NdzNpNHcydTRTMFR6VGFoWklfUnlaVHRwODdNbi1kVTh4cXl2NEZCdS1CanpyLVUtU0tudTltV3pDdk42al9OYmZ2U1dRTWtOemlHQzdEbzk4eGZuQXZKSUluSTE1Z2xTcjVPM1k?oc=5"" target=""_blank"">Bank of England chief warns new AI models threaten global financial stability</a>&nbsp;&nbsp;<font color=""#6f6f6f"">CNBC</font>",bank of england chief warns new ai models threaten global financial stability cnbc bank of england chief warns new ai models threaten global financial stability nbsp nbsp cnbc
"Goldman Sachs, BofA and others plan to issue dollar stablecoin together in 2027 - Reuters","<a href=""https://news.google.com/rss/articles/CBMivgFBVV95cUxPN01yNnpGbk1CVXJyS00tY0swX3JKTldjOER3SlY1clItcU5Nbk1XYzZFNEJDR1BIZ2NaSXk5Z0VTRGZJdDd4cUk2YnBLWGNSVVJGS3VTbFRNUlMtcnd6Y1FiU3lfSUU1V3lhSjNfSEhjMjdubTlfOEFEWXZwZUJWVHVxNVBHT0s3TzJfLWRSYTJzNHRtVTVqZEgtcFZER3ZRV0VnRk9jTm40RURvTksyTFA1d29Fem1TMGctaXJB?oc=5"" target=""_blank"">Goldman Sachs, BofA and others plan to issue dollar stablecoin together in 2027</a>&nbsp;&nbsp;<font color=""#6f6f6f"">Reuters</font>",https://news.google.com/rss/articles/CBMivgFBVV95cUxPN01yNnpGbk1CVXJyS00tY0swX3JKTldjOER3SlY1clItcU5Nbk1XYzZFNEJDR1BIZ2NaSXk5Z0VTRGZJdDd4cUk2YnBLWGNSVVJGS3VTbFRNUlMtcnd6Y1FiU3lfSUU1V3lhSjNfSEhjMjdubTlfOEFEWXZwZUJWVHVxNVBHT0s3TzJfLWRSYTJzNHRtVTVqZEgtcFZER3ZRV0VnRk9jTm40RURvTksyTFA1d29Fem1TMGctaXJB?oc=5,"Tue, 01 Sep 2026 17:23:40 GMT",banking finance,"Goldman Sachs, BofA and others plan to issue dollar stablecoin together in 2027 - Reuters <a href=""https://news.google.com/rss/articles/CBMivgFBVV95cUxPN01yNnpGbk1CVXJyS00tY0swX3JKTldjOER3SlY1clItcU5Nbk1XYzZFNEJDR1BIZ2NaSXk5Z0VTRGZJdDd4cUk2YnBLWGNSVVJGS3VTbFRNUlMtcnd6Y1FiU3lfSUU1V3lhSjNfSEhjMjdubTlfOEFEWXZwZUJWVHVxNVBHT0s3TzJfLWRSYTJzNHRtVTVqZEgtcFZER3ZRV0VnRk9jTm40RURvTksyTFA1d29Fem1TMGctaXJB?oc=5"" target=""_blank"">Goldman Sachs, BofA and others plan to issue dollar stablecoin together in 2027</a>&nbsp;&nbsp;<font color=""#6f6f6f"">Reuters</font>",goldman sachs bofa and others plan to issue dollar stablecoin together in 2027 reuters goldman sachs bofa and others plan to issue dollar stablecoin together in 2027 nbsp nbsp reuters
Ex-J&K Minister Raises Concerns Over Bank's Recruitment And Lending Policies - ndtv.com,"<a href=""https://news.google.com/rss/articles/CBMi5wFBVV95cUxOMExIYU83M3QyTzhaRGhSSjZXeFZVak91a1dSclFOWWpYdTFKeFhXOFpEUGFHSmk2LTZSRWFPWDY3U0VtMXJZQ0QtdVdVcFlXRDhTT1ByUzd0T0FyRHNFMHhyekJFV1NRODI3VG12ZjZUb2RiVWNSQ1VhaDV1ZEFCTktnNEtxV2pxejhiN2lvSnNoZmp6X3lMU2Njb2FiN3ZGZ0RmMExYaXktNm9TNzAwOVJ1aEVJTl9kNWZEc2FGX2lYYUxVMVZqa09IUmJadkRvb2NBeGlnUWtwR3B2UFdNaGVrVlNuZknSAe8BQVVfeXFMUDBxRnNrZzBfQlVwekJLQktnYXpsZE1jV2p2Z0NQWVdCSWZFWjJTOHlBc0dlZHFDRk9ZcTZCNmdQNXZPZC1jeWFSbWtZSjkydTk5RWJsRnZaTlFGV2gyRFo4T05qOEhNeUsyTzZYdm5MNTk5LXhNRHhkWXc1N0I1NnZxVlllSl9naVl4c1MwR2k5cDU2ZFV3QUpOV0o4NkZBQU13NkVrbmF3SUU4V2pIY1FWVGNxSkJoV015ZU5HcG5WY3BGNmNOcUJqbWwzZDdjbWVYcFkwWHIwc05Id1hQSHJZZnExSk83LW1LWTlSbW8?oc=5"" target=""_blank"">Ex-J&K Minister Raises Concerns Over Bank's Recruitment And Lending Policies</a>&nbsp;&nbsp;<font color=""#6f6f6f"">ndtv.com</font>",https://news.google.com/rss/articles/CBMi5wFBVV95cUxOMExIYU83M3QyTzhaRGhSSjZXeFZVak91a1dSclFOWWpYdTFKeFhXOFpEUGFHSmk2LTZSRWFPWDY3U0VtMXJZQ0QtdVdVcFlXRDhTT1ByUzd0T0FyRHNFMHhyekJFV1NRODI3VG12ZjZUb2RiVWNSQ1VhaDV1ZEFCTktnNEtxV2pxejhiN2lvSnNoZmp6X3lMU2Njb2FiN3ZGZ0RmMExYaXktNm9TNzAwOVJ1aEVJTl9kNWZEc2FGX2lYYUxVMVZqa09IUmJadkRvb2NBeGlnUWtwR3B2UFdNaGVrVlNuZknSAe8BQVVfeXFMUDBxRnNrZzBfQlVwekJLQktnYXpsZE1jV2p2Z0NQWVdCSWZFWjJTOHlBc0dlZHFDRk9ZcTZCNmdQNXZPZC1jeWFSbWtZSjkydTk5RWJsRnZaTlFGV2gyRFo4T05qOEhNeUsyTzZYdm5MNTk5LXhNRHhkWXc1N0I1NnZxVlllSl9naVl4c1MwR2k5cDU2ZFV3QUpOV0o4NkZBQU13NkVrbmF3SUU4V2pIY1FWVGNxSkJoV015ZU5HcG5WY3BGNmNOcUJqbWwzZDdjbWVYcFkwWHIwc05Id1hQSHJZZnExSk83LW1LWTlSbW8?oc=5,"Tue, 01 Sep 2026 07:21:10 GMT",banking finance,"Ex-J&K Minister Raises Concerns Over Bank's Recruitment And Lending Policies - ndtv.com <a href=""https://news.google.com/rss/articles/CBMi5wFBVV95cUxOMExIYU83M3QyTzhaRGhSSjZXeFZVak91a1dSclFOWWpYdTFKeFhXOFpEUGFHSmk2LTZSRWFPWDY3U0VtMXJZQ0QtdVdVcFlXRDhTT1ByUzd0T0FyRHNFMHhyekJFV1NRODI3VG12ZjZUb2RiVWNSQ1VhaDV1ZEFCTktnNEtxV2pxejhiN2lvSnNoZmp6X3lMU2Njb2FiN3ZGZ0RmMExYaXktNm9TNzAwOVJ1aEVJTl9kNWZEc2FGX2lYYUxVMVZqa09IUmJadkRvb2NBeGlnUWtwR3B2UFdNaGVrVlNuZknSAe8BQVVfeXFMUDBxRnNrZzBfQlVwekJLQktnYXpsZE1jV2p2Z0NQWVdCSWZFWjJTOHlBc0dlZHFDRk9ZcTZCNmdQNXZPZC1jeWFSbWtZSjkydTk5RWJsRnZaTlFGV2gyRFo4T05qOEhNeUsyTzZYdm5MNTk5LXhNRHhkWXc1N0I1NnZxVlllSl9naVl4c1MwR2k5cDU2ZFV3QUpOV0o4NkZBQU13NkVrbmF3SUU4V2pIY1FWVGNxSkJoV015ZU5HcG5WY3BGNmNOcUJqbWwzZDdjbWVYcFkwWHIwc05Id1hQSHJZZnExSk83LW1LWTlSbW8?oc=5"" target=""_blank"">Ex-J&K Minister Raises Concerns Over Bank's Recruitment And Lending Policies</a>&nbsp;&nbsp;<font color=""#6f6f6f"">ndtv.com</font>",ex j k minister raises concerns over bank s recruitment and lending policies ndtv com ex j k minister raises concerns over bank s recruitment and lending policies nbsp nbsp ndtv com
"HDFC Bank CEO exit: Orderly succession key to investor confidence, says Moody’s - The Economic Times","<a href=""https://news.google.com/rss/articles/CBMiggJBVV95cUxQMW1QNGhvdVcxY0F3T1E4ZWpiSi1uYlNtbUstQ21UamhyQk5KSUhKeFZCdjh1a0pQVHRzR0lRaXVTWVpVNHpYR2tLT3VWWEIwcURDS1VNY2I3OW5Bc3RySnNHeXRaUkU2WU9xZTZyWmJua1pfYlI2N19Td0o1MnRkYk1YZEp1M1lYVHg4alFoLVh4YkVFRFBVcjZDS0s2Q1lhbkNwZV80REl5cXVHQVNtLTdKQkhEZ1VudTluX21VTEZJYURqbHVueXAxR0E5QWxMQXBRNmR5Qnk1ZnQzNGNod1p2M3lKdXlkV2RSTEt5Sy1QVFhfU01rS1gzOHlUYWpSSEHSAfsBQVVfeXFMT2sxWGNxOF9TZkJhdU9HZWJvb2I4UGRDZG1qMkdSeWg1UXdBc3pMamNBY1UzcWhmaTZOeWFTcnFMTkVtZUw1X2g1SmF5ZU5uVW9nb3JKaEdDbzZrUVR1azJvS0hsci1VYU5PNms4dFdodHdOUWN2cUpDZXctQlR4OGxWUElJcWd2bGxYRmFMMnJRNWlGdFlvV2oyTi1MRHdCeXNMRGJXUi1lb1NMa1puU2tDN0U4X2xmUjJaR2hPT29kSjNlQ3dLM2RodklsbE1SWDdHUWNhRjZPblZGc3ZSZHhRcG1zT3d4b2laRU94RnJ4OFF6SWVoLXpiOVE?oc=5"" target=""_blank"">HDFC Bank CEO exit: Orderly succession key to investor confidence, says Moody’s</a>&nbsp;&nbsp;<font color=""#6f6f6f"">The Economic Times</font>",https://news.google.com/rss/articles/CBMiggJBVV95cUxQMW1QNGhvdVcxY0F3T1E4ZWpiSi1uYlNtbUstQ21UamhyQk5KSUhKeFZCdjh1a0pQVHRzR0lRaXVTWVpVNHpYR2tLT3VWWEIwcURDS1VNY2I3OW5Bc3RySnNHeXRaUkU2WU9xZTZyWmJua1pfYlI2N19Td0o1MnRkYk1YZEp1M1lYVHg4alFoLVh4YkVFRFBVcjZDS0s2Q1lhbkNwZV80REl5cXVHQVNtLTdKQkhEZ1VudTluX21VTEZJYURqbHVueXAxR0E5QWxMQXBRNmR5Qnk1ZnQzNGNod1p2M3lKdXlkV2RSTEt5Sy1QVFhfU01rS1gzOHlUYWpSSEHSAfsBQVVfeXFMT2sxWGNxOF9TZkJhdU9HZWJvb2I4UGRDZG1qMkdSeWg1UXdBc3pMamNBY1UzcWhmaTZOeWFTcnFMTkVtZUw1X2g1SmF5ZU5uVW9nb3JKaEdDbzZrUVR1azJvS0hsci1VYU5PNms4dFdodHdOUWN2cUpDZXctQlR4OGxWUElJcWd2bGxYRmFMMnJRNWlGdFlvV2oyTi1MRHdCeXNMRGJXUi1lb1NMa1puU2tDN0U4X2xmUjJaR2hPT29kSjNlQ3dLM2RodklsbE1SWDdHUWNhRjZPblZGc3ZSZHhRcG1zT3d4b2laRU94RnJ4OFF6SWVoLXpiOVE?oc=5,"Mon, 31 Aug 2026 11:20:55 GMT",banking finance,"HDFC Bank CEO exit: Orderly succession key to investor confidence, says Moody’s - The Economic Times <a href=""https://news.google.com/rss/articles/CBMiggJBVV95cUxQMW1QNGhvdVcxY0F3T1E4ZWpiSi1uYlNtbUstQ21UamhyQk5KSUhKeFZCdjh1a0pQVHRzR0lRaXVTWVpVNHpYR2tLT3VWWEIwcURDS1VNY2I3OW5Bc3RySnNHeXRaUkU2WU9xZTZyWmJua1pfYlI2N19Td0o1MnRkYk1YZEp1M1lYVHg4alFoLVh4YkVFRFBVcjZDS0s2Q1lhbkNwZV80REl5cXVHQVNtLTdKQkhEZ1VudTluX21VTEZJYURqbHVueXAxR0E5QWxMQXBRNmR5Qnk1ZnQzNGNod1p2M3lKdXlkV2RSTEt5Sy1QVFhfU01rS1gzOHlUYWpSSEHSAfsBQVVfeXFMT2sxWGNxOF9TZkJhdU9HZWJvb2I4UGRDZG1qMkdSeWg1UXdBc3pMamNBY1UzcWhmaTZOeWFTcnFMTkVtZUw1X2g1SmF5ZU5uVW9nb3JKaEdDbzZrUVR1azJvS0hsci1VYU5PNms4dFdodHdOUWN2cUpDZXctQlR4OGxWUElJcWd2bGxYRmFMMnJRNWlGdFlvV2oyTi1MRHdCeXNMRGJXUi1lb1NMa1puU2tDN0U4X2xmUjJaR2hPT29kSjNlQ3dLM2RodklsbE1SWDdHUWNhRjZPblZGc3ZSZHhRcG1zT3d4b2laRU94RnJ4OFF6SWVoLXpiOVE?oc=5"" target=""_blank"">HDFC Bank CEO exit: Orderly succession key to investor confidence, says Moody’s</a>&nbsp;&nbsp;<font color=""#6f6f6f"">The Economic Times</font>",hdfc bank ceo exit orderly succession key to investor confidence says moody s the economic times hdfc bank ceo exit orderly succession key to investor confidence says moody s nbsp nbsp the economic times
"India Post Payments Bank launches mutual fund, insurance platforms: Check what customers can access - Livemint","<a href=""https://news.google.com/rss/articles/CBMi-AFBVV95cUxPU2ZEVkk3bjFRdWJoZkdYRERQdU9zZWg0SUtqMm96LUI0b1drSm1RNXNITEtYSExKSTFQMzlVa003Uy1iNkhjbEpZajcwemxyemRrZlk4Qk1UY214QUtmQ2dPclRtdnduOUpNN0ZMUVhWc2Rad05NWV9BZU1kZkVDR0FieEtLcG1BdXRucnZnR1hWb3BfNXNGZWFtdjV5SUZGdXFpcGhuQ3pKd0lJa0FWdWg2YjMwMXRGS1hZYVVaa3BNc3pSNEstZ3RnMWkxN1BnQzNfNmM2WlU4RTFqaUl5eWZRNlM3QU5Rc2hqRll1T210WHhCMGJXcNIB_gFBVV95cUxPcFNlX0RBOFlHZU5qa0JxTXU1TXV6QVpybFpMWThHR2dISTZFdVhadndXaDB3bFRaSGo0S1lNS0k1cmk2V09QTmNhX0hKQkRJYWxzbGhESXpkSVpwb05CMXk2OTBiM3JYTmxWYjdiblJpNHYxVGxsMVZVUWdkaG5tU2dXN2U3d0gzdlA5M3JncGEwVi1iSUVzR29fTFdFQWh0VXlRd0JseC1CcXJrMTZZc0o1UTAzcmt0d1RWelVSQV9ma1h0cEZnb1RxeWVyQ1c4RjFMTE5HdlJMbU5qTmZrcmg0ZThnaG9HSFh5V2d5NjlLRHhHZXBRMWJyVWRqZw?oc=5"" target=""_blank"">India Post Payments Bank launches mutual fund, insurance platforms: Check what customers can access</a>&nbsp;&nbsp;<font color=""#6f6f6f"">Livemint</font>",https://news.google.com/rss/articles/CBMi-AFBVV95cUxPU2ZEVkk3bjFRdWJoZkdYRERQdU9zZWg0SUtqMm96LUI0b1drSm1RNXNITEtYSExKSTFQMzlVa003Uy1iNkhjbEpZajcwemxyemRrZlk4Qk1UY214QUtmQ2dPclRtdnduOUpNN0ZMUVhWc2Rad05NWV9BZU1kZkVDR0FieEtLcG1BdXRucnZnR1hWb3BfNXNGZWFtdjV5SUZGdXFpcGhuQ3pKd0lJa0FWdWg2YjMwMXRGS1hZYVVaa3BNc3pSNEstZ3RnMWkxN1BnQzNfNmM2WlU4RTFqaUl5eWZRNlM3QU5Rc2hqRll1T210WHhCMGJXcNIB_gFBVV95cUxPcFNlX0RBOFlHZU5qa0JxTXU1TXV6QVpybFpMWThHR2dISTZFdVhadndXaDB3bFRaSGo0S1lNS0k1cmk2V09QTmNhX0hKQkRJYWxzbGhESXpkSVpwb05CMXk2OTBiM3JYTmxWYjdiblJpNHYxVGxsMVZVUWdkaG5tU2dXN2U3d0gzdlA5M3JncGEwVi1iSUVzR29fTFdFQWh0VXlRd0JseC1CcXJrMTZZc0o1UTAzcmt0d1RWelVSQV9ma1h0cEZnb1RxeWVyQ1c4RjFMTE5HdlJMbU5qTmZrcmg0ZThnaG9HSFh5V2d5NjlLRHhHZXBRMWJyVWRqZw?oc=5,"Wed, 02 Sep 2026 06:05:41 GMT",banking finance,"India Post Payments Bank launches mutual fund, insurance platforms: Check what customers can access - Livemint <a href=""https://news.google.com/rss/articles/CBMi-AFBVV95cUxPU2ZEVkk3bjFRdWJoZkdYRERQdU9zZWg0SUtqMm96LUI0b1drSm1RNXNITEtYSExKSTFQMzlVa003Uy1iNkhjbEpZajcwemxyemRrZlk4Qk1UY214QUtmQ2dPclRtdnduOUpNN0ZMUVhWc2Rad05NWV9BZU1kZkVDR0FieEtLcG1BdXRucnZnR1hWb3BfNXNGZWFtdjV5SUZGdXFpcGhuQ3pKd0lJa0FWdWg2YjMwMXRGS1hZYVVaa3BNc3pSNEstZ3RnMWkxN1BnQzNfNmM2WlU4RTFqaUl5eWZRNlM3QU5Rc2hqRll1T210WHhCMGJXcNIB_gFBVV95cUxPcFNlX0RBOFlHZU5qa0JxTXU1TXV6QVpybFpMWThHR2dISTZFdVhadndXaDB3bFRaSGo0S1lNS0k1cmk2V09QTmNhX0hKQkRJYWxzbGhESXpkSVpwb05CMXk2OTBiM3JYTmxWYjdiblJpNHYxVGxsMVZVUWdkaG5tU2dXN2U3d0gzdlA5M3JncGEwVi1iSUVzR29fTFdFQWh0VXlRd0JseC1CcXJrMTZZc0o1UTAzcmt0d1RWelVSQV9ma1h0cEZnb1RxeWVyQ1c4RjFMTE5HdlJMbU5qTmZrcmg0ZThnaG9HSFh5V2d5NjlLRHhHZXBRMWJyVWRqZw?oc=5"" target=""_blank"">India Post Payments Bank launches mutual fund, insurance platforms: Check what customers can access</a>&nbsp;&nbsp;<font color=""#6f6f6f"">Livemint</font>",india post payments bank launches mutual fund insurance platforms check what customers can access livemint india post payments bank launches mutual fund insurance platforms check what customers can access nbsp nbsp livemint
FSB Chair’s letter to G20 Finance Ministers and Central Bank Governors: August 2026 - Financial Stability Board,"<a href=""https://news.google.com/rss/articles/CBMirwFBVV95cUxOcmNpUTBmUVNkTW5RVkw2Vm5ZT09wNTAwdFNhZG14QUlpczNGUVpmb0VJVWdWdm9NdXJDVllZaUpxQ053X0Z3blh5aWFFWktReVVPYWxuSFNNS1NzdHpaajEwMXFQTVZmSEw0SC01TXRhS3Z2dzFrMnBIY0ozREJ4QkNkdDhMQUw5UjduQzNvel9LQkVoX0xnVDkwV2FjR0cxXzNlSEZDVndIOWtza1NB?oc=5"" target=""_blank"">FSB Chair’s letter to G20 Finance Ministers and Central Bank Governors: August 2026</a>&nbsp;&nbsp;<font color=""#6f6f6f"">Financial Stability Board</font>",https://news.google.com/rss/articles/CBMirwFBVV95cUxOcmNpUTBmUVNkTW5RVkw2Vm5ZT09wNTAwdFNhZG14QUlpczNGUVpmb0VJVWdWdm9NdXJDVllZaUpxQ053X0Z3blh5aWFFWktReVVPYWxuSFNNS1NzdHpaajEwMXFQTVZmSEw0SC01TXRhS3Z2dzFrMnBIY0ozREJ4QkNkdDhMQUw5UjduQzNvel9LQkVoX0xnVDkwV2FjR0cxXzNlSEZDVndIOWtza1NB?oc=5,"Mon, 31 Aug 2026 05:59:42 GMT",banking finance,"FSB Chair’s letter to G20 Finance Ministers and Central Bank Governors: August 2026 - Financial Stability Board <a href=""https://news.google.com/rss/articles/CBMirwFBVV95cUxOcmNpUTBmUVNkTW5RVkw2Vm5ZT09wNTAwdFNhZG14QUlpczNGUVpmb0VJVWdWdm9NdXJDVllZaUpxQ053X0Z3blh5aWFFWktReVVPYWxuSFNNS1NzdHpaajEwMXFQTVZmSEw0SC01TXRhS3Z2dzFrMnBIY0ozREJ4QkNkdDhMQUw5UjduQzNvel9LQkVoX0xnVDkwV2FjR0cxXzNlSEZDVndIOWtza1NB?oc=5"" target=""_blank"">FSB Chair’s letter to G20 Finance Ministers and Central Bank Governors: August 2026</a>&nbsp;&nbsp;<font color=""#6f6f6f"">Financial Stability Board</font>",fsb chair s letter to g20 finance ministers and central bank governors august 2026 financial stability board fsb chair s letter to g20 finance ministers and central bank governors august 2026 nbsp nbsp financial stability board
"September 2026 Financial Changes: SGB Redemptions, Banking Charges And More - News18","<a href=""https://news.google.com/rss/articles/CBMi6AFBVV95cUxNbG11cUVzbXJPTkxHeU4xcEpGWEpGQk53ajEwYWtsZTUzZ0hLSi1FQzBia0k3bzJRc282RkF5bExMN2F3SHpZWms5NnBZZlZYNWRINTB5TUZWbkFpODlDOXNDQXR6UTIwbFJrOWZtM3Rpb3Zkb3pwOUJJdmRNWjkyTFJEX2VQWWZ4SFVGbWFHZmJaMU5NX19DTXJLX3Y0ZXByU3RBamxSTktWWGFSV1VGYUJ6OWdxb0pyQ3hlbkdtM1FIaTYwYnhEdE50QUY2X0VzVnE0bkVwOEJNVldsSG41cFJDT0taODk20gHuAUFVX3lxTE9wZnpIQm92WG85VHlYQy16S2RyX3ZSNzFfVnB4U212ZFZCQUw0Q2JHd0JXY05pZ3FYWWFJeXZ5QVFoYWE4aDlaSHBxUnNJTUtOUWlDblQtYUxzT1cwYld6LUY4dUZiTmswamllM3UtSmQ4cG5fZ2d1NGpHNHI0Umt4WHkyQ0ZlRmdwdHBmVTRVRkx6WDYwdmNLSm1tRWs1ZFh2SUM2VDVNNWtDSkE1cXdQcHc2c1pXejAxQjhUOWVqLVJ4Vm9TV1FxOW1IbS1taEZnTkpGTW1LTEtjUi1weGJCWHlHdFZ5NWhmQ2Y1d3c?oc=5"" target=""_blank"">September 2026 Financial Changes: SGB Redemptions, Banking Charges And More</a>&nbsp;&nbsp;<font color=""#6f6f6f"">News18</font>",https://news.google.com/rss/articles/CBMi6AFBVV95cUxNbG11cUVzbXJPTkxHeU4xcEpGWEpGQk53ajEwYWtsZTUzZ0hLSi1FQzBia0k3bzJRc282RkF5bExMN2F3SHpZWms5NnBZZlZYNWRINTB5TUZWbkFpODlDOXNDQXR6UTIwbFJrOWZtM3Rpb3Zkb3pwOUJJdmRNWjkyTFJEX2VQWWZ4SFVGbWFHZmJaMU5NX19DTXJLX3Y0ZXByU3RBamxSTktWWGFSV1VGYUJ6OWdxb0pyQ3hlbkdtM1FIaTYwYnhEdE50QUY2X0VzVnE0bkVwOEJNVldsSG41cFJDT0taODk20gHuAUFVX3lxTE9wZnpIQm92WG85VHlYQy16S2RyX3ZSNzFfVnB4U212ZFZCQUw0Q2JHd0JXY05pZ3FYWWFJeXZ5QVFoYWE4aDlaSHBxUnNJTUtOUWlDblQtYUxzT1cwYld6LUY4dUZiTmswamllM3UtSmQ4cG5fZ2d1NGpHNHI0Umt4WHkyQ0ZlRmdwdHBmVTRVRkx6WDYwdmNLSm1tRWs1ZFh2SUM2VDVNNWtDSkE1cXdQcHc2c1pXejAxQjhUOWVqLVJ4Vm9TV1FxOW1IbS1taEZnTkpGTW1LTEtjUi1weGJCWHlHdFZ5NWhmQ2Y1d3c?oc=5,"Tue, 01 Sep 2026 05:30:18 GMT",banking finance,"September 2026 Financial Changes: SGB Redemptions, Banking Charges And More - News18 <a href=""https://news.google.com/rss/articles/CBMi6AFBVV95cUxNbG11cUVzbXJPTkxHeU4xcEpGWEpGQk53ajEwYWtsZTUzZ0hLSi1FQzBia0k3bzJRc282RkF5bExMN2F3SHpZWms5NnBZZlZYNWRINTB5TUZWbkFpODlDOXNDQXR6UTIwbFJrOWZtM3Rpb3Zkb3pwOUJJdmRNWjkyTFJEX2VQWWZ4SFVGbWFHZmJaMU5NX19DTXJLX3Y0ZXByU3RBamxSTktWWGFSV1VGYUJ6OWdxb0pyQ3hlbkdtM1FIaTYwYnhEdE50QUY2X0VzVnE0bkVwOEJNVldsSG41cFJDT0taODk20gHuAUFVX3lxTE9wZnpIQm92WG85VHlYQy16S2RyX3ZSNzFfVnB4U212ZFZCQUw0Q2JHd0JXY05pZ3FYWWFJeXZ5QVFoYWE4aDlaSHBxUnNJTUtOUWlDblQtYUxzT1cwYld6LUY4dUZiTmswamllM3UtSmQ4cG5fZ2d1NGpHNHI0Umt4WHkyQ0ZlRmdwdHBmVTRVRkx6WDYwdmNLSm1tRWs1ZFh2SUM2VDVNNWtDSkE1cXdQcHc2c1pXejAxQjhUOWVqLVJ4Vm9TV1FxOW1IbS1taEZnTkpGTW1LTEtjUi1weGJCWHlHdFZ5NWhmQ2Y1d3c?oc=5"" target=""_blank"">September 2026 Financial Changes: SGB Redemptions, Banking Charges And More</a>&nbsp;&nbsp;<font color=""#6f6f6f"">News18</font>",september 2026 financial changes sgb redemptions banking charges and more news18 september 2026 financial changes sgb redemptions banking charges and more nbsp nbsp news18
$100 bn and counting: FCNR (B) inflows cross the century-mark - financialexpress.com,"<a href=""https://news.google.com/rss/articles/CBMiwgFBVV95cUxPakxzWWJMaUFFdFpla1NacG1xd2kzRk82RlpVOTRTb2NjdDJKcGpTWnNNOEtmVnRfNHJYTHBLVlZXeEQweWx0Nl9HNFhjQ2JoUjBfcWhXb1RPVXRhVXpKaFBJWm1IaDF6dWROeUQ0WXo5RS1HUk1NeVVuMGxQeVZQVEROQm8zLUdUZGFIOThJRTVHVU91UTUzWFNtdGkzaTI3S2dOOG04YmFUTmVjaktRQmJEVWVYNTlMWTA0QW8weWxpZ9IByAFBVV95cUxQWk50VnhaU3RUVU53UmozZ2ktZi1XTGFQWkRBc3ZUQVkwSmZKQ2Nzb3VJRlVfdG0wSHA1cGxjb0o0WG9zamVsMnlIWGdGNTVBa2FmUjN2NkI1QlJoTDNSdjVNSUQ3Y1lHOTk2anNtMzQ1Z291eVkwbkpsbURVd210NVFrWi1seEpfSXdObXM1UlplWkloWGU2eVdoUkJMeDR5b1FlOEgzSWRKajZLbG5rRXpGU0VFMjRfZW90cWMxcm4wQmFISWQ2QQ?oc=5"" target=""_blank"">$100 bn and counting: FCNR (B) inflows cross the century-mark</a>&nbsp;&nbsp;<font color=""#6f6f6f"">financialexpress.com</font>",https://news.google.com/rss/articles/CBMiwgFBVV95cUxPakxzWWJMaUFFdFpla1NacG1xd2kzRk82RlpVOTRTb2NjdDJKcGpTWnNNOEtmVnRfNHJYTHBLVlZXeEQweWx0Nl9HNFhjQ2JoUjBfcWhXb1RPVXRhVXpKaFBJWm1IaDF6dWROeUQ0WXo5RS1HUk1NeVVuMGxQeVZQVEROQm8zLUdUZGFIOThJRTVHVU91UTUzWFNtdGkzaTI3S2dOOG04YmFUTmVjaktRQmJEVWVYNTlMWTA0QW8weWxpZ9IByAFBVV95cUxQWk50VnhaU3RUVU53UmozZ2ktZi1XTGFQWkRBc3ZUQVkwSmZKQ2Nzb3VJRlVfdG0wSHA1cGxjb0o0WG9zamVsMnlIWGdGNTVBa2FmUjN2NkI1QlJoTDNSdjVNSUQ3Y1lHOTk2anNtMzQ1Z291eVkwbkpsbURVd210NVFrWi1seEpfSXdObXM1UlplWkloWGU2eVdoUkJMeDR5b1FlOEgzSWRKajZLbG5rRXpGU0VFMjRfZW90cWMxcm4wQmFISWQ2QQ?oc=5,"Tue, 01 Sep 2026 23:55:05 GMT",banking finance,"$100 bn and counting: FCNR (B) inflows cross the century-mark - financialexpress.com <a href=""https://news.google.com/rss/articles/CBMiwgFBVV95cUxPakxzWWJMaUFFdFpla1NacG1xd2kzRk82RlpVOTRTb2NjdDJKcGpTWnNNOEtmVnRfNHJYTHBLVlZXeEQweWx0Nl9HNFhjQ2JoUjBfcWhXb1RPVXRhVXpKaFBJWm1IaDF6dWROeUQ0WXo5RS1HUk1NeVVuMGxQeVZQVEROQm8zLUdUZGFIOThJRTVHVU91UTUzWFNtdGkzaTI3S2dOOG04YmFUTmVjaktRQmJEVWVYNTlMWTA0QW8weWxpZ9IByAFBVV95cUxQWk50VnhaU3RUVU53UmozZ2ktZi1XTGFQWkRBc3ZUQVkwSmZKQ2Nzb3VJRlVfdG0wSHA1cGxjb0o0WG9zamVsMnlIWGdGNTVBa2FmUjN2NkI1QlJoTDNSdjVNSUQ3Y1lHOTk2anNtMzQ1Z291eVkwbkpsbURVd210NVFrWi1seEpfSXdObXM1UlplWkloWGU2eVdoUkJMeDR5b1FlOEgzSWRKajZLbG5rRXpGU0VFMjRfZW90cWMxcm4wQmFISWQ2QQ?oc=5"" target=""_blank"">$100 bn and counting: FCNR (B) inflows cross the century-mark</a>&nbsp;&nbsp;<font color=""#6f6f6f"">financialexpress.com</font>",100 bn and counting fcnr b inflows cross the century mark financialexpress com 100 bn and counting fcnr b inflows cross the century mark nbsp nbsp financialexpress com
Egypt’s non-bank financial sector records broad growth in H1 - Arab News,"<a href=""https://news.google.com/rss/articles/CBMiogFBVV95cUxNWENBMkxIbjdIbVdxT2hGX1k2NWpoWWpoXzhPOGFwWEFjR3Qzb0xCb3ZLR0NPZWlWWlIwSDNBaEZaSVFWMmJQR0dZeW9BSVRwLTNtemFseGcxdjFNaEFZcU1WblVnckNsWHdHS2c3SUI2TDZmRXM0VktKMXdaYWhPNVdzbHladXFVRm9zZm4zdjlYQkZncmdoMzZ3WENlSkE3OUE?oc=5"" target=""_blank"">Egypt’s non-bank financial sector records broad growth in H1</a>&nbsp;&nbsp;<font color=""#6f6f6f"">Arab News</font>",https://news.google.com/rss/articles/CBMiogFBVV95cUxNWENBMkxIbjdIbVdxT2hGX1k2NWpoWWpoXzhPOGFwWEFjR3Qzb0xCb3ZLR0NPZWlWWlIwSDNBaEZaSVFWMmJQR0dZeW9BSVRwLTNtemFseGcxdjFNaEFZcU1WblVnckNsWHdHS2c3SUI2TDZmRXM0VktKMXdaYWhPNVdzbHladXFVRm9zZm4zdjlYQkZncmdoMzZ3WENlSkE3OUE?oc=5,"Mon, 31 Aug 2026 11:09:14 GMT",banking finance,"Egypt’s non-bank financial sector records broad growth in H1 - Arab News <a href=""https://news.google.com/rss/articles/CBMiogFBVV95cUxNWENBMkxIbjdIbVdxT2hGX1k2NWpoWWpoXzhPOGFwWEFjR3Qzb0xCb3ZLR0NPZWlWWlIwSDNBaEZaSVFWMmJQR0dZeW9BSVRwLTNtemFseGcxdjFNaEFZcU1WblVnckNsWHdHS2c3SUI2TDZmRXM0VktKMXdaYWhPNVdzbHladXFVRm9zZm4zdjlYQkZncmdoMzZ3WENlSkE3OUE?oc=5"" target=""_blank"">Egypt’s non-bank financial sector records broad growth in H1</a>&nbsp;&nbsp;<font color=""#6f6f6f"">Arab News</font>",egypt s non bank financial sector records broad growth in h1 arab news egypt s non bank financial sector records broad growth in h1 nbsp nbsp arab news
RBI approves Carol Furtado as interim CEO at Ujjivan Small Finance Bank after Sanjeev Nautiyal's exit - The Economic Times,"<a href=""https://news.google.com/rss/articles/CBMilgJBVV95cUxNbWx2UVIxOXFGUThlcl9Ld0VvMzNzdW5rSFJFQUtWMTZ5djdZakZEbThLcXg4MThyOHYwa2NqcXJpS0pBOFNBcVJEV0dRT29rVGIxWjZKby1xVVFLSG9FWWFPNEc1bGhVQzhwUzB3N21wUW1pYzhxZDFOOWRNUWk0VTZCQktMTVd6VVVtZS1yYUxMcFdLTUtCdGNhd3V1T2tublUxSzlSaTFEbWNnc3ZQbnRFNnNpc0RldGx4MmR3blRxQlZEYkdFSk9CR1FtZ3ZCUXU2N25hZjRLVVJ5MS1WcGNTMjNoY3dEQXZXZ0Rab1VBbXBudXNvaFpweWpNWXJpcUhBd0NxOTI3d3NfUDNYRFVKcmFxQdIBmwJBVV95cUxNMlptQTVsNTlNQnZJbDYwQVFFbnZvcmdEeFdZMTVuQlpIdlpTTUNDNWJ3dXd6Y2p4c3lKekVIT0d4MUpacDlmanhCbmtabmtJWWhQNEhiMGlMRms4cVN3QUIySVJZRkk3SWNsUTlpNmFYcmtBZXdBNU1OcWJWU0pXSlc2NWREYjAzXzNwSFROWFhQdUpLTGpPQUEtbFBwOEp1ZlVLbVhGYUtnQ3RNQ2NoZ2thSzROcHBfcXJmYzVST0FrQTJoOWtBU0dLVXVYZ2l5dEd1a0xYeVZ5eE5mNlhMQTRZaFR5UHBSa1dKWFhGOG1xcUVsYVNnTGhmTWs4RHRKaERQbm9nWWI1T0RQd2hsNFVaZHljcnhPTWs0?oc=5"" target=""_blank"">RBI approves Carol Furtado as interim CEO at Ujjivan Small Finance Bank after Sanjeev Nautiyal's exit</a>&nbsp;&nbsp;<font color=""#6f6f6f"">The Economic Times</font>",https://news.google.com/rss/articles/CBMilgJBVV95cUxNbWx2UVIxOXFGUThlcl9Ld0VvMzNzdW5rSFJFQUtWMTZ5djdZakZEbThLcXg4MThyOHYwa2NqcXJpS0pBOFNBcVJEV0dRT29rVGIxWjZKby1xVVFLSG9FWWFPNEc1bGhVQzhwUzB3N21wUW1pYzhxZDFOOWRNUWk0VTZCQktMTVd6VVVtZS1yYUxMcFdLTUtCdGNhd3V1T2tublUxSzlSaTFEbWNnc3ZQbnRFNnNpc0RldGx4MmR3blRxQlZEYkdFSk9CR1FtZ3ZCUXU2N25hZjRLVVJ5MS1WcGNTMjNoY3dEQXZXZ0Rab1VBbXBudXNvaFpweWpNWXJpcUhBd0NxOTI3d3NfUDNYRFVKcmFxQdIBmwJBVV95cUxNMlptQTVsNTlNQnZJbDYwQVFFbnZvcmdEeFdZMTVuQlpIdlpTTUNDNWJ3dXd6Y2p4c3lKekVIT0d4MUpacDlmanhCbmtabmtJWWhQNEhiMGlMRms4cVN3QUIySVJZRkk3SWNsUTlpNmFYcmtBZXdBNU1OcWJWU0pXSlc2NWREYjAzXzNwSFROWFhQdUpLTGpPQUEtbFBwOEp1ZlVLbVhGYUtnQ3RNQ2NoZ2thSzROcHBfcXJmYzVST0FrQTJoOWtBU0dLVXVYZ2l5dEd1a0xYeVZ5eE5mNlhMQTRZaFR5UHBSa1dKWFhGOG1xcUVsYVNnTGhmTWs4RHRKaERQbm9nWWI1T0RQd2hsNFVaZHljcnhPTWs0?oc=5,"Tue, 01 Sep 2026 16:04:15 GMT",banking finance,"RBI approves Carol Furtado as interim CEO at Ujjivan Small Finance Bank after Sanjeev Nautiyal's exit - The Economic Times <a href=""https://news.google.com/rss/articles/CBMilgJBVV95cUxNbWx2UVIxOXFGUThlcl9Ld0VvMzNzdW5rSFJFQUtWMTZ5djdZakZEbThLcXg4MThyOHYwa2NqcXJpS0pBOFNBcVJEV0dRT29rVGIxWjZKby1xVVFLSG9FWWFPNEc1bGhVQzhwUzB3N21wUW1pYzhxZDFOOWRNUWk0VTZCQktMTVd6VVVtZS1yYUxMcFdLTUtCdGNhd3V1T2tublUxSzlSaTFEbWNnc3ZQbnRFNnNpc0RldGx4MmR3blRxQlZEYkdFSk9CR1FtZ3ZCUXU2N25hZjRLVVJ5MS1WcGNTMjNoY3dEQXZXZ0Rab1VBbXBudXNvaFpweWpNWXJpcUhBd0NxOTI3d3NfUDNYRFVKcmFxQdIBmwJBVV95cUxNMlptQTVsNTlNQnZJbDYwQVFFbnZvcmdEeFdZMTVuQlpIdlpTTUNDNWJ3dXd6Y2p4c3lKekVIT0d4MUpacDlmanhCbmtabmtJWWhQNEhiMGlMRms4cVN3QUIySVJZRkk3SWNsUTlpNmFYcmtBZXdBNU1OcWJWU0pXSlc2NWREYjAzXzNwSFROWFhQdUpLTGpPQUEtbFBwOEp1ZlVLbVhGYUtnQ3RNQ2NoZ2thSzROcHBfcXJmYzVST0FrQTJoOWtBU0dLVXVYZ2l5dEd1a0xYeVZ5eE5mNlhMQTRZaFR5UHBSa1dKWFhGOG1xcUVsYVNnTGhmTWs4RHRKaERQbm9nWWI1T0RQd2hsNFVaZHljcnhPTWs0?oc=5"" target=""_blank"">RBI approves Carol Furtado as interim CEO at Ujjivan Small Finance Bank after Sanjeev Nautiyal's exit</a>&nbsp;&nbsp;<font color=""#6f6f6f"">The Economic Times</font>",rbi approves carol furtado as interim ceo at ujjivan small finance bank after sanjeev nautiyal s exit the economic times rbi approves carol furtado as interim ceo at ujjivan small finance bank after sanjeev nautiyal s exit nbsp nbsp the economic times
From Ambition to Action: Five Years of Advancing Financial Health and Inclusion in Banking - UNEP Finance Initiative,"<a href=""https://news.google.com/rss/articles/CBMiiwFBVV95cUxOSUpwTm4wZzlCNTUyanZDVlctd2xoRWhFWEwxVVlOR3ZRNnVXV2FhOHpqSFR0N0hkSGk1SUQ3WVVULWZkSDFiOTlPd04yQVVjY1RyQTZZWS1mWGRZb25EMDZQZThnd0lmdGllellES216MzctdnJvMGFYYTVkN0F2M3FsRzhkdS03ajV3?oc=5"" target=""_blank"">From Ambition to Action: Five Years of Advancing Financial Health and Inclusion in Banking</a>&nbsp;&nbsp;<font color=""#6f6f6f"">UNEP Finance Initiative</font>",https://news.google.com/rss/articles/CBMiiwFBVV95cUxOSUpwTm4wZzlCNTUyanZDVlctd2xoRWhFWEwxVVlOR3ZRNnVXV2FhOHpqSFR0N0hkSGk1SUQ3WVVULWZkSDFiOTlPd04yQVVjY1RyQTZZWS1mWGRZb25EMDZQZThnd0lmdGllellES216MzctdnJvMGFYYTVkN0F2M3FsRzhkdS03ajV3?oc=5,"Tue, 01 Sep 2026 05:53:28 GMT",banking finance,"From Ambition to Action: Five Years of Advancing Financial Health and Inclusion in Banking - UNEP Finance Initiative <a href=""https://news.google.com/rss/articles/CBMiiwFBVV95cUxOSUpwTm4wZzlCNTUyanZDVlctd2xoRWhFWEwxVVlOR3ZRNnVXV2FhOHpqSFR0N0hkSGk1SUQ3WVVULWZkSDFiOTlPd04yQVVjY1RyQTZZWS1mWGRZb25EMDZQZThnd0lmdGllellES216MzctdnJvMGFYYTVkN0F2M3FsRzhkdS03ajV3?oc=5"" target=""_blank"">From Ambition to Action: Five Years of Advancing Financial Health and Inclusion in Banking</a>&nbsp;&nbsp;<font color=""#6f6f6f"">UNEP Finance Initiative</font>",from ambition to action five years of advancing financial health and inclusion in banking unep finance initiative from ambition to action five years of advancing financial health and inclusion in banking nbsp nbsp unep finance initiative
European banks fail to unleash potential of green bonds - Institute for Energy Economics and Financial Analysis (IEEFA),"<a href=""https://news.google.com/rss/articles/CBMiggFBVV95cUxPbU5uaTN0a1ZfbUV1M2dUcjUtUldQMVc4Z1dzaS05bnlKSmYyM1NwTFB2MUNQcWpqNHBlaFE1NnFucWVoMTFteFd3WE1USzJYamc3TW0zY1FGeUpCQ1ZPYktLR19FWmlVR3B2cmNPQnl5RzFOR2JaaGdKc3lmUWM4dXhB?oc=5"" target=""_blank"">European banks fail to unleash potential of green bonds</a>&nbsp;&nbsp;<font color=""#6f6f6f"">Institute for Energy Economics and Financial Analysis (IEEFA)</font>",https://news.google.com/rss/articles/CBMiggFBVV95cUxPbU5uaTN0a1ZfbUV1M2dUcjUtUldQMVc4Z1dzaS05bnlKSmYyM1NwTFB2MUNQcWpqNHBlaFE1NnFucWVoMTFteFd3WE1USzJYamc3TW0zY1FGeUpCQ1ZPYktLR19FWmlVR3B2cmNPQnl5RzFOR2JaaGdKc3lmUWM4dXhB?oc=5,"Wed, 02 Sep 2026 05:11:14 GMT",banking finance,"European banks fail to unleash potential of green bonds - Institute for Energy Economics and Financial Analysis (IEEFA) <a href=""https://news.google.com/rss/articles/CBMiggFBVV95cUxPbU5uaTN0a1ZfbUV1M2dUcjUtUldQMVc4Z1dzaS05bnlKSmYyM1NwTFB2MUNQcWpqNHBlaFE1NnFucWVoMTFteFd3WE1USzJYamc3TW0zY1FGeUpCQ1ZPYktLR19FWmlVR3B2cmNPQnl5RzFOR2JaaGdKc3lmUWM4dXhB?oc=5"" target=""_blank"">European banks fail to unleash potential of green bonds</a>&nbsp;&nbsp;<font color=""#6f6f6f"">Institute for Energy Economics and Financial Analysis (IEEFA)</font>",european banks fail to unleash potential of green bonds institute for energy economics and financial analysis ieefa european banks fail to unleash potential of green bonds nbsp nbsp institute for energy economics and financial analysis ieefa
BSP offers rural banks free 3-year cloud banking system subscription - asianbankingandfinance.net,"<a href=""https://news.google.com/rss/articles/CBMixgFBVV95cUxNbzUzMXZQMXhZZm9ablRBMmMyUUJaaGxrVkN5elA2aGJGanEwNlZsaXZDcjN6ejBENkVVY0R6ZHlUMDZWNGRrRF9OSzF2RUl5YnViSmcwZHc4QVpWV1dQVG9qdkxwUkpNUjdKX2RmWEduT1dNNXRlQ0wzNFNSNXlsSUhCcjNWcVBHVlc0TGpBWG5XV011WmJlSENnYk4yZ1VrU1c5ZU0yMGFCYmZmX1A1Ylh2UXA5Vlp4elBObGo4bG5rN0t0VkE?oc=5"" target=""_blank"">BSP offers rural banks free 3-year cloud banking system subscription</a>&nbsp;&nbsp;<font color=""#6f6f6f"">asianbankingandfinance.net</font>",https://news.google.com/rss/articles/CBMixgFBVV95cUxNbzUzMXZQMXhZZm9ablRBMmMyUUJaaGxrVkN5elA2aGJGanEwNlZsaXZDcjN6ejBENkVVY0R6ZHlUMDZWNGRrRF9OSzF2RUl5YnViSmcwZHc4QVpWV1dQVG9qdkxwUkpNUjdKX2RmWEduT1dNNXRlQ0wzNFNSNXlsSUhCcjNWcVBHVlc0TGpBWG5XV011WmJlSENnYk4yZ1VrU1c5ZU0yMGFCYmZmX1A1Ylh2UXA5Vlp4elBObGo4bG5rN0t0VkE?oc=5,"Wed, 02 Sep 2026 03:16:57 GMT",banking finance,"BSP offers rural banks free 3-year cloud banking system subscription - asianbankingandfinance.net <a href=""https://news.google.com/rss/articles/CBMixgFBVV95cUxNbzUzMXZQMXhZZm9ablRBMmMyUUJaaGxrVkN5elA2aGJGanEwNlZsaXZDcjN6ejBENkVVY0R6ZHlUMDZWNGRrRF9OSzF2RUl5YnViSmcwZHc4QVpWV1dQVG9qdkxwUkpNUjdKX2RmWEduT1dNNXRlQ0wzNFNSNXlsSUhCcjNWcVBHVlc0TGpBWG5XV011WmJlSENnYk4yZ1VrU1c5ZU0yMGFCYmZmX1A1Ylh2UXA5Vlp4elBObGo4bG5rN0t0VkE?oc=5"" target=""_blank"">BSP offers rural banks free 3-year cloud banking system subscription</a>&nbsp;&nbsp;<font color=""#6f6f6f"">asianbankingandfinance.net</font>",bsp offers rural banks free 3 year cloud banking system subscription asianbankingandfinance net bsp offers rural banks free 3 year cloud banking system subscription nbsp nbsp asianbankingandfinance net
Ujjivan Small Finance Bank Ltd appoints Carol Furtado as acting MD & CEO - Whispers in the Corridors,"<a href=""https://news.google.com/rss/articles/CBMirgFBVV95cUxQMjZEOGVWZDZFZ2tiQnNIZU0wLXRCOU44amJFbHkzUU00aU0wdGFIZDFPSnpQdkJ6LVdLd0NrNFZ4a1doamxuOTRmZ0tkbk1pRmgxNlRFZ21ZeTVwbUUxcGRMZk9rcVpPUHB2U3duSm5BUHVlbU0tQjA4QXhSSE4tbjY2ZXpfWE04eDFteGRtQjNpOUFyam9ObmU1emFTajRzVVVfcjhBQkVLY2Rwc0E?oc=5"" target=""_blank"">Ujjivan Small Finance Bank Ltd appoints Carol Furtado as acting MD & CEO</a>&nbsp;&nbsp;<font color=""#6f6f6f"">Whispers in the Corridors</font>",https://news.google.com/rss/articles/CBMirgFBVV95cUxQMjZEOGVWZDZFZ2tiQnNIZU0wLXRCOU44amJFbHkzUU00aU0wdGFIZDFPSnpQdkJ6LVdLd0NrNFZ4a1doamxuOTRmZ0tkbk1pRmgxNlRFZ21ZeTVwbUUxcGRMZk9rcVpPUHB2U3duSm5BUHVlbU0tQjA4QXhSSE4tbjY2ZXpfWE04eDFteGRtQjNpOUFyam9ObmU1emFTajRzVVVfcjhBQkVLY2Rwc0E?oc=5,"Wed, 02 Sep 2026 05:59:03 GMT",banking finance,"Ujjivan Small Finance Bank Ltd appoints Carol Furtado as acting MD & CEO - Whispers in the Corridors <a href=""https://news.google.com/rss/articles/CBMirgFBVV95cUxQMjZEOGVWZDZFZ2tiQnNIZU0wLXRCOU44amJFbHkzUU00aU0wdGFIZDFPSnpQdkJ6LVdLd0NrNFZ4a1doamxuOTRmZ0tkbk1pRmgxNlRFZ21ZeTVwbUUxcGRMZk9rcVpPUHB2U3duSm5BUHVlbU0tQjA4QXhSSE4tbjY2ZXpfWE04eDFteGRtQjNpOUFyam9ObmU1emFTajRzVVVfcjhBQkVLY2Rwc0E?oc=5"" target=""_blank"">Ujjivan Small Finance Bank Ltd appoints Carol Furtado as acting MD & CEO</a>&nbsp;&nbsp;<font color=""#6f6f6f"">Whispers in the Corridors</font>",ujjivan small finance bank ltd appoints carol furtado as acting md ceo whispers in the corridors ujjivan small finance bank ltd appoints carol furtado as acting md ceo nbsp nbsp whispers in the corridors
These Banks Are Banding Together to Launch a Stablecoin - WSJ,"<a href=""https://news.google.com/rss/articles/CBMiogFBVV95cUxOdkt2QXNndVZNc3gteTVNTUhYNDVxYlgyZDBaT3phd3pReUNTWEZIOVMtbzRjcDRvZmlkU1NzazJ0UndKZlJOcVBjd1otNklUelQzTVpoMUo1VXh5Um9LMTJsMW5RWS01bXMtRnk4WklwQ0pxVXJpZ0sxQktqMnJ0UUl1VFFhV2J6UWVoUVhZdlZybXVfUG5Jd0JoZ2NaWWxZdUE?oc=5"" target=""_blank"">These Banks Are Banding Together to Launch a Stablecoin</a>&nbsp;&nbsp;<font color=""#6f6f6f"">WSJ</font>",https://news.google.com/rss/articles/CBMiogFBVV95cUxOdkt2QXNndVZNc3gteTVNTUhYNDVxYlgyZDBaT3phd3pReUNTWEZIOVMtbzRjcDRvZmlkU1NzazJ0UndKZlJOcVBjd1otNklUelQzTVpoMUo1VXh5Um9LMTJsMW5RWS01bXMtRnk4WklwQ0pxVXJpZ0sxQktqMnJ0UUl1VFFhV2J6UWVoUVhZdlZybXVfUG5Jd0JoZ2NaWWxZdUE?oc=5,"Tue, 01 Sep 2026 15:25:00 GMT",banking finance,"These Banks Are Banding Together to Launch a Stablecoin - WSJ <a href=""https://news.google.com/rss/articles/CBMiogFBVV95cUxOdkt2QXNndVZNc3gteTVNTUhYNDVxYlgyZDBaT3phd3pReUNTWEZIOVMtbzRjcDRvZmlkU1NzazJ0UndKZlJOcVBjd1otNklUelQzTVpoMUo1VXh5Um9LMTJsMW5RWS01bXMtRnk4WklwQ0pxVXJpZ0sxQktqMnJ0UUl1VFFhV2J6UWVoUVhZdlZybXVfUG5Jd0JoZ2NaWWxZdUE?oc=5"" target=""_blank"">These Banks Are Banding Together to Launch a Stablecoin</a>&nbsp;&nbsp;<font color=""#6f6f6f"">WSJ</font>",these banks are banding together to launch a stablecoin wsj these banks are banding together to launch a stablecoin nbsp nbsp wsj
Ujjivan Small Finance Bank CEO & MD Sanjeev Nautiyal steps down on health grounds - The Economic Times,"<a href=""https://news.google.com/rss/articles/CBMihgJBVV95cUxQdkRCVHRERXpKQzBNV0VldGJuV0tsQ1MtOFgyWklkdDN3cW45d2tYWGhSXzRjNTBETU1OX0wwQWltZ2VtbHZ4X3VsQi1kYktLZV9uSWZEa2tLMkY1OGJBd1RRblZMMUdfeUJZRlNOdktQV1dMTW8yblJrN2FqRzhUS0MzcHJQaUQtWE0zWFo3TlNrVVE4ZzdSSWZCb2loMGc3ZzRXclZ3Rk5pcHc4U2lVeVhoY1FnSURKQmpjTTBrUUhKRC1udkJybDlKNnlqQzdEeUY0NEg3VmVuV1pYNUo4NHdveGNPOXhZRFB0VlFLOTVFUnl4V3hwQ0QyTVFLUWJTMzRIeFBB0gH_AUFVX3lxTE5jdTZNb3BXNG1BdnN4eWlETlhGeVQ0Q054UF9ENG9kb1dOMFFscFQ2ZXBGa19hWWluWHFSMkZuZjZYZWpGSno3R3FfWVZsZlU2QVhMVUI2Y0Z2VlN0LXJhTTZBWnh4SjVVWVAyT0pBLUd6TXZaRjlwUi1rMk0xLXlxSkhzSXZ3RVE3SEhNUUptbG16YVctcUhlYkNkbTU1T1VjODk4NXZNTzVFUXc1UUZTUG9feEt2TmFGVXdUYzhSbnpfOGxKTFNEQ2RET2gwN0J2dU1DVENBTExDZ25ISUFTX185Z0hIdm5uZk9wWDhUa3d5VnZFM2JsczY0NHhCMA?oc=5"" target=""_blank"">Ujjivan Small Finance Bank CEO & MD Sanjeev Nautiyal steps down on health grounds</a>&nbsp;&nbsp;<font color=""#6f6f6f"">The Economic Times</font>",https://news.google.com/rss/articles/CBMihgJBVV95cUxQdkRCVHRERXpKQzBNV0VldGJuV0tsQ1MtOFgyWklkdDN3cW45d2tYWGhSXzRjNTBETU1OX0wwQWltZ2VtbHZ4X3VsQi1kYktLZV9uSWZEa2tLMkY1OGJBd1RRblZMMUdfeUJZRlNOdktQV1dMTW8yblJrN2FqRzhUS0MzcHJQaUQtWE0zWFo3TlNrVVE4ZzdSSWZCb2loMGc3ZzRXclZ3Rk5pcHc4U2lVeVhoY1FnSURKQmpjTTBrUUhKRC1udkJybDlKNnlqQzdEeUY0NEg3VmVuV1pYNUo4NHdveGNPOXhZRFB0VlFLOTVFUnl4V3hwQ0QyTVFLUWJTMzRIeFBB0gH_AUFVX3lxTE5jdTZNb3BXNG1BdnN4eWlETlhGeVQ0Q054UF9ENG9kb1dOMFFscFQ2ZXBGa19hWWluWHFSMkZuZjZYZWpGSno3R3FfWVZsZlU2QVhMVUI2Y0Z2VlN0LXJhTTZBWnh4SjVVWVAyT0pBLUd6TXZaRjlwUi1rMk0xLXlxSkhzSXZ3RVE3SEhNUUptbG16YVctcUhlYkNkbTU1T1VjODk4NXZNTzVFUXc1UUZTUG9feEt2TmFGVXdUYzhSbnpfOGxKTFNEQ2RET2gwN0J2dU1DVENBTExDZ25ISUFTX185Z0hIdm5uZk9wWDhUa3d5VnZFM2JsczY0NHhCMA?oc=5,"Tue, 01 Sep 2026 12:05:27 GMT",banking finance,"Ujjivan Small Finance Bank CEO & MD Sanjeev Nautiyal steps down on health grounds - The Economic Times <a href=""https://news.google.com/rss/articles/CBMihgJBVV95cUxQdkRCVHRERXpKQzBNV0VldGJuV0tsQ1MtOFgyWklkdDN3cW45d2tYWGhSXzRjNTBETU1OX0wwQWltZ2VtbHZ4X3VsQi1kYktLZV9uSWZEa2tLMkY1OGJBd1RRblZMMUdfeUJZRlNOdktQV1dMTW8yblJrN2FqRzhUS0MzcHJQaUQtWE0zWFo3TlNrVVE4ZzdSSWZCb2loMGc3ZzRXclZ3Rk5pcHc4U2lVeVhoY1FnSURKQmpjTTBrUUhKRC1udkJybDlKNnlqQzdEeUY0NEg3VmVuV1pYNUo4NHdveGNPOXhZRFB0VlFLOTVFUnl4V3hwQ0QyTVFLUWJTMzRIeFBB0gH_AUFVX3lxTE5jdTZNb3BXNG1BdnN4eWlETlhGeVQ0Q054UF9ENG9kb1dOMFFscFQ2ZXBGa19hWWluWHFSMkZuZjZYZWpGSno3R3FfWVZsZlU2QVhMVUI2Y0Z2VlN0LXJhTTZBWnh4SjVVWVAyT0pBLUd6TXZaRjlwUi1rMk0xLXlxSkhzSXZ3RVE3SEhNUUptbG16YVctcUhlYkNkbTU1T1VjODk4NXZNTzVFUXc1UUZTUG9feEt2TmFGVXdUYzhSbnpfOGxKTFNEQ2RET2gwN0J2dU1DVENBTExDZ25ISUFTX185Z0hIdm5uZk9wWDhUa3d5VnZFM2JsczY0NHhCMA?oc=5"" target=""_blank"">Ujjivan Small Finance Bank CEO & MD Sanjeev Nautiyal steps down on health grounds</a>&nbsp;&nbsp;<font color=""#6f6f6f"">The Economic Times</font>",ujjivan small finance bank ceo md sanjeev nautiyal steps down on health grounds the economic times ujjivan small finance bank ceo md sanjeev nautiyal steps down on health grounds nbsp nbsp the economic times
HDFC Bank CEO Jagdishan’s refusal to overhaul bank fueled surprise exit as chairman pushed for changes - The Economic Times,"<a href=""https://news.google.com/rss/articles/CBMilwJBVV95cUxOUFNsNVN5SnpHY0swaVpXN1R1bGtja3J6aU40WnFoRU50ekJpNWtZOVB1REIyVGRfeThCVjFWcUZOS2dRUVd2WV9jZXI2SlBPMjk2WUY3TVFwOXBmamRJVklmOTg1cktyY2gwTkxTMl9BNXBGelBROUw3OFQ5bE5MZXdlTUpXRnA1MHFkME9wbHcxcC1ObDFRY2tMUEF0dEFLWndySWRxUUc3MXZETG50R2x2Z2dSZ0RSSjlaZllvczdwVnRrSG1jM29WY09wbXlMblEyMkJZQmFrZklFdDJQQWdJNHlobHNCak5SMDRWQTREWFAxQlUzN2NMY0NaQnFjMWs2ZnlyWEJLUXVmSl9KOWhFZFpoS3fSAZwCQVVfeXFMTVc0S1NOOHlTZ0ozaXV6X1FkNGdYYlhqLWZtMG45ZkhnaUlyZmhwakJOMWJRYi1HcHRza1p3Y0hjVGw0YVpvVjJ5NExkVkYwSzR0UU9LVFRnQmNZODF4RFYwWjRzM3pfbW5KSzFYSzRxZDZLQUgzYURqSVJ3aGZWUk5ndWRjREdPTVpteDMzdjgtbHZXWm5kNEtmemJjYzdjMFVMRGVwMTJDVVBNdTdXY3MtTEtQR0lzVGdHQ1d4VFJXN0tPMEdDUjhCcktIaTRGRmJVNFdyNGgyUFVYa0hfSE5ZVzROTy05WXpkenNVNVN6RGMxOEl3TmxkdjU3dExTVHAxdWp4Y3Vxa3ZOMFhQYkpoQkpFZzVyVkotQ2w?oc=5"" target=""_blank"">HDFC Bank CEO Jagdishan’s refusal to overhaul bank fueled surprise exit as chairman pushed for changes</a>&nbsp;&nbsp;<font color=""#6f6f6f"">The Economic Times</font>",https://news.google.com/rss/articles/CBMilwJBVV95cUxOUFNsNVN5SnpHY0swaVpXN1R1bGtja3J6aU40WnFoRU50ekJpNWtZOVB1REIyVGRfeThCVjFWcUZOS2dRUVd2WV9jZXI2SlBPMjk2WUY3TVFwOXBmamRJVklmOTg1cktyY2gwTkxTMl9BNXBGelBROUw3OFQ5bE5MZXdlTUpXRnA1MHFkME9wbHcxcC1ObDFRY2tMUEF0dEFLWndySWRxUUc3MXZETG50R2x2Z2dSZ0RSSjlaZllvczdwVnRrSG1jM29WY09wbXlMblEyMkJZQmFrZklFdDJQQWdJNHlobHNCak5SMDRWQTREWFAxQlUzN2NMY0NaQnFjMWs2ZnlyWEJLUXVmSl9KOWhFZFpoS3fSAZwCQVVfeXFMTVc0S1NOOHlTZ0ozaXV6X1FkNGdYYlhqLWZtMG45ZkhnaUlyZmhwakJOMWJRYi1HcHRza1p3Y0hjVGw0YVpvVjJ5NExkVkYwSzR0UU9LVFRnQmNZODF4RFYwWjRzM3pfbW5KSzFYSzRxZDZLQUgzYURqSVJ3aGZWUk5ndWRjREdPTVpteDMzdjgtbHZXWm5kNEtmemJjYzdjMFVMRGVwMTJDVVBNdTdXY3MtTEtQR0lzVGdHQ1d4VFJXN0tPMEdDUjhCcktIaTRGRmJVNFdyNGgyUFVYa0hfSE5ZVzROTy05WXpkenNVNVN6RGMxOEl3TmxkdjU3dExTVHAxdWp4Y3Vxa3ZOMFhQYkpoQkpFZzVyVkotQ2w?oc=5,"Wed, 02 Sep 2026 04:39:27 GMT",banking finance,"HDFC Bank CEO Jagdishan’s refusal to overhaul bank fueled surprise exit as chairman pushed for changes - The Economic Times <a href=""https://news.google.com/rss/articles/CBMilwJBVV95cUxOUFNsNVN5SnpHY0swaVpXN1R1bGtja3J6aU40WnFoRU50ekJpNWtZOVB1REIyVGRfeThCVjFWcUZOS2dRUVd2WV9jZXI2SlBPMjk2WUY3TVFwOXBmamRJVklmOTg1cktyY2gwTkxTMl9BNXBGelBROUw3OFQ5bE5MZXdlTUpXRnA1MHFkME9wbHcxcC1ObDFRY2tMUEF0dEFLWndySWRxUUc3MXZETG50R2x2Z2dSZ0RSSjlaZllvczdwVnRrSG1jM29WY09wbXlMblEyMkJZQmFrZklFdDJQQWdJNHlobHNCak5SMDRWQTREWFAxQlUzN2NMY0NaQnFjMWs2ZnlyWEJLUXVmSl9KOWhFZFpoS3fSAZwCQVVfeXFMTVc0S1NOOHlTZ0ozaXV6X1FkNGdYYlhqLWZtMG45ZkhnaUlyZmhwakJOMWJRYi1HcHRza1p3Y0hjVGw0YVpvVjJ5NExkVkYwSzR0UU9LVFRnQmNZODF4RFYwWjRzM3pfbW5KSzFYSzRxZDZLQUgzYURqSVJ3aGZWUk5ndWRjREdPTVpteDMzdjgtbHZXWm5kNEtmemJjYzdjMFVMRGVwMTJDVVBNdTdXY3MtTEtQR0lzVGdHQ1d4VFJXN0tPMEdDUjhCcktIaTRGRmJVNFdyNGgyUFVYa0hfSE5ZVzROTy05WXpkenNVNVN6RGMxOEl3TmxkdjU3dExTVHAxdWp4Y3Vxa3ZOMFhQYkpoQkpFZzVyVkotQ2w?oc=5"" target=""_blank"">HDFC Bank CEO Jagdishan’s refusal to overhaul bank fueled surprise exit as chairman pushed for changes</a>&nbsp;&nbsp;<font color=""#6f6f6f"">The Economic Times</font>",hdfc bank ceo jagdishan s refusal to overhaul bank fueled surprise exit as chairman pushed for changes the economic times hdfc bank ceo jagdishan s refusal to overhaul bank fueled surprise exit as chairman pushed for changes nbsp nbsp the economic times
What is prudence in personal finance - The New Indian Express,"<a href=""https://news.google.com/rss/articles/CBMilAFBVV95cUxNV0RBOUdjOVVuYXNVczB1TnVQRi1EeGVyUFVFN2RTRmRDQnJBMm5LTGFjWTl0S0J1OTBaZ2xaSVJ2NGFTaEdXX0tYb2pOMEdld0hNMXQ5eDFYcVlpNE00SWdVaU9KZzNqRUJ4QzBLQkhkcWtnc2pPbHl3Z1NxTTJwMTJsS1l6SXp4QzJIVjNOaE1iWmIz0gGiAUFVX3lxTE5BX1ZkS09sZXhkb3ZQTkpTU0hhaG9lNFV3LXVKM0hiOXRLdFIwb2wzVTJzcmgtZ0J4QUt5WmhCNU1aSWxIQ0JCdV9POGFaNVc3NkdsSk9icVlxbXA4MC1YU3N1WEdnLWRYejJ0ZGs1UHp5by1sX2g0R01TLVpub2lQbTFwSEJwZW00cEhlMmpvU1JtZWtCQ01UX093czV2RVBOUQ?oc=5"" target=""_blank"">What is prudence in personal finance</a>&nbsp;&nbsp;<font color=""#6f6f6f"">The New Indian Express</font>",https://news.google.com/rss/articles/CBMilAFBVV95cUxNV0RBOUdjOVVuYXNVczB1TnVQRi1EeGVyUFVFN2RTRmRDQnJBMm5LTGFjWTl0S0J1OTBaZ2xaSVJ2NGFTaEdXX0tYb2pOMEdld0hNMXQ5eDFYcVlpNE00SWdVaU9KZzNqRUJ4QzBLQkhkcWtnc2pPbHl3Z1NxTTJwMTJsS1l6SXp4QzJIVjNOaE1iWmIz0gGiAUFVX3lxTE5BX1ZkS09sZXhkb3ZQTkpTU0hhaG9lNFV3LXVKM0hiOXRLdFIwb2wzVTJzcmgtZ0J4QUt5WmhCNU1aSWxIQ0JCdV9POGFaNVc3NkdsSk9icVlxbXA4MC1YU3N1WEdnLWRYejJ0ZGs1UHp5by1sX2g0R01TLVpub2lQbTFwSEJwZW00cEhlMmpvU1JtZWtCQ01UX093czV2RVBOUQ?oc=5,"Sun, 30 Aug 2026 17:07:03 GMT",banking finance,"What is prudence in personal finance - The New Indian Express <a href=""https://news.google.com/rss/articles/CBMilAFBVV95cUxNV0RBOUdjOVVuYXNVczB1TnVQRi1EeGVyUFVFN2RTRmRDQnJBMm5LTGFjWTl0S0J1OTBaZ2xaSVJ2NGFTaEdXX0tYb2pOMEdld0hNMXQ5eDFYcVlpNE00SWdVaU9KZzNqRUJ4QzBLQkhkcWtnc2pPbHl3Z1NxTTJwMTJsS1l6SXp4QzJIVjNOaE1iWmIz0gGiAUFVX3lxTE5BX1ZkS09sZXhkb3ZQTkpTU0hhaG9lNFV3LXVKM0hiOXRLdFIwb2wzVTJzcmgtZ0J4QUt5WmhCNU1aSWxIQ0JCdV9POGFaNVc3NkdsSk9icVlxbXA4MC1YU3N1WEdnLWRYejJ0ZGs1UHp5by1sX2g0R01TLVpub2lQbTFwSEJwZW00cEhlMmpvU1JtZWtCQ01UX093czV2RVBOUQ?oc=5"" target=""_blank"">What is prudence in personal finance</a>&nbsp;&nbsp;<font color=""#6f6f6f"">The New Indian Express</font>",what is prudence in personal finance the new indian express what is prudence in personal finance nbsp nbsp the new indian express
Major banks shrink entry-level hiring amid AI shift - The Korea Times,"<a href=""https://news.google.com/rss/articles/CBMitAFBVV95cUxQZTYzcUNuSnpHYzlPV05PdExTSkVOc3cyWEJkZkdTYzVzRWVRd3l3Q29KTjdjTUh0ME0yM2FlTUFYbWhXaDNuZmRqU3BUSklkellqMHpvLWo4S1dpYk8tT1dycWJ4dkdNcW94OHpmdnZHd25NTExDWnJybjBuVkNkVnlPR01IN2xBQXU0bTVNcVlJS3BSXzktZVJCRnYyaXJ6ZjJoRms4SU0wZEMtMUE5d3dzbjXSAboBQVVfeXFMT3lqeGhXZlRUc0dnblZXdHdqVnlMRngzZDZlS0ZjbFNfNzBBLWdqS0t0bFJ2TWlEUE1qUTNMSGJyN05VWVI1bDZCTFp4Q3BmTHpfWGI0R0RkNG5WNV9NbmV3VjF6TEMxQnlwRGxxWWMyWWQta3ZlOW5tSWhnOGdSVHpCRkFudTRXQ0RyV0JqTHlMc0JrdjVnVE8yS2dpS0NBMXFRc2pLS19DZXMwdERHSEdFQm16ZFE2LUtB?oc=5"" target=""_blank"">Major banks shrink entry-level hiring amid AI shift</a>&nbsp;&nbsp;<font color=""#6f6f6f"">The Korea Times</font>",https://news.google.com/rss/articles/CBMitAFBVV95cUxQZTYzcUNuSnpHYzlPV05PdExTSkVOc3cyWEJkZkdTYzVzRWVRd3l3Q29KTjdjTUh0ME0yM2FlTUFYbWhXaDNuZmRqU3BUSklkellqMHpvLWo4S1dpYk8tT1dycWJ4dkdNcW94OHpmdnZHd25NTExDWnJybjBuVkNkVnlPR01IN2xBQXU0bTVNcVlJS3BSXzktZVJCRnYyaXJ6ZjJoRms4SU0wZEMtMUE5d3dzbjXSAboBQVVfeXFMT3lqeGhXZlRUc0dnblZXdHdqVnlMRngzZDZlS0ZjbFNfNzBBLWdqS0t0bFJ2TWlEUE1qUTNMSGJyN05VWVI1bDZCTFp4Q3BmTHpfWGI0R0RkNG5WNV9NbmV3VjF6TEMxQnlwRGxxWWMyWWQta3ZlOW5tSWhnOGdSVHpCRkFudTRXQ0RyV0JqTHlMc0JrdjVnVE8yS2dpS0NBMXFRc2pLS19DZXMwdERHSEdFQm16ZFE2LUtB?oc=5,"Wed, 02 Sep 2026 05:27:03 GMT",banking finance,"Major banks shrink entry-level hiring amid AI shift - The Korea Times <a href=""https://news.google.com/rss/articles/CBMitAFBVV95cUxQZTYzcUNuSnpHYzlPV05PdExTSkVOc3cyWEJkZkdTYzVzRWVRd3l3Q29KTjdjTUh0ME0yM2FlTUFYbWhXaDNuZmRqU3BUSklkellqMHpvLWo4S1dpYk8tT1dycWJ4dkdNcW94OHpmdnZHd25NTExDWnJybjBuVkNkVnlPR01IN2xBQXU0bTVNcVlJS3BSXzktZVJCRnYyaXJ6ZjJoRms4SU0wZEMtMUE5d3dzbjXSAboBQVVfeXFMT3lqeGhXZlRUc0dnblZXdHdqVnlMRngzZDZlS0ZjbFNfNzBBLWdqS0t0bFJ2TWlEUE1qUTNMSGJyN05VWVI1bDZCTFp4Q3BmTHpfWGI0R0RkNG5WNV9NbmV3VjF6TEMxQnlwRGxxWWMyWWQta3ZlOW5tSWhnOGdSVHpCRkFudTRXQ0RyV0JqTHlMc0JrdjVnVE8yS2dpS0NBMXFRc2pLS19DZXMwdERHSEdFQm16ZFE2LUtB?oc=5"" target=""_blank"">Major banks shrink entry-level hiring amid AI shift</a>&nbsp;&nbsp;<font color=""#6f6f6f"">The Korea Times</font>",major banks shrink entry level hiring amid ai shift the korea times major banks shrink entry level hiring amid ai shift nbsp nbsp the korea times
Bank of America VP Killed in Times Square Stabbing - Global Finance Magazine,"<a href=""https://news.google.com/rss/articles/CBMif0FVX3lxTE9LS1NDTDFTdFFnNGVUanY1TU56TkF1UU40MmpCQkp3bXE5V3BuZ0lCbkxqWW50RXdJZGpkR1lTMDlkZ1QxMThqRDNqVTBMc0FLY0wtck9MamYzUHAwNjJTS05yNUV0Vy1TcW1UbGpveGk2Qnhndm1KZjBBUUVUQzg?oc=5"" target=""_blank"">Bank of America VP Killed in Times Square Stabbing</a>&nbsp;&nbsp;<font color=""#6f6f6f"">Global Finance Magazine</font>",https://news.google.com/rss/articles/CBMif0FVX3lxTE9LS1NDTDFTdFFnNGVUanY1TU56TkF1UU40MmpCQkp3bXE5V3BuZ0lCbkxqWW50RXdJZGpkR1lTMDlkZ1QxMThqRDNqVTBMc0FLY0wtck9MamYzUHAwNjJTS05yNUV0Vy1TcW1UbGpveGk2Qnhndm1KZjBBUUVUQzg?oc=5,"Tue, 01 Sep 2026 19:20:40 GMT",banking finance,"Bank of America VP Killed in Times Square Stabbing - Global Finance Magazine <a href=""https://news.google.com/rss/articles/CBMif0FVX3lxTE9LS1NDTDFTdFFnNGVUanY1TU56TkF1UU40MmpCQkp3bXE5V3BuZ0lCbkxqWW50RXdJZGpkR1lTMDlkZ1QxMThqRDNqVTBMc0FLY0wtck9MamYzUHAwNjJTS05yNUV0Vy1TcW1UbGpveGk2Qnhndm1KZjBBUUVUQzg?oc=5"" target=""_blank"">Bank of America VP Killed in Times Square Stabbing</a>&nbsp;&nbsp;<font color=""#6f6f6f"">Global Finance Magazine</font>",bank of america vp killed in times square stabbing global finance magazine bank of america vp killed in times square stabbing nbsp nbsp global finance magazine
G20 finance chiefs except China back action on distorted trade - Reuters,"<a href=""https://news.google.com/rss/articles/CBMimgFBVV95cUxNWkV4WWhPZ3JYeUpwMUFmWTQ4eEJLMTRyUXdxMjk1VUtwQ2FaaG01aUhRWXBXUUQyVXZJQkwtWGV5RUpfbGYxRTJ1NFl1d29lSHpFNERCNDIzRGJ2YmRzdmdBODF0TE1yZURZMlJNemtjSkRVMXlTWmZHejFCZFVFVkdoOVJfZ1dvXzk5WDFldk5nYkREUmdNRVlB?oc=5"" target=""_blank"">G20 finance chiefs except China back action on distorted trade</a>&nbsp;&nbsp;<font color=""#6f6f6f"">Reuters</font>",https://news.google.com/rss/articles/CBMimgFBVV95cUxNWkV4WWhPZ3JYeUpwMUFmWTQ4eEJLMTRyUXdxMjk1VUtwQ2FaaG01aUhRWXBXUUQyVXZJQkwtWGV5RUpfbGYxRTJ1NFl1d29lSHpFNERCNDIzRGJ2YmRzdmdBODF0TE1yZURZMlJNemtjSkRVMXlTWmZHejFCZFVFVkdoOVJfZ1dvXzk5WDFldk5nYkREUmdNRVlB?oc=5,"Tue, 01 Sep 2026 16:05:00 GMT",global economy,"G20 finance chiefs except China back action on distorted trade - Reuters <a href=""https://news.google.com/rss/articles/CBMimgFBVV95cUxNWkV4WWhPZ3JYeUpwMUFmWTQ4eEJLMTRyUXdxMjk1VUtwQ2FaaG01aUhRWXBXUUQyVXZJQkwtWGV5RUpfbGYxRTJ1NFl1d29lSHpFNERCNDIzRGJ2YmRzdmdBODF0TE1yZURZMlJNemtjSkRVMXlTWmZHejFCZFVFVkdoOVJfZ1dvXzk5WDFldk5nYkREUmdNRVlB?oc=5"" target=""_blank"">G20 finance chiefs except China back action on distorted trade</a>&nbsp;&nbsp;<font color=""#6f6f6f"">Reuters</font>",g20 finance chiefs except china back action on distorted trade reuters g20 finance chiefs except china back action on distorted trade nbsp nbsp reuters
Elon Musk at G20: AI will probably increase the global economy by 20 to 30% - CNBC,"<a href=""https://news.google.com/rss/articles/CBMiwgFBVV95cUxNSHUtcGRfUl8taFJBaUdzLWpTcGdtUmxjd05TOVV6UXlUMk9EdGRMWENWR0tPYklfUVZRcXgzdm00b1NtRWFGbDR6dDlCV05ycXltaTlhQURPQUZmaUNONkNmMTBtSG85cVJSNGxTZ21SMGw2UFgxZ25LUVBxcVFEQThXM3BNdUtUTnRlenJia2diMU54M2VYaHhNWC1sM09VamxvOXdNSzJaMVgtYW1TQm4xTzFYZ2FXZDdCMzBQc1hCdw?oc=5"" target=""_blank"">Elon Musk at G20: AI will probably increase the global economy by 20 to 30%</a>&nbsp;&nbsp;<font color=""#6f6f6f"">CNBC</font>",https://news.google.com/rss/articles/CBMiwgFBVV95cUxNSHUtcGRfUl8taFJBaUdzLWpTcGdtUmxjd05TOVV6UXlUMk9EdGRMWENWR0tPYklfUVZRcXgzdm00b1NtRWFGbDR6dDlCV05ycXltaTlhQURPQUZmaUNONkNmMTBtSG85cVJSNGxTZ21SMGw2UFgxZ25LUVBxcVFEQThXM3BNdUtUTnRlenJia2diMU54M2VYaHhNWC1sM09VamxvOXdNSzJaMVgtYW1TQm4xTzFYZ2FXZDdCMzBQc1hCdw?oc=5,"Tue, 01 Sep 2026 13:45:00 GMT",global economy,"Elon Musk at G20: AI will probably increase the global economy by 20 to 30% - CNBC <a href=""https://news.google.com/rss/articles/CBMiwgFBVV95cUxNSHUtcGRfUl8taFJBaUdzLWpTcGdtUmxjd05TOVV6UXlUMk9EdGRMWENWR0tPYklfUVZRcXgzdm00b1NtRWFGbDR6dDlCV05ycXltaTlhQURPQUZmaUNONkNmMTBtSG85cVJSNGxTZ21SMGw2UFgxZ25LUVBxcVFEQThXM3BNdUtUTnRlenJia2diMU54M2VYaHhNWC1sM09VamxvOXdNSzJaMVgtYW1TQm4xTzFYZ2FXZDdCMzBQc1hCdw?oc=5"" target=""_blank"">Elon Musk at G20: AI will probably increase the global economy by 20 to 30%</a>&nbsp;&nbsp;<font color=""#6f6f6f"">CNBC</font>",elon musk at g20 ai will probably increase the global economy by 20 to 30 cnbc elon musk at g20 ai will probably increase the global economy by 20 to 30 nbsp nbsp cnbc
Copper’s Rally Stalls as Worries About Global Economy Resurface - Bloomberg.com,"<a href=""https://news.google.com/rss/articles/CBMitAFBVV95cUxQbUFhMnBYa0VsMElrZUkyQmJqV3hpV2JYTk1Lc3FZd3cxVUEwaGJHWGtuVFZ3NlZJeTZvSWlET25EQ3dycS1CUG1uMGdOOGQwMUhNLWwzRGN6TXlhLUMwMlZ6cUVKeVNjV01BbDVGN0RmRHlybDdGRlZjLVI2VkluU3BWVzFBVHdJZG9wWWdmMGdVQndUaHRoQ0pmd25MTThyNGNFdldMTlUtYzhxcE92RlFpSHQ?oc=5"" target=""_blank"">Copper’s Rally Stalls as Worries About Global Economy Resurface</a>&nbsp;&nbsp;<font color=""#6f6f6f"">Bloomberg.com</font>",https://news.google.com/rss/articles/CBMitAFBVV95cUxQbUFhMnBYa0VsMElrZUkyQmJqV3hpV2JYTk1Lc3FZd3cxVUEwaGJHWGtuVFZ3NlZJeTZvSWlET25EQ3dycS1CUG1uMGdOOGQwMUhNLWwzRGN6TXlhLUMwMlZ6cUVKeVNjV01BbDVGN0RmRHlybDdGRlZjLVI2VkluU3BWVzFBVHdJZG9wWWdmMGdVQndUaHRoQ0pmd25MTThyNGNFdldMTlUtYzhxcE92RlFpSHQ?oc=5,"Wed, 02 Sep 2026 02:54:00 GMT",global economy,"Copper’s Rally Stalls as Worries About Global Economy Resurface - Bloomberg.com <a href=""https://news.google.com/rss/articles/CBMitAFBVV95cUxQbUFhMnBYa0VsMElrZUkyQmJqV3hpV2JYTk1Lc3FZd3cxVUEwaGJHWGtuVFZ3NlZJeTZvSWlET25EQ3dycS1CUG1uMGdOOGQwMUhNLWwzRGN6TXlhLUMwMlZ6cUVKeVNjV01BbDVGN0RmRHlybDdGRlZjLVI2VkluU3BWVzFBVHdJZG9wWWdmMGdVQndUaHRoQ0pmd25MTThyNGNFdldMTlUtYzhxcE92RlFpSHQ?oc=5"" target=""_blank"">Copper’s Rally Stalls as Worries About Global Economy Resurface</a>&nbsp;&nbsp;<font color=""#6f6f6f"">Bloomberg.com</font>",copper s rally stalls as worries about global economy resurface bloomberg com copper s rally stalls as worries about global economy resurface nbsp nbsp bloomberg com
"White House hails India’s economic resilience, calls it a fast-growing global power - Firstpost","<a href=""https://news.google.com/rss/articles/CBMiygFBVV95cUxOdFlEV0hzeXJzTGt3Zi1XYW9PeEd1V3ZjVjZfSkRnaTNjMzRIcjVUY2libjlrOWN4VEdrWmpDU3M4cGhHSUtFX3JuSXNjMWc5RXdWV3p4RE9hcmMtQmQ0eGlhTDluU2ZtdDAycVV3WHZzSGt1RFZYM0s4LWRQYnZaT2NhQkYyWmJ3akJXQVdqb0xtZGtYd3ZydGwwTzNFR2UxUEJ4OE5nbUJEU3VENGMwTVVfaDRwYUstQV8zT1MzaS13OUpiVi1uaXNB0gHPAUFVX3lxTE5VNkZRX0tLVFIxNkY3TEpGcDdNbFhhUWNucGFraHh3ZHFYS2ZSRXNjclY1ZjROY1ZvQ3RtQ0VBbGZjZUpfODFRUlQ5Vkh4QVl4WExub0Q1THQ4MXRxNVUyN1k5dE9aUmJrQkFZRGRGM29OVFpSNmFtNE9jTmVMSVZ5LUt6RjFfQTNVUFplbDlTLUFSNG9TczN3aGdLR2EzdTk1RnN4RFN2d0s4Zm9JQUMyV0paekhqQ19sTUFNd21peHFZYU1HWEhyUXpid1hMUQ?oc=5"" target=""_blank"">White House hails India’s economic resilience, calls it a fast-growing global power</a>&nbsp;&nbsp;<font color=""#6f6f6f"">Firstpost</font>",https://news.google.com/rss/articles/CBMiygFBVV95cUxOdFlEV0hzeXJzTGt3Zi1XYW9PeEd1V3ZjVjZfSkRnaTNjMzRIcjVUY2libjlrOWN4VEdrWmpDU3M4cGhHSUtFX3JuSXNjMWc5RXdWV3p4RE9hcmMtQmQ0eGlhTDluU2ZtdDAycVV3WHZzSGt1RFZYM0s4LWRQYnZaT2NhQkYyWmJ3akJXQVdqb0xtZGtYd3ZydGwwTzNFR2UxUEJ4OE5nbUJEU3VENGMwTVVfaDRwYUstQV8zT1MzaS13OUpiVi1uaXNB0gHPAUFVX3lxTE5VNkZRX0tLVFIxNkY3TEpGcDdNbFhhUWNucGFraHh3ZHFYS2ZSRXNjclY1ZjROY1ZvQ3RtQ0VBbGZjZUpfODFRUlQ5Vkh4QVl4WExub0Q1THQ4MXRxNVUyN1k5dE9aUmJrQkFZRGRGM29OVFpSNmFtNE9jTmVMSVZ5LUt6RjFfQTNVUFplbDlTLUFSNG9TczN3aGdLR2EzdTk1RnN4RFN2d0s4Zm9JQUMyV0paekhqQ19sTUFNd21peHFZYU1HWEhyUXpid1hMUQ?oc=5,"Tue, 01 Sep 2026 03:18:16 GMT",global economy,"White House hails India’s economic resilience, calls it a fast-growing global power - Firstpost <a href=""https://news.google.com/rss/articles/CBMiygFBVV95cUxOdFlEV0hzeXJzTGt3Zi1XYW9PeEd1V3ZjVjZfSkRnaTNjMzRIcjVUY2libjlrOWN4VEdrWmpDU3M4cGhHSUtFX3JuSXNjMWc5RXdWV3p4RE9hcmMtQmQ0eGlhTDluU2ZtdDAycVV3WHZzSGt1RFZYM0s4LWRQYnZaT2NhQkYyWmJ3akJXQVdqb0xtZGtYd3ZydGwwTzNFR2UxUEJ4OE5nbUJEU3VENGMwTVVfaDRwYUstQV8zT1MzaS13OUpiVi1uaXNB0gHPAUFVX3lxTE5VNkZRX0tLVFIxNkY3TEpGcDdNbFhhUWNucGFraHh3ZHFYS2ZSRXNjclY1ZjROY1ZvQ3RtQ0VBbGZjZUpfODFRUlQ5Vkh4QVl4WExub0Q1THQ4MXRxNVUyN1k5dE9aUmJrQkFZRGRGM29OVFpSNmFtNE9jTmVMSVZ5LUt6RjFfQTNVUFplbDlTLUFSNG9TczN3aGdLR2EzdTk1RnN4RFN2d0s4Zm9JQUMyV0paekhqQ19sTUFNd21peHFZYU1HWEhyUXpid1hMUQ?oc=5"" target=""_blank"">White House hails India’s economic resilience, calls it a fast-growing global power</a>&nbsp;&nbsp;<font color=""#6f6f6f"">Firstpost</font>",white house hails india s economic resilience calls it a fast growing global power firstpost white house hails india s economic resilience calls it a fast growing global power nbsp nbsp firstpost
World economy faces a new phase of financial repression - The Times,"<a href=""https://news.google.com/rss/articles/CBMiuAFBVV95cUxQcXcydGJwT3h6WmhvVjJfY1ppUDdncWM2aURObzQzSU14NGMyY0lHekZlTUU2V1otQ0FTaWN5eGtvT013RlhnZ3ppQk5zQ05tT3dSOHctRThlZmNQTk9UY2RoTlNtTnFZak02NUpEZms1WnVyNDRqQVZYRDVzaU9BeGNHNU9jdkNMdV9wMkdBYTYyOEx3R18wcllObFV3Wk13TXltekxWM2lkNW1TVWd4UUsxWjBSYlNh?oc=5"" target=""_blank"">World economy faces a new phase of financial repression</a>&nbsp;&nbsp;<font color=""#6f6f6f"">The Times</font>",https://news.google.com/rss/articles/CBMiuAFBVV95cUxQcXcydGJwT3h6WmhvVjJfY1ppUDdncWM2aURObzQzSU14NGMyY0lHekZlTUU2V1otQ0FTaWN5eGtvT013RlhnZ3ppQk5zQ05tT3dSOHctRThlZmNQTk9UY2RoTlNtTnFZak02NUpEZms1WnVyNDRqQVZYRDVzaU9BeGNHNU9jdkNMdV9wMkdBYTYyOEx3R18wcllObFV3Wk13TXltekxWM2lkNW1TVWd4UUsxWjBSYlNh?oc=5,"Tue, 01 Sep 2026 16:30:00 GMT",global economy,"World economy faces a new phase of financial repression - The Times <a href=""https://news.google.com/rss/articles/CBMiuAFBVV95cUxQcXcydGJwT3h6WmhvVjJfY1ppUDdncWM2aURObzQzSU14NGMyY0lHekZlTUU2V1otQ0FTaWN5eGtvT013RlhnZ3ppQk5zQ05tT3dSOHctRThlZmNQTk9UY2RoTlNtTnFZak02NUpEZms1WnVyNDRqQVZYRDVzaU9BeGNHNU9jdkNMdV9wMkdBYTYyOEx3R18wcllObFV3Wk13TXltekxWM2lkNW1TVWd4UUsxWjBSYlNh?oc=5"" target=""_blank"">World economy faces a new phase of financial repression</a>&nbsp;&nbsp;<font color=""#6f6f6f"">The Times</font>",world economy faces a new phase of financial repression the times world economy faces a new phase of financial repression nbsp nbsp the times
Bank of England Governor Warns AI Represents Threat to the Global Economy - Gizmodo,"<a href=""https://news.google.com/rss/articles/CBMipwFBVV95cUxPenl4QzFMcHN1SHA1SVlZNnZ4YnJ5LUFKb21taS01S3ByQTZITzk0cmdtOC1OdF96dzRGdW50bmhZTnBvZnp5WkRxaGZ2Z1NJTUh1Y0w4TTJyMXN1dFFXMGdhbDBob3ozMTdtNmhXNmVEYmV2cU1EeDZXckwwakktdjZJelVyV0dmamhiQVc4Y29aS2NUV2x2VXhRVkdxMy1rYVRsYzdIRQ?oc=5"" target=""_blank"">Bank of England Governor Warns AI Represents Threat to the Global Economy</a>&nbsp;&nbsp;<font color=""#6f6f6f"">Gizmodo</font>",https://news.google.com/rss/articles/CBMipwFBVV95cUxPenl4QzFMcHN1SHA1SVlZNnZ4YnJ5LUFKb21taS01S3ByQTZITzk0cmdtOC1OdF96dzRGdW50bmhZTnBvZnp5WkRxaGZ2Z1NJTUh1Y0w4TTJyMXN1dFFXMGdhbDBob3ozMTdtNmhXNmVEYmV2cU1EeDZXckwwakktdjZJelVyV0dmamhiQVc4Y29aS2NUV2x2VXhRVkdxMy1rYVRsYzdIRQ?oc=5,"Mon, 31 Aug 2026 17:40:01 GMT",global economy,"Bank of England Governor Warns AI Represents Threat to the Global Economy - Gizmodo <a href=""https://news.google.com/rss/articles/CBMipwFBVV95cUxPenl4QzFMcHN1SHA1SVlZNnZ4YnJ5LUFKb21taS01S3ByQTZITzk0cmdtOC1OdF96dzRGdW50bmhZTnBvZnp5WkRxaGZ2Z1NJTUh1Y0w4TTJyMXN1dFFXMGdhbDBob3ozMTdtNmhXNmVEYmV2cU1EeDZXckwwakktdjZJelVyV0dmamhiQVc4Y29aS2NUV2x2VXhRVkdxMy1rYVRsYzdIRQ?oc=5"" target=""_blank"">Bank of England Governor Warns AI Represents Threat to the Global Economy</a>&nbsp;&nbsp;<font color=""#6f6f6f"">Gizmodo</font>",bank of england governor warns ai represents threat to the global economy gizmodo bank of england governor warns ai represents threat to the global economy nbsp nbsp gizmodo
ECB's Nagel: Global Economy On Growth Path Despite Middle East Crisis - Forex Factory,"<a href=""https://news.google.com/rss/articles/CBMilAFBVV95cUxPNmxWcVhzWDVzMUlYNkF1MzdQcFIwS0NuQ1lNWF9kSVg5NWpUQ1dSRlViczFleldGc0NRWWlmeGNZZkxXYnlkWjZaaFhpeHVoTmpiN2Z3YUh6US13TzItVEJram9RZTlOWEZ2T2xrTG0xcXVYUThYOUF6X0Z2eXZWRFMzMWpoTkc0US1RVFdFNlk3Z1BO0gGaAUFVX3lxTFA0cllzSE9maDlnWjZrWHk2b0hQS25fRWtpMk02blJhT25reXhLMWFkc0hRWkw4X3dqVEZ3TXE1Q0g1VkVaaVJqQ1BWUUhJWFo3S0g2UEpCdmJlYVRLVXYyanpHazhnMlpEanoxQk9ZcmhJMld2MGxwWV94N2hnMVFndlVzSkt5MXAxdnpaS3JlQWVIUUp2MkVDLXc?oc=5"" target=""_blank"">ECB's Nagel: Global Economy On Growth Path Despite Middle East Crisis</a>&nbsp;&nbsp;<font color=""#6f6f6f"">Forex Factory</font>",https://news.google.com/rss/articles/CBMilAFBVV95cUxPNmxWcVhzWDVzMUlYNkF1MzdQcFIwS0NuQ1lNWF9kSVg5NWpUQ1dSRlViczFleldGc0NRWWlmeGNZZkxXYnlkWjZaaFhpeHVoTmpiN2Z3YUh6US13TzItVEJram9RZTlOWEZ2T2xrTG0xcXVYUThYOUF6X0Z2eXZWRFMzMWpoTkc0US1RVFdFNlk3Z1BO0gGaAUFVX3lxTFA0cllzSE9maDlnWjZrWHk2b0hQS25fRWtpMk02blJhT25reXhLMWFkc0hRWkw4X3dqVEZ3TXE1Q0g1VkVaaVJqQ1BWUUhJWFo3S0g2UEpCdmJlYVRLVXYyanpHazhnMlpEanoxQk9ZcmhJMld2MGxwWV94N2hnMVFndlVzSkt5MXAxdnpaS3JlQWVIUUp2MkVDLXc?oc=5,"Tue, 01 Sep 2026 14:09:55 GMT",global economy,"ECB's Nagel: Global Economy On Growth Path Despite Middle East Crisis - Forex Factory <a href=""https://news.google.com/rss/articles/CBMilAFBVV95cUxPNmxWcVhzWDVzMUlYNkF1MzdQcFIwS0NuQ1lNWF9kSVg5NWpUQ1dSRlViczFleldGc0NRWWlmeGNZZkxXYnlkWjZaaFhpeHVoTmpiN2Z3YUh6US13TzItVEJram9RZTlOWEZ2T2xrTG0xcXVYUThYOUF6X0Z2eXZWRFMzMWpoTkc0US1RVFdFNlk3Z1BO0gGaAUFVX3lxTFA0cllzSE9maDlnWjZrWHk2b0hQS25fRWtpMk02blJhT25reXhLMWFkc0hRWkw4X3dqVEZ3TXE1Q0g1VkVaaVJqQ1BWUUhJWFo3S0g2UEpCdmJlYVRLVXYyanpHazhnMlpEanoxQk9ZcmhJMld2MGxwWV94N2hnMVFndlVzSkt5MXAxdnpaS3JlQWVIUUp2MkVDLXc?oc=5"" target=""_blank"">ECB's Nagel: Global Economy On Growth Path Despite Middle East Crisis</a>&nbsp;&nbsp;<font color=""#6f6f6f"">Forex Factory</font>",ecb s nagel global economy on growth path despite middle east crisis forex factory ecb s nagel global economy on growth path despite middle east crisis nbsp nbsp forex factory
India can adjust to changes in global economy sans hurting its own growth: FM Nirmala Sitharaman - Investment Guru India,"<a href=""https://news.google.com/rss/articles/CBMi3AFBVV95cUxPMlZXcVFLZEdCVVdoR1ItODZXVElxYmxsSkRnTzg4cUE2dnI3SzF5VjBGQmVFMm5NVml0VHpPM0lhUHpoVDFHc0lkcDdqUElYZy1saXV2N1k1NDQ1TDVoUm0wb0ZxbVdsY0RjNHhZV0NON09Vd0dQcXVrSXlxSTRmT01fa2lLTjRVSHhoODNieXRjcXJrWlVmNjVzcVIwVWJaVkkzNGZ6M1NMWENEVXBDdkNHbnNfVzlHdm5uYjMyeXdVQU5MaVhxQk45dU8teUZZRWZlSHA0cmRNNVg3?oc=5"" target=""_blank"">India can adjust to changes in global economy sans hurting its own growth: FM Nirmala Sitharaman</a>&nbsp;&nbsp;<font color=""#6f6f6f"">Investment Guru India</font>",https://news.google.com/rss/articles/CBMi3AFBVV95cUxPMlZXcVFLZEdCVVdoR1ItODZXVElxYmxsSkRnTzg4cUE2dnI3SzF5VjBGQmVFMm5NVml0VHpPM0lhUHpoVDFHc0lkcDdqUElYZy1saXV2N1k1NDQ1TDVoUm0wb0ZxbVdsY0RjNHhZV0NON09Vd0dQcXVrSXlxSTRmT01fa2lLTjRVSHhoODNieXRjcXJrWlVmNjVzcVIwVWJaVkkzNGZ6M1NMWENEVXBDdkNHbnNfVzlHdm5uYjMyeXdVQU5MaVhxQk45dU8teUZZRWZlSHA0cmRNNVg3?oc=5,"Tue, 01 Sep 2026 05:39:43 GMT",global economy,"India can adjust to changes in global economy sans hurting its own growth: FM Nirmala Sitharaman - Investment Guru India <a href=""https://news.google.com/rss/articles/CBMi3AFBVV95cUxPMlZXcVFLZEdCVVdoR1ItODZXVElxYmxsSkRnTzg4cUE2dnI3SzF5VjBGQmVFMm5NVml0VHpPM0lhUHpoVDFHc0lkcDdqUElYZy1saXV2N1k1NDQ1TDVoUm0wb0ZxbVdsY0RjNHhZV0NON09Vd0dQcXVrSXlxSTRmT01fa2lLTjRVSHhoODNieXRjcXJrWlVmNjVzcVIwVWJaVkkzNGZ6M1NMWENEVXBDdkNHbnNfVzlHdm5uYjMyeXdVQU5MaVhxQk45dU8teUZZRWZlSHA0cmRNNVg3?oc=5"" target=""_blank"">India can adjust to changes in global economy sans hurting its own growth: FM Nirmala Sitharaman</a>&nbsp;&nbsp;<font color=""#6f6f6f"">Investment Guru India</font>",india can adjust to changes in global economy sans hurting its own growth fm nirmala sitharaman investment guru india india can adjust to changes in global economy sans hurting its own growth fm nirmala sitharaman nbsp nbsp investment guru india
"Nirmala Sitharaman, IMF chief discuss India’s growth trajectory, global economic outlook - The Economic Times","<a href=""https://news.google.com/rss/articles/CBMi5AFBVV95cUxOZHZYaXRJZGdzd29vNlBUTkNIajJQeGJwY19LOFIwYi1QVU56bTVoUGFQc2g0ZVlKd2xILWJxV1JGeW9tbFhBTlNWMkhqTHNfRXV3bFBXd21WdVJqNlozUzI0VEZRNkZrODdGdDJCZ0lNT2VSU0pVLVhEcEQyNWtBSGR5c3VLakhud1NLOXRWME1mbHhER3FVSHFkRW9zemxvSjRZTWlwT3haRW1pMDZ5NDJzM0wtY290bnhqbDJ3TXYzVjBXLXNIa3ZnR3NGSjZSRVQ2UHJpbWZTM0c2VnlGbUJkQmbSAeoBQVVfeXFMT1JuTW9SUTRUR0R3V2QxUGh6eTQyRzE1cnJwbFVKWnNQZVlaaVROblMyM2JfNjhKRlV1WUh4YnNlX1RHRXFsU0FSdGNLNk5MQmxJbjZEc1BZMTh6cFI2bHk1UFEzLUhmaXJBWUU5Mkl3aHduanRaSkNSa1ZVSm4wR1JteUpPa0lIaGlNdkZYZHgzVkZ1YXA4UklGV0IweExkeGF4VGZmYWpOSzd2X0F1b0llb0xCRktYTXkyZ0JhVUgyQ2JhQ29vc3AxX1ZUY1JGazh4bktFekZXUVZJaDVpaWMwUkc5WGsyOGRn?oc=5"" target=""_blank"">Nirmala Sitharaman, IMF chief discuss India’s growth trajectory, global economic outlook</a>&nbsp;&nbsp;<font color=""#6f6f6f"">The Economic Times</font>",https://news.google.com/rss/articles/CBMi5AFBVV95cUxOZHZYaXRJZGdzd29vNlBUTkNIajJQeGJwY19LOFIwYi1QVU56bTVoUGFQc2g0ZVlKd2xILWJxV1JGeW9tbFhBTlNWMkhqTHNfRXV3bFBXd21WdVJqNlozUzI0VEZRNkZrODdGdDJCZ0lNT2VSU0pVLVhEcEQyNWtBSGR5c3VLakhud1NLOXRWME1mbHhER3FVSHFkRW9zemxvSjRZTWlwT3haRW1pMDZ5NDJzM0wtY290bnhqbDJ3TXYzVjBXLXNIa3ZnR3NGSjZSRVQ2UHJpbWZTM0c2VnlGbUJkQmbSAeoBQVVfeXFMT1JuTW9SUTRUR0R3V2QxUGh6eTQyRzE1cnJwbFVKWnNQZVlaaVROblMyM2JfNjhKRlV1WUh4YnNlX1RHRXFsU0FSdGNLNk5MQmxJbjZEc1BZMTh6cFI2bHk1UFEzLUhmaXJBWUU5Mkl3aHduanRaSkNSa1ZVSm4wR1JteUpPa0lIaGlNdkZYZHgzVkZ1YXA4UklGV0IweExkeGF4VGZmYWpOSzd2X0F1b0llb0xCRktYTXkyZ0JhVUgyQ2JhQ29vc3AxX1ZUY1JGazh4bktFekZXUVZJaDVpaWMwUkc5WGsyOGRn?oc=5,"Wed, 02 Sep 2026 02:05:39 GMT",global economy,"Nirmala Sitharaman, IMF chief discuss India’s growth trajectory, global economic outlook - The Economic Times <a href=""https://news.google.com/rss/articles/CBMi5AFBVV95cUxOZHZYaXRJZGdzd29vNlBUTkNIajJQeGJwY19LOFIwYi1QVU56bTVoUGFQc2g0ZVlKd2xILWJxV1JGeW9tbFhBTlNWMkhqTHNfRXV3bFBXd21WdVJqNlozUzI0VEZRNkZrODdGdDJCZ0lNT2VSU0pVLVhEcEQyNWtBSGR5c3VLakhud1NLOXRWME1mbHhER3FVSHFkRW9zemxvSjRZTWlwT3haRW1pMDZ5NDJzM0wtY290bnhqbDJ3TXYzVjBXLXNIa3ZnR3NGSjZSRVQ2UHJpbWZTM0c2VnlGbUJkQmbSAeoBQVVfeXFMT1JuTW9SUTRUR0R3V2QxUGh6eTQyRzE1cnJwbFVKWnNQZVlaaVROblMyM2JfNjhKRlV1WUh4YnNlX1RHRXFsU0FSdGNLNk5MQmxJbjZEc1BZMTh6cFI2bHk1UFEzLUhmaXJBWUU5Mkl3aHduanRaSkNSa1ZVSm4wR1JteUpPa0lIaGlNdkZYZHgzVkZ1YXA4UklGV0IweExkeGF4VGZmYWpOSzd2X0F1b0llb0xCRktYTXkyZ0JhVUgyQ2JhQ29vc3AxX1ZUY1JGazh4bktFekZXUVZJaDVpaWMwUkc5WGsyOGRn?oc=5"" target=""_blank"">Nirmala Sitharaman, IMF chief discuss India’s growth trajectory, global economic outlook</a>&nbsp;&nbsp;<font color=""#6f6f6f"">The Economic Times</font>",nirmala sitharaman imf chief discuss india s growth trajectory global economic outlook the economic times nirmala sitharaman imf chief discuss india s growth trajectory global economic outlook nbsp nbsp the economic times
Watch Musk Says AI May Grow Global Economy by 20%-30% - Bloomberg.com,"<a href=""https://news.google.com/rss/articles/CBMiqwFBVV95cUxOMDNTalB4X1VNaGdpU1hwbzdEb29DSXhqNTZDaEpnYl9FUkNWb1hJQjVtUzJSNm9yUUpIeXJNbTFqVXlHc2FDS2xaQ2NSdDNsUXUzWExoRnp3bHZEM0NSVzZ6QmFvQ1E2ZHVmMFY0UUxtaUtQNUVVcDVSbWVoaUVwUlBaWnVab08wckhhbXVfYk4ycTBIeEczVkxwS1FpVmxlb2laZUNYYzU2TG8?oc=5"" target=""_blank"">Watch Musk Says AI May Grow Global Economy by 20%-30%</a>&nbsp;&nbsp;<font color=""#6f6f6f"">Bloomberg.com</font>",https://news.google.com/rss/articles/CBMiqwFBVV95cUxOMDNTalB4X1VNaGdpU1hwbzdEb29DSXhqNTZDaEpnYl9FUkNWb1hJQjVtUzJSNm9yUUpIeXJNbTFqVXlHc2FDS2xaQ2NSdDNsUXUzWExoRnp3bHZEM0NSVzZ6QmFvQ1E2ZHVmMFY0UUxtaUtQNUVVcDVSbWVoaUVwUlBaWnVab08wckhhbXVfYk4ycTBIeEczVkxwS1FpVmxlb2laZUNYYzU2TG8?oc=5,"Tue, 01 Sep 2026 00:00:00 GMT",global economy,"Watch Musk Says AI May Grow Global Economy by 20%-30% - Bloomberg.com <a href=""https://news.google.com/rss/articles/CBMiqwFBVV95cUxOMDNTalB4X1VNaGdpU1hwbzdEb29DSXhqNTZDaEpnYl9FUkNWb1hJQjVtUzJSNm9yUUpIeXJNbTFqVXlHc2FDS2xaQ2NSdDNsUXUzWExoRnp3bHZEM0NSVzZ6QmFvQ1E2ZHVmMFY0UUxtaUtQNUVVcDVSbWVoaUVwUlBaWnVab08wckhhbXVfYk4ycTBIeEczVkxwS1FpVmxlb2laZUNYYzU2TG8?oc=5"" target=""_blank"">Watch Musk Says AI May Grow Global Economy by 20%-30%</a>&nbsp;&nbsp;<font color=""#6f6f6f"">Bloomberg.com</font>",watch musk says ai may grow global economy by 20 30 bloomberg com watch musk says ai may grow global economy by 20 30 nbsp nbsp bloomberg com
The Strongest El Niño in a Generation Is Wreaking Havoc on Global Economy - WSJ,"<a href=""https://news.google.com/rss/articles/CBMiuAFBVV95cUxPZC01WkRlU3ZuYTVlR2NsRXV6NVdJNFdVNUFKUVljNU9nV2FUdVZBT3ZvMVBiekpIaVRKWlI4Tk5SLUpFZnVSdS12b2ZXdDFTLWoxcFl3OEdsenNtZ01LVTFjanVyTm5EZThKV3NKOWZta01kdEZsTUZseUZpYTA4QllWMERXQ1RLdDZXR1VVMHJzTFhtSmlhclRPd2x1TjlxMkoxY0JhYTJBZnA3WC1GdXcxN1BEZnNQ?oc=5"" target=""_blank"">The Strongest El Niño in a Generation Is Wreaking Havoc on Global Economy</a>&nbsp;&nbsp;<font color=""#6f6f6f"">WSJ</font>",https://news.google.com/rss/articles/CBMiuAFBVV95cUxPZC01WkRlU3ZuYTVlR2NsRXV6NVdJNFdVNUFKUVljNU9nV2FUdVZBT3ZvMVBiekpIaVRKWlI4Tk5SLUpFZnVSdS12b2ZXdDFTLWoxcFl3OEdsenNtZ01LVTFjanVyTm5EZThKV3NKOWZta01kdEZsTUZseUZpYTA4QllWMERXQ1RLdDZXR1VVMHJzTFhtSmlhclRPd2x1TjlxMkoxY0JhYTJBZnA3WC1GdXcxN1BEZnNQ?oc=5,"Sat, 29 Aug 2026 09:30:00 GMT",global economy,"The Strongest El Niño in a Generation Is Wreaking Havoc on Global Economy - WSJ <a href=""https://news.google.com/rss/articles/CBMiuAFBVV95cUxPZC01WkRlU3ZuYTVlR2NsRXV6NVdJNFdVNUFKUVljNU9nV2FUdVZBT3ZvMVBiekpIaVRKWlI4Tk5SLUpFZnVSdS12b2ZXdDFTLWoxcFl3OEdsenNtZ01LVTFjanVyTm5EZThKV3NKOWZta01kdEZsTUZseUZpYTA4QllWMERXQ1RLdDZXR1VVMHJzTFhtSmlhclRPd2x1TjlxMkoxY0JhYTJBZnA3WC1GdXcxN1BEZnNQ?oc=5"" target=""_blank"">The Strongest El Niño in a Generation Is Wreaking Havoc on Global Economy</a>&nbsp;&nbsp;<font color=""#6f6f6f"">WSJ</font>",the strongest el ni o in a generation is wreaking havoc on global economy wsj the strongest el ni o in a generation is wreaking havoc on global economy nbsp nbsp wsj
"AI could cause global economic downturn, Bank of England governor tells G20 - The Guardian","<a href=""https://news.google.com/rss/articles/CBMiqwFBVV95cUxPa2hKaTJDZm5XdTdydXNLTnh3VVNOZEszVWNST2hOcXVOcXlqQ0hnLXZkSllVZWlhMnpfbFZGVm1IUGstbDQ3VWJLMGV4bnV6M3Z2UDhCc1N4Uy0ya0JGSVhFQzh1TnU5MURDVl8zd1VWZHJkY3N6QzBYd0lkYTJvd1hZclF2ZmFPUW9BSlhQWXZsUm16S0VvS055NVFJNEo1Y1I3cFliUUoySzQ?oc=5"" target=""_blank"">AI could cause global economic downturn, Bank of England governor tells G20</a>&nbsp;&nbsp;<font color=""#6f6f6f"">The Guardian</font>",https://news.google.com/rss/articles/CBMiqwFBVV95cUxPa2hKaTJDZm5XdTdydXNLTnh3VVNOZEszVWNST2hOcXVOcXlqQ0hnLXZkSllVZWlhMnpfbFZGVm1IUGstbDQ3VWJLMGV4bnV6M3Z2UDhCc1N4Uy0ya0JGSVhFQzh1TnU5MURDVl8zd1VWZHJkY3N6QzBYd0lkYTJvd1hZclF2ZmFPUW9BSlhQWXZsUm16S0VvS055NVFJNEo1Y1I3cFliUUoySzQ?oc=5,"Mon, 31 Aug 2026 06:00:00 GMT",global economy,"AI could cause global economic downturn, Bank of England governor tells G20 - The Guardian <a href=""https://news.google.com/rss/articles/CBMiqwFBVV95cUxPa2hKaTJDZm5XdTdydXNLTnh3VVNOZEszVWNST2hOcXVOcXlqQ0hnLXZkSllVZWlhMnpfbFZGVm1IUGstbDQ3VWJLMGV4bnV6M3Z2UDhCc1N4Uy0ya0JGSVhFQzh1TnU5MURDVl8zd1VWZHJkY3N6QzBYd0lkYTJvd1hZclF2ZmFPUW9BSlhQWXZsUm16S0VvS055NVFJNEo1Y1I3cFliUUoySzQ?oc=5"" target=""_blank"">AI could cause global economic downturn, Bank of England governor tells G20</a>&nbsp;&nbsp;<font color=""#6f6f6f"">The Guardian</font>",ai could cause global economic downturn bank of england governor tells g20 the guardian ai could cause global economic downturn bank of england governor tells g20 nbsp nbsp the guardian
India can adapt to Global Economic Changes without derailing growth: Nirmala Sitharaman - News On AIR,"<a href=""https://news.google.com/rss/articles/CBMisgFBVV95cUxNZ0k4MDlnMWZTcGZvS2NIMlRqLUs4ZUVlXzFZb3V0aTRSQzZTbk9NbnQzeUJVQTU1VzhGNl9qeTMtQ05pUFVNSHFaRENyMlpmZko4eHM1UjV5b2Jab3A0SVFFYlMyQzlEQzRiWEEycDVTY1hZa0NWZi11ZnAtbXhnNktVR18wR1hjX0dqODZDMG9RdkwxVEFwblRpcTFEelpsbGtKeGc3LWVlLTF5bzdfLWZ3?oc=5"" target=""_blank"">India can adapt to Global Economic Changes without derailing growth: Nirmala Sitharaman</a>&nbsp;&nbsp;<font color=""#6f6f6f"">News On AIR</font>",https://news.google.com/rss/articles/CBMisgFBVV95cUxNZ0k4MDlnMWZTcGZvS2NIMlRqLUs4ZUVlXzFZb3V0aTRSQzZTbk9NbnQzeUJVQTU1VzhGNl9qeTMtQ05pUFVNSHFaRENyMlpmZko4eHM1UjV5b2Jab3A0SVFFYlMyQzlEQzRiWEEycDVTY1hZa0NWZi11ZnAtbXhnNktVR18wR1hjX0dqODZDMG9RdkwxVEFwblRpcTFEelpsbGtKeGc3LWVlLTF5bzdfLWZ3?oc=5,"Tue, 01 Sep 2026 07:58:01 GMT",global economy,"India can adapt to Global Economic Changes without derailing growth: Nirmala Sitharaman - News On AIR <a href=""https://news.google.com/rss/articles/CBMisgFBVV95cUxNZ0k4MDlnMWZTcGZvS2NIMlRqLUs4ZUVlXzFZb3V0aTRSQzZTbk9NbnQzeUJVQTU1VzhGNl9qeTMtQ05pUFVNSHFaRENyMlpmZko4eHM1UjV5b2Jab3A0SVFFYlMyQzlEQzRiWEEycDVTY1hZa0NWZi11ZnAtbXhnNktVR18wR1hjX0dqODZDMG9RdkwxVEFwblRpcTFEelpsbGtKeGc3LWVlLTF5bzdfLWZ3?oc=5"" target=""_blank"">India can adapt to Global Economic Changes without derailing growth: Nirmala Sitharaman</a>&nbsp;&nbsp;<font color=""#6f6f6f"">News On AIR</font>",india can adapt to global economic changes without derailing growth nirmala sitharaman news on air india can adapt to global economic changes without derailing growth nirmala sitharaman nbsp nbsp news on air
"FM Sitharaman, IMF chief Georgieva discuss global outlook, India’s growth trajectory - Fortune India","<a href=""https://news.google.com/rss/articles/CBMiwwFBVV95cUxPS3NBN1dob1hOb19kal9TTDdaa09DQ003bmo3a1M0dF8zcHhibWRSb3BXdzhWZFQzYk0tU09EbTBKTXhseFIwN2R2MXg1cWM3ZjlScTRESFM2Tm9fNE1sNFZ3SFp1QW4tRV81U3AzVzlFcWdZSDNnZzgzNGVEY0ZNOGo3SXgyMEQ2VkRtVlJGLWFnVTdSa2ZXSjhib1pibkI0X0xDaTNvaTlkSUstSlc3WjRXbFlFNGtXQ0xDQlVMWFVLd3fSAdABQVVfeXFMUFJ2MTluX010a2p6OVVwZGJrV0VHUTNFVEZQM1FpQWJUZ2x0amlNVVQwcmYzUGs0TUxJQU10TklOM0hfck85alpXbG15RE9qLUgxRjYteTYxZFhVLTd1bzFxYWtPUGUxN2VLWXVITzVaelg3WURlbnpMaDNNS0ZON19MX3hIRlFtT0xHQ2dlQjFBOUlTRUtQN2pOZ2FoV2hhbGhEY0hFbHloLU1fSkVuS1NGUXljR2V3Y2dldk9lblNIand0b3JadEVSWjMzZ0l3aA?oc=5"" target=""_blank"">FM Sitharaman, IMF chief Georgieva discuss global outlook, India’s growth trajectory</a>&nbsp;&nbsp;<font color=""#6f6f6f"">Fortune India</font>",https://news.google.com/rss/articles/CBMiwwFBVV95cUxPS3NBN1dob1hOb19kal9TTDdaa09DQ003bmo3a1M0dF8zcHhibWRSb3BXdzhWZFQzYk0tU09EbTBKTXhseFIwN2R2MXg1cWM3ZjlScTRESFM2Tm9fNE1sNFZ3SFp1QW4tRV81U3AzVzlFcWdZSDNnZzgzNGVEY0ZNOGo3SXgyMEQ2VkRtVlJGLWFnVTdSa2ZXSjhib1pibkI0X0xDaTNvaTlkSUstSlc3WjRXbFlFNGtXQ0xDQlVMWFVLd3fSAdABQVVfeXFMUFJ2MTluX010a2p6OVVwZGJrV0VHUTNFVEZQM1FpQWJUZ2x0amlNVVQwcmYzUGs0TUxJQU10TklOM0hfck85alpXbG15RE9qLUgxRjYteTYxZFhVLTd1bzFxYWtPUGUxN2VLWXVITzVaelg3WURlbnpMaDNNS0ZON19MX3hIRlFtT0xHQ2dlQjFBOUlTRUtQN2pOZ2FoV2hhbGhEY0hFbHloLU1fSkVuS1NGUXljR2V3Y2dldk9lblNIand0b3JadEVSWjMzZ0l3aA?oc=5,"Wed, 02 Sep 2026 04:35:13 GMT",global economy,"FM Sitharaman, IMF chief Georgieva discuss global outlook, India’s growth trajectory - Fortune India <a href=""https://news.google.com/rss/articles/CBMiwwFBVV95cUxPS3NBN1dob1hOb19kal9TTDdaa09DQ003bmo3a1M0dF8zcHhibWRSb3BXdzhWZFQzYk0tU09EbTBKTXhseFIwN2R2MXg1cWM3ZjlScTRESFM2Tm9fNE1sNFZ3SFp1QW4tRV81U3AzVzlFcWdZSDNnZzgzNGVEY0ZNOGo3SXgyMEQ2VkRtVlJGLWFnVTdSa2ZXSjhib1pibkI0X0xDaTNvaTlkSUstSlc3WjRXbFlFNGtXQ0xDQlVMWFVLd3fSAdABQVVfeXFMUFJ2MTluX010a2p6OVVwZGJrV0VHUTNFVEZQM1FpQWJUZ2x0amlNVVQwcmYzUGs0TUxJQU10TklOM0hfck85alpXbG15RE9qLUgxRjYteTYxZFhVLTd1bzFxYWtPUGUxN2VLWXVITzVaelg3WURlbnpMaDNNS0ZON19MX3hIRlFtT0xHQ2dlQjFBOUlTRUtQN2pOZ2FoV2hhbGhEY0hFbHloLU1fSkVuS1NGUXljR2V3Y2dldk9lblNIand0b3JadEVSWjMzZ0l3aA?oc=5"" target=""_blank"">FM Sitharaman, IMF chief Georgieva discuss global outlook, India’s growth trajectory</a>&nbsp;&nbsp;<font color=""#6f6f6f"">Fortune India</font>",fm sitharaman imf chief georgieva discuss global outlook india s growth trajectory fortune india fm sitharaman imf chief georgieva discuss global outlook india s growth trajectory nbsp nbsp fortune india
How to future-proof the global economy - worldfinance.com,"<a href=""https://news.google.com/rss/articles/CBMihwFBVV95cUxOMzdabDR3QVVvQkJBN2dRTWVwV2c3UVJpcTRyRFpnNDV3Tl9sSkx1UFBFSnhxZUZVMFJHQU16VDZSM0dRbGpFRTRNRVJpZG4zRE5Gb1YzaGYycEM3WDdRSUJwTkRicERuTlV4bzBFSmR4bWlGT3JPRmZZTVlsdnU1VGF3MFpwalk?oc=5"" target=""_blank"">How to future-proof the global economy</a>&nbsp;&nbsp;<font color=""#6f6f6f"">worldfinance.com</font>",https://news.google.com/rss/articles/CBMihwFBVV95cUxOMzdabDR3QVVvQkJBN2dRTWVwV2c3UVJpcTRyRFpnNDV3Tl9sSkx1UFBFSnhxZUZVMFJHQU16VDZSM0dRbGpFRTRNRVJpZG4zRE5Gb1YzaGYycEM3WDdRSUJwTkRicERuTlV4bzBFSmR4bWlGT3JPRmZZTVlsdnU1VGF3MFpwalk?oc=5,"Tue, 01 Sep 2026 08:47:11 GMT",global economy,"How to future-proof the global economy - worldfinance.com <a href=""https://news.google.com/rss/articles/CBMihwFBVV95cUxOMzdabDR3QVVvQkJBN2dRTWVwV2c3UVJpcTRyRFpnNDV3Tl9sSkx1UFBFSnhxZUZVMFJHQU16VDZSM0dRbGpFRTRNRVJpZG4zRE5Gb1YzaGYycEM3WDdRSUJwTkRicERuTlV4bzBFSmR4bWlGT3JPRmZZTVlsdnU1VGF3MFpwalk?oc=5"" target=""_blank"">How to future-proof the global economy</a>&nbsp;&nbsp;<font color=""#6f6f6f"">worldfinance.com</font>",how to future proof the global economy worldfinance com how to future proof the global economy nbsp nbsp worldfinance com
China's Vice Finance Minister Liao Min Tells G20: '15th Five-Year Plan' Domestic Demand Expansion Will Inject New Momentum into Global Economy - finance.biggo.com,"<a href=""https://news.google.com/rss/articles/CBMidkFVX3lxTE9ONjZlMU5oYlRpNGFIa0laZ0JSa1ZYSFRnVmlmMGdsNktrb1oxQlUtQ291eEFkQ2I0S0xJR1JycFFFQ2Y2NC1YU2J3VlRIYzFBTGZuZW5OUnpXOTRSQzFEcElkek9VSlVLSk91cjkxbEtyUmlHNVE?oc=5"" target=""_blank"">China's Vice Finance Minister Liao Min Tells G20: '15th Five-Year Plan' Domestic Demand Expansion Will Inject New Momentum into Global Economy</a>&nbsp;&nbsp;<font color=""#6f6f6f"">finance.biggo.com</font>",https://news.google.com/rss/articles/CBMidkFVX3lxTE9ONjZlMU5oYlRpNGFIa0laZ0JSa1ZYSFRnVmlmMGdsNktrb1oxQlUtQ291eEFkQ2I0S0xJR1JycFFFQ2Y2NC1YU2J3VlRIYzFBTGZuZW5OUnpXOTRSQzFEcElkek9VSlVLSk91cjkxbEtyUmlHNVE?oc=5,"Wed, 02 Sep 2026 03:06:00 GMT",global economy,"China's Vice Finance Minister Liao Min Tells G20: '15th Five-Year Plan' Domestic Demand Expansion Will Inject New Momentum into Global Economy - finance.biggo.com <a href=""https://news.google.com/rss/articles/CBMidkFVX3lxTE9ONjZlMU5oYlRpNGFIa0laZ0JSa1ZYSFRnVmlmMGdsNktrb1oxQlUtQ291eEFkQ2I0S0xJR1JycFFFQ2Y2NC1YU2J3VlRIYzFBTGZuZW5OUnpXOTRSQzFEcElkek9VSlVLSk91cjkxbEtyUmlHNVE?oc=5"" target=""_blank"">China's Vice Finance Minister Liao Min Tells G20: '15th Five-Year Plan' Domestic Demand Expansion Will Inject New Momentum into Global Economy</a>&nbsp;&nbsp;<font color=""#6f6f6f"">finance.biggo.com</font>",china s vice finance minister liao min tells g20 15th five year plan domestic demand expansion will inject new momentum into global economy finance biggo com china s vice finance minister liao min tells g20 15th five year plan domestic demand expansion will inject new momentum into global economy nbsp nbsp finance biggo com
"ECBs Nagel: Despite the middle east, the global economy remains in a growth trajectory - investingLive","<a href=""https://news.google.com/rss/articles/CBMiwwFBVV95cUxOVEdESWhjaXZkVkhoRFRGN0MxaWRIZ1pkV01aSkRxdzNrRlRtemdpdU13RTF6QWRCZ1djVlZINkJxcVlNTG5WazJLaVA0cVJjTWlWTTZHdWVlOUlaRm1MNG1vaVRTSjdKbnBTcVdRdkNac0ZGNnNHLXh1NWFGSXJhTmlZY2twdnpyZU9mXzhBdzJLWXZ4alBPT1kwRVlKcmJuaHBlZ2xEblBRYUxnbU83QXdlcmh2ejNNSlBlSmlfYkktN2M?oc=5"" target=""_blank"">ECBs Nagel: Despite the middle east, the global economy remains in a growth trajectory</a>&nbsp;&nbsp;<font color=""#6f6f6f"">investingLive</font>",https://news.google.com/rss/articles/CBMiwwFBVV95cUxOVEdESWhjaXZkVkhoRFRGN0MxaWRIZ1pkV01aSkRxdzNrRlRtemdpdU13RTF6QWRCZ1djVlZINkJxcVlNTG5WazJLaVA0cVJjTWlWTTZHdWVlOUlaRm1MNG1vaVRTSjdKbnBTcVdRdkNac0ZGNnNHLXh1NWFGSXJhTmlZY2twdnpyZU9mXzhBdzJLWXZ4alBPT1kwRVlKcmJuaHBlZ2xEblBRYUxnbU83QXdlcmh2ejNNSlBlSmlfYkktN2M?oc=5,"Tue, 01 Sep 2026 13:27:40 GMT",global economy,"ECBs Nagel: Despite the middle east, the global economy remains in a growth trajectory - investingLive <a href=""https://news.google.com/rss/articles/CBMiwwFBVV95cUxOVEdESWhjaXZkVkhoRFRGN0MxaWRIZ1pkV01aSkRxdzNrRlRtemdpdU13RTF6QWRCZ1djVlZINkJxcVlNTG5WazJLaVA0cVJjTWlWTTZHdWVlOUlaRm1MNG1vaVRTSjdKbnBTcVdRdkNac0ZGNnNHLXh1NWFGSXJhTmlZY2twdnpyZU9mXzhBdzJLWXZ4alBPT1kwRVlKcmJuaHBlZ2xEblBRYUxnbU83QXdlcmh2ejNNSlBlSmlfYkktN2M?oc=5"" target=""_blank"">ECBs Nagel: Despite the middle east, the global economy remains in a growth trajectory</a>&nbsp;&nbsp;<font color=""#6f6f6f"">investingLive</font>",ecbs nagel despite the middle east the global economy remains in a growth trajectory investinglive ecbs nagel despite the middle east the global economy remains in a growth trajectory nbsp nbsp investinglive
